Date,AI 5 日,固定 5 日基準,AI 20 日,固定 20 日基準,AI 60 日,固定 60 日基準,Buy & Hold
2020-01-03,1000000.0,1000000.0,1000000.0,1000000.0,1000000.0,1000000.0,1000000.0
2020-01-06,985804.9428123278,985804.9428123278,985804.9428123278,985804.9428123278,985804.9428123278,985804.9428123278,985804.9428123278
2020-01-07,979710.1606058793,979710.1606058793,979710.1606058793,979710.1606058793,979710.1606058793,979710.1606058793,979710.1606058793
2020-01-08,967013.2373021997,967013.2373021997,967013.2373021997,967013.2373021997,967013.2373021997,967013.2373021997,967013.2373021997
2020-01-09,978186.9340659394,978186.9340659394,978186.9340659394,978186.9340659394,978186.9340659394,978186.9340659394,978186.9340659394
2020-01-10,990376.0615557415,990376.0615557415,990376.0615557415,990376.0615557415,990376.0615557415,990376.0615557415,990376.0615557415
2020-01-13,988890.4974634078,988890.4974634078,993931.1300407563,993931.1300407563,993931.1300407563,993931.1300407563,993931.1300407563
2020-01-14,993968.4764858367,993968.4764858367,1000533.5453348879,1000533.5453348879,1000533.5453348879,1000533.5453348879,1000533.5453348879
2020-01-15,995986.859226926,995986.859226926,1002565.2593052591,1002565.2593052591,1002565.2593052591,1002565.2593052591,1002565.2593052591
2020-01-16,980345.7886670035,980345.7886670035,986820.8809367612,986820.8809367612,986820.8809367612,986820.8809367612,986820.8809367612
2020-01-17,985895.8214784424,985895.8214784424,992407.5711959801,992407.5711959801,992407.5711959801,992407.5711959801,992407.5711959801
2020-01-20,984382.2054291348,984382.2054291348,990883.9578541929,990883.9578541929,990883.9578541929,990883.9578541929,990883.9578541929
2020-01-30,982905.6321209911,982905.6321209911,964981.6763606208,964981.6763606208,964981.6763606208,964981.6763606208,964981.6763606208
2020-01-31,982905.6321209911,966923.6436174277,950715.0670324296,950715.0670324296,950715.0670324296,950715.0670324296,950715.0670324296
2020-02-03,982905.6321209911,943990.440043053,928166.2935926663,928166.2935926663,928166.2935926663,928166.2935926663,928166.2935926663
2020-02-04,982905.6321209911,1034122.8660194768,1016787.8263989065,1016787.8263989065,1016787.8263989065,1016787.8263989065,1016787.8263989065
2020-02-05,982905.6321209911,970656.9265171143,954385.7687736221,954385.7687736221,954385.7687736221,954385.7687736221,954385.7687736221
2020-02-06,982905.6321209911,977590.2375529765,961202.8564617006,961202.8564617006,961202.8564617006,961202.8564617006,961202.8564617006
2020-02-07,982905.6321209911,976123.852196647,961202.8016146051,961202.8016146051,961202.8016146051,961202.8016146051,961202.8016146051
2020-02-10,982905.6321209911,957114.8946432779,943898.1420258018,943898.1420258018,943898.1420258018,943898.1420258018,943898.1420258018
2020-02-11,996154.9335519283,971471.5687414112,958056.5655157514,958056.5655157514,958056.5655157514,958056.5655157514,958056.5655157514
2020-02-12,1003242.9844257648,978383.9873520108,956619.4806674777,956619.4806674777,964873.5308769281,964873.5308769281,964873.5308769281
2020-02-13,1014147.9353259281,989018.7283960128,965569.2940983049,965569.2940983049,975361.4173036672,975361.4173036672,975361.4173036672
2020-02-14,1011966.8271202197,986891.6650860524,963492.6630298197,963492.6630298197,973263.7265065856,973263.7265065856,973263.7265065856
2020-02-17,1006514.4874565705,985411.3275884233,958301.4955710782,958301.4955710782,968019.9138864388,968019.9138864388,968019.9138864388
2020-02-18,1005004.7157253856,974341.2604762921,948957.2830770984,948957.2830770984,958580.938975554,958580.938975554,958580.938975554
2020-02-19,1005004.7157253856,971676.2355571336,946361.6885875649,946361.6885875649,955959.0217961959,955959.0217961959,955959.0217961959
2020-02-20,1016710.7251684822,984468.5353971482,958820.7176699971,958820.7176699971,968544.4015699147,968544.4015699147,968544.4015699147
2020-02-21,1009003.9398935878,977006.1496620727,951552.7453694411,951552.7453694411,961202.7226170705,961202.7226170705,961202.7226170705
2020-02-24,993591.119544575,962082.1046021392,937017.5082537804,937017.5082537804,946520.0793716523,946520.0793716523,946520.0793716523
2020-02-25,985333.8866666266,960638.981445236,929230.4300239419,929230.4300239419,938654.0300830794,938654.0300830794,938654.0300830794
2020-02-26,981480.6379772344,955449.1310056236,925596.5796255292,925596.5796255292,934983.3277352224,934983.3277352224,934983.3277352224
2020-02-27,980008.4170202686,957592.5926397429,927673.0698254955,927673.0698254955,937080.8762351958,937080.8762351958,937080.8762351958
2020-03-02,980008.4170202686,937765.5687540082,908465.5318234732,908465.5318234732,917678.5489210681,917678.5489210681,917678.5489210681
2020-03-03,980008.4170202686,952234.1106548968,922482.0110488358,922482.0110488358,931837.1733993081,931837.1733993081,931837.1733993081
2020-03-04,980008.4170202686,951698.0309167517,921962.6808658554,921962.6808658554,931312.5765356584,931312.5765356584,931312.5765356584
2020-03-05,989560.4311087999,950270.4838703766,932345.3541387892,932345.3541387892,941800.5435627651,941800.5435627651,941800.5435627651
2020-03-06,987907.466541033,947262.2559586499,930787.9617988523,930787.9617988523,940227.3572474347,940227.3572474347,940227.3572474347
2020-03-09,956501.4566290334,917148.3750462369,901197.8058942959,901197.8058942959,910337.1188381276,910337.1188381276,910337.1188381276
2020-03-10,936666.2490579634,898129.2420732202,882509.4438237308,882509.4438237308,891459.2325718161,891459.2325718161,891459.2325718161
2020-03-11,952644.4136049623,913450.0213035491,897563.7720029278,897563.7720029278,906666.2311364589,906666.2311364589,906666.2311364589
2020-03-12,951215.4469845549,892846.1029523758,877318.1863200589,877318.1863200589,886215.3289935668,886215.3289935668,886215.3289935668
2020-03-13,876730.1701452094,891506.8337979472,876002.2090405788,876002.2090405788,818045.1402622336,818045.1402622336,818045.1402622336
2020-03-16,899210.3180358354,912996.3740365754,897118.0143340818,897118.0143340818,839020.5513528055,839020.5513528055,839020.5513528055
2020-03-17,835141.6664513173,847945.4672433255,833198.4391938482,833198.4391938482,779240.4150502203,779240.4150502203,779240.4150502203
2020-03-18,842447.5322479164,855363.3414021351,840487.3055302053,840487.3055302053,786057.2535871286,786057.2535871286,786057.2535871286
2020-03-19,798049.1202681835,810284.244401757,796192.2008189432,796192.2008189432,744630.7048128741,744630.7048128741,744630.7048128741
2020-03-20,796852.0465877813,810284.2458729115,796192.2022645123,796192.2022645123,744630.7061648278,744630.7061648278,744630.7061648278
2020-03-23,795658.6071116073,809068.8195041021,796192.250658899,796192.250658899,744630.7514251886,744630.7514251886,744630.7514251886
2020-03-24,827596.8018971354,840284.8806183642,828151.8662037919,828151.8662037919,774520.65869163,774520.65869163,774520.65869163
2020-03-25,860656.0816125417,873850.9998267876,861233.3185836305,861233.3185836305,805459.7525140706,805459.7525140706,805459.7525140706
2020-03-26,867379.8112409582,880677.8125152523,867961.5577779561,867961.5577779561,811752.2701853905,811752.2701853905,811752.2701853905
2020-03-27,877465.5038458608,890918.1312151757,878054.0147975592,878054.0147975592,821191.1385592214,821191.1385592214,821191.1385592214
2020-03-30,876149.3055900921,849956.4953812647,837683.8308979631,837683.8308979631,783435.332285734,783435.332285734,783435.332285734
2020-03-31,899430.9062629265,848681.5606381928,861233.21728701,861233.21728701,805459.6577774307,805459.6577774307,805459.6577774307
2020-04-01,895917.5700651138,844100.3098953359,857869.0880181758,857869.0880181758,802313.3898964379,802313.3898964379,802313.3898964379
2020-04-06,901187.6991362247,849065.6300662416,862915.4013968088,862915.4013968088,807032.9034560696,807032.9034560696,807032.9034560696
2020-04-07,919340.2219472345,866168.2638822544,880297.0096043344,880297.0096043344,823288.8767713549,823288.8767713549,823288.8767713549
2020-04-08,919340.2646116744,866168.3040791074,880297.0504568696,880297.0504568696,823288.9149782754,823288.9149782754,823288.9149782754
2020-04-09,917961.2542147569,881064.2014155147,895435.9263859409,895435.9263859409,837447.3956083846,837447.3956083846,837447.3956083846
2020-04-10,906829.2814742923,879742.6051133914,885903.9804496721,885903.9804496721,828532.7395574192,828532.7395574192,828532.7395574192
2020-04-13,906829.2700257784,878424.9565719827,885903.9692653354,885903.9692653354,827289.9404480831,827289.9404480831,828532.7290973814
2020-04-14,907403.3132927183,878981.0192714339,886464.7663475662,886464.7663475662,826573.7728761211,826573.7728761211,829057.2088978228
2020-04-15,932656.9157854612,903443.6115213988,885135.0691980448,885135.0691980448,849577.8386375679,849577.8386375679,852130.3902390669
2020-04-16,920604.0061459403,891768.2311861773,872387.7122051958,872387.7122051958,838598.5763305767,838598.5763305767,841118.14080328
2020-04-17,919223.1001367214,922902.0499208678,902844.9094323725,902844.9094323725,867876.111853363,867876.111853363,870483.6405087321
2020-04-20,920611.1744933897,921517.6968459865,905564.5642529995,905564.5642529995,870490.4295801949,870490.4295801949,873105.812937743
2020-04-21,913976.1224437294,913505.8525068284,899037.9565117313,899037.9565117313,864216.6090259592,864216.6090259592,866813.1427266838
2020-04-22,884671.3665528974,884216.1748498421,870212.1620459784,870212.1620459784,836507.2891187888,836507.2891187888,839020.5703314084
2020-04-23,897388.5067943926,896926.7717160871,882721.451396796,882721.451396796,848532.0713271328,848532.0713271328,851081.4809269203
2020-04-24,893518.086558212,893058.3429348642,878914.2899026053,878914.2899026053,844872.368004606,844872.368004606,847410.7820473625
2020-04-27,892177.8094283746,907979.3416663489,893598.9732813227,893598.9732813227,858988.2873406652,858988.2873406652,861569.1125797469
2020-04-28,898974.6103812458,906617.3726538493,901757.2108651635,901757.2108651635,866830.5417964067,866830.5417964067,869434.9290427113
2020-04-29,900601.1840532997,906897.4287334103,903388.8192786156,903388.8192786156,868398.9550987805,868398.9550987805,871008.0546335944
2020-04-30,915782.8435807658,922185.2256330313,918617.4706706572,918617.4706706572,883037.773594423,883037.773594423,885690.8553730005
2020-05-04,893552.7580928806,899799.7261173058,896318.5762910395,896318.5762910395,861602.5552633159,861602.5552633159,864191.2350549403
2020-05-05,905481.2284116027,911811.5902501999,908283.9688619563,908283.9688619563,873104.506786502,873104.506786502,875727.7441235868
2020-05-06,904123.0065689853,909627.5632303355,906108.3914171029,906108.3914171029,871013.1933458998,871013.1933458998,873630.1473440963
2020-05-07,904936.2089253719,908263.12188549,908283.7645728115,908283.7645728115,873104.3104098411,873104.3104098411,875727.5471569133
2020-05-08,916857.6180529974,918850.0838281037,920249.2735829006,920249.2735829006,884606.373862302,884606.373862302,887264.1684911256
2020-05-11,921192.8214475357,923194.7082540231,924600.5138366816,924600.5138366816,888789.0828012774,888789.0828012774,891459.4443544194
2020-05-12,916857.6609299476,918850.1267982317,920249.316618462,920249.316618462,884606.4152310191,884606.4152310191,887264.2099841348
2020-05-13,907103.6976023187,909074.9666809168,910459.2712612931,910459.2712612931,875195.5558345922,875195.5558345922,877825.0757161995
2020-05-14,905743.0420559152,910161.2207209201,911547.1794073911,911547.1794073911,876241.3273530724,876241.3273530724,878873.9892490342
2020-05-15,907084.4263177444,908795.9788898388,910179.8586382801,910179.8586382801,878855.328795809,878855.328795809,881495.8444436761
2020-05-18,896292.1777859485,896638.4091483888,898003.7758147452,898003.7758147452,868398.9425359757,868398.9425359757,871008.0420330446
2020-05-19,910861.7960074791,911213.6555109342,912601.2168048398,912601.2168048398,882515.1441165629,882515.1441165629,885166.655657959
2020-05-20,906544.8804291589,906895.0723384977,908276.0574591664,908276.0574591664,878332.5739501127,878332.5739501127,880971.5189841315
2020-05-21,908163.7748211867,908514.5920980393,909898.0433614391,909898.0433614391,879901.0872239729,879901.0872239729,882544.7448468647
2020-05-22,906801.5291589549,904735.8297771844,906113.5268858878,906113.5268858878,876241.3363477619,876241.3363477619,878873.9982707481
2020-05-25,898420.2470866584,903378.7260325187,899085.2117084806,899085.2117084806,869444.7263197779,869444.7263197779,872056.9678680524
2020-05-26,910305.725443091,913958.8633401996,910979.4870868482,910979.4870868482,880946.8785812589,880946.8785812589,883593.678278111
2020-05-27,915167.6436033935,918840.2928108097,915845.0037897939,915845.0037897939,885651.9919377099,885651.9919377099,888312.9281198691
2020-05-28,917328.5453064946,921009.8664047745,918007.5048815871,918007.5048815871,887743.2010305026,887743.2010305026,890410.4202380376
2020-05-29,901121.6485575086,904737.9299366552,901788.6126182496,901788.6126182496,872059.0031797658,872059.0031797658,874679.0993074352
2020-06-01,899769.9660846724,916128.2772619572,913141.829026943,913141.829026943,883037.9337691681,883037.9337691681,885691.0160289897
2020-06-02,899769.9660846724,914754.0848460642,919088.60564694,919088.60564694,888788.6607342276,888788.6607342276,891459.0210192717
2020-06-03,910577.6056942852,925741.7070751742,931523.4846646814,931523.4846646814,900813.5943485347,900813.5943485347,903520.0834756449
2020-06-04,924846.7185388607,940248.4474129335,946120.8277543103,946120.8277543103,914929.7012561784,914929.7012561784,917678.6021431715
2020-06-05,926960.6856011356,942397.618954923,948283.4220812543,948283.4220812543,917021.0005104033,917021.0005104033,919776.1846936616
2020-06-08,939644.3072477778,955292.4644701555,961258.803158675,961258.803158675,929568.6172466583,929568.6172466583,932361.5006703376
2020-06-09,947042.9710134554,962814.3402352545,968827.6572681622,968827.6572681622,936887.9460534047,936887.9460534047,939702.820357281
2020-06-10,945622.4065569353,961370.1187249016,969368.4151119903,969368.4151119903,937410.8765269679,937410.8765269679,940227.3219723655
2020-06-11,952631.6631089577,968496.1023700293,978018.5152221498,978018.5152221498,945775.8054847304,945775.8054847304,948617.383309807
2020-06-12,918928.9690726025,934232.1480237561,943417.6720454177,943417.6720454177,912315.6615134361,912315.6615134361,915056.7085334515
2020-06-15,927881.3884025645,943333.654475425,942002.5455373495,942002.5455373495,921203.6524659933,921203.6524659933,923971.4034023638
2020-06-16,928408.143951924,943869.1822310232,941125.6291825245,941125.6291825245,921726.6170841997,921726.6170841997,924495.9392646787
2020-06-17,939466.7644699698,955111.965023234,952335.732476788,952335.732476788,932705.6514088318,932705.6514088318,935507.9600331348
2020-06-18,938057.5643232649,953679.2970756992,950734.4152023337,950734.4152023337,931137.3413889003,931137.3413889003,933934.9380350055
2020-06-19,936126.2392006051,951715.8090601938,950200.155758942,950200.155758942,930614.0944023844,930614.0944023844,933410.1189560071
2020-06-22,934548.5343634194,950111.8302668395,948598.7313791323,948598.7313791323,929045.6794848135,929045.6794848135,931836.9917450739
2020-06-23,942437.2164520837,958131.8847659453,956606.0135548596,956606.0135548596,936887.9110456334,936887.9110456334,939702.7852443291
2020-06-24,944541.0428224329,960270.7467402542,958741.4692883755,958741.4692883755,938979.349561548,938979.349561548,941800.5074749199
2020-06-29,938756.0527821538,954389.4176565926,952869.5065047757,952869.5065047757,933228.4229855998,933228.4229855998,936032.3022740195
2020-06-30,937347.9187029806,952957.8335301076,956072.4457095854,956072.4457095854,936365.3414016247,936365.3414016247,939178.6455429095
2020-07-01,940124.5265568424,955780.6810045439,960342.8760533389,960342.8760533389,940547.7472273597,940547.7472273597,943373.617382261
2020-07-02,947440.7396517411,963218.733024979,967816.4318716375,967816.4318716375,947867.2538993583,947867.2538993583,950715.1154688518
2020-07-03,962595.5213342322,978625.8914894175,983297.1327956166,983297.1327956166,963028.8578874951,963028.8578874951,965922.2724066785
2020-07-06,974092.447208053,990314.2788580399,995041.3119416219,995041.3119416219,974530.959391288,974530.959391288,977458.9319065476
2020-07-07,992905.303557372,1009440.4309211577,1014258.7582085032,1014258.7582085032,993352.2848204507,993352.2848204507,996336.8058968683
2020-07-08,991415.9456020358,1007926.2702747759,1008920.6002333058,1008920.6002333058,988124.1599672219,988124.1599672219,991092.9731733772
2020-07-09,991415.9456020358,1019196.4647405973,1021732.2157348297,1021732.2157348297,1000671.6952265266,1000671.6952265266,1003678.2074283059
2020-07-10,991415.9456020358,1017599.0743503675,1020130.8510526842,1020130.8510526842,999170.6876836868,999170.6876836868,1002105.1388601795
2020-07-13,991415.9456020358,1016001.5846693167,1018529.3868326831,1018529.3868326831,996107.9660695668,996107.9660695668,1000531.9725130311
2020-07-14,994081.7469676128,1020261.5941798456,1022799.9952058706,1022799.9952058706,1000284.5633042563,1000284.5633042563,1004727.1192360367
2020-07-15,1009646.6929812176,1036236.4540760319,1038814.6003997163,1038814.6003997163,1015946.6306076411,1015946.6306076411,1020458.7463552529
2020-07-16,1006533.4607598197,1034682.0993949178,1037256.3784991167,1037256.3784991167,1012813.9726119126,1012813.9726119126,1017312.1753103066
2020-07-17,1007052.5531597999,1033665.2108773785,1036236.9599727336,1036236.9599727336,1013336.3040159573,1013336.3040159573,1017836.8265406912
2020-07-20,1008608.966069341,1035262.7539979488,1037838.4777652111,1037838.4777652111,1014902.4285447404,1014902.4285447404,1019409.9066859764
2020-07-21,1007096.052620237,1042247.5557963523,1044840.6576832584,1044840.6576832584,1021749.8615087176,1021749.8615087176,1026287.7510999024
2020-07-22,1007096.052620237,1057266.997853098,1059897.467967275,1059897.467967275,1036473.9189133834,1036473.9189133834,1041077.202344444
2020-07-23,1007096.052620237,1060485.5753361403,1063124.0532401155,1063124.0532401155,1039629.197214843,1039629.197214843,1044246.4941585067
2020-07-24,1007096.052620237,1058894.846973136,1064737.369424131,1064737.369424131,1041206.8593927703,1041206.8593927703,1045831.1631950062
2020-07-27,1007096.052620237,1087212.5316780359,1094851.1157781745,1094851.1157781745,1070655.0972082634,1070655.0972082634,1075410.189236557
2020-07-28,1059423.3234777087,1145418.094039935,1153465.6212585925,1153465.6212585925,1127974.2323477904,1127974.2323477904,1132983.8953983313
2020-07-29,1015465.8312398707,1097892.5149234026,1105606.1349045956,1105606.1349045956,1081172.4322891072,1081172.4322891072,1085974.2348746406
2020-07-30,1029295.0713991106,1112844.2925123828,1120662.9613292287,1120662.9613292287,1095896.5054776848,1095896.5054776848,1100763.7019731947
2020-07-31,1026331.695076099,1109640.3750748427,1117436.5336721286,1117436.5336721286,1092741.381308685,1092741.381308685,1097594.5649761392
2020-08-03,1021886.4036030984,1107975.9145122305,1112596.6450488078,1112596.6450488078,1088008.4533792145,1088008.4533792145,1092840.6167312313
2020-08-04,1020353.5739976937,1096691.7386098073,1102917.3074502528,1102917.3074502528,1078543.0274522137,1078543.0274522137,1083333.152082809
2020-08-05,1034224.5851656422,1113267.9158514026,1119587.5823574872,1119587.5823574872,1094844.8921935286,1094844.8921935286,1099707.4181672642
2020-08-06,1047636.4670820389,1127704.8360744128,1134106.4563670794,1134106.4563670794,1109042.9016215464,1109042.9016215464,1113968.4851024335
2020-08-07,1048630.1991521567,1128774.5167283856,1135182.2092565894,1135182.2092565894,1110094.8805599539,1110094.8805599539,1115025.1361865925
2020-08-10,1034224.5047098676,1113267.829246584,1119587.495261041,1119587.495261041,1094844.8070218985,1094844.8070218985,1099707.332617362
2020-08-11,1047139.8232268002,1111597.9275027143,1133568.8204404588,1133568.8204404588,1108517.1473550682,1108517.1473550682,1113440.3958076835
2020-08-12,1045569.11349196,1095190.0424769362,1118511.8861537224,1118511.8861537224,1093792.9686881213,1093792.9686881213,1098650.8227622993
2020-08-13,1051030.1141774438,1102561.578271492,1126040.3972665246,1126040.3972665246,1101155.101019312,1101155.101019312,1106045.652473674
2020-08-14,1041995.7125700471,1093084.224615659,1124351.3366706248,1124351.3366706248,1091689.8371030372,1091689.8371030372,1096538.3505555147
2020-08-17,1049022.4794612024,1100455.510261191,1130238.1169754174,1130238.1169754174,1099051.7196043057,1099051.7196043057,1103932.9293273995
2020-08-18,1061068.6064870188,1113092.2526784504,1143216.8587975167,1143216.8587975167,1111672.3420232793,1111672.3420232793,1116609.603617058
2020-08-19,1054041.6925053636,1111422.6142994328,1135645.9190109323,1135645.9190109323,1104310.3054165747,1104310.3054165747,1109214.8700553095
2020-08-20,1052460.6299666055,1097075.1961646725,1122667.2795506248,1122667.2795506248,1091689.7825349474,1091689.7825349474,1096538.2957450722
2020-08-21,1034179.1951395558,1079635.8263095042,1104821.091813608,1104821.091813608,1074336.0205036001,1074336.0205036001,1079107.4605874573
2020-08-24,1041266.2431588053,1087034.3806222556,1112392.236318508,1112392.236318508,1081698.2561798757,1081698.2561798757,1086502.3941029026
2020-08-25,1047340.7263525387,1093375.8635229869,1118881.6505185282,1118881.6505185282,1088008.6094838704,1088008.6094838704,1092840.7735291936
2020-08-26,1052909.083486801,1099188.9739433955,1124830.3665994522,1124830.3665994522,1093793.1840261566,1093793.1840261566,1098651.0390567137
2020-08-27,1064045.5141802016,1097540.1904824805,1136727.4958159504,1136727.4958159504,1105362.0385244796,1105362.0385244796,1110271.2742171611
2020-08-28,1062449.4459089313,1082862.349464213,1123207.8757754972,1123207.8757754972,1092215.462213976,1092215.462213976,1097066.310121108
2020-08-31,1063411.912276364,1085469.0727160783,1125911.7209021752,1125911.7209021752,1094844.7007712207,1094844.7007712207,1099707.2258947939
2020-09-01,1046556.5836828342,1068264.132948591,1108065.755661398,1108065.755661398,1077491.1550968257,1077491.1550968257,1082276.6080550358
2020-09-02,1058815.038364562,1080776.851005156,1121044.6753509098,1121044.6753509098,1090111.950475358,1090111.950475358,1094953.4560724166
2020-09-03,1059325.7807785186,1081298.1871760925,1121585.4355808801,1121585.4355808801,1090637.7896341302,1090637.7896341302,1095481.630636492
2020-09-04,1041959.9063547848,1079676.2398953284,1103198.9182476834,1103198.9182476834,1072758.607195423,1072758.607195423,1077523.0415260114
2020-09-07,1040396.9664952527,1083872.187146395,1109147.5111384485,1109147.5111384485,1078543.0619467073,1078543.0619467073,1083333.1867305029
2020-09-08,1040864.6340824664,1085985.9363235177,1111310.5518242226,1111310.5518242226,1080646.4183541483,1080646.4183541483,1085445.884758146
2020-09-09,1030734.6789536292,1075416.8493882094,1100494.9993925595,1100494.9993925595,1070129.2969441044,1070129.2969441044,1074882.0537398371
2020-09-10,1041371.0535508756,1086514.308988478,1111851.2458592241,1111851.2458592241,1081172.193144454,1081172.193144454,1085973.9946678758
2020-09-11,1045423.134634171,1090742.0470873713,1116177.572566138,1116177.572566138,1085379.14452522,1085379.14452522,1090199.630348587
2020-09-14,1048462.3019018684,1089105.9340167402,1114503.306207289,1114503.306207289,1088534.4685847326,1088534.4685847326,1093368.9681239277
2020-09-15,1046889.6084490156,1097456.2922482109,1114503.306207289,1123048.3903596322,1098525.7659626377,1098525.7659626377,1103404.6397719763
2020-09-16,1066338.2545519061,1119521.1100624143,1135208.0492938496,1145627.7480113674,1120612.0859932231,1120612.0859932231,1125589.0516012984
2020-09-17,1061334.1729167085,1114267.4534453275,1129880.777457403,1140251.5789110612,1115353.3096755194,1115353.3096755194,1120306.919521863
2020-09-18,1054829.1020445337,1107437.9468298005,1122955.574517532,1133262.8118269471,1108517.1476898794,1108517.1476898794,1113440.3961439815
2020-09-21,1052827.7079372583,1105336.73462712,1120824.9197363781,1131112.6004712037,1106413.8878510105,1106413.8878510105,1111327.7951137996
2020-09-22,1043820.5644329916,1103678.7295251794,1111236.0470090415,1121435.7146568196,1096948.3042727506,1096948.3042727506,1101820.1721139431
2020-09-23,1042254.833586342,1093572.8606616517,1102712.5708002103,1112834.004282738,1088534.4188530399,1088534.4188530399,1093368.9181713618
2020-09-24,1021086.6404909532,1072969.4421609824,1081936.9559331776,1091867.696927469,1068025.9269264545,1068025.9269264545,1072769.3420415383
2020-09-25,1013042.5892646576,1064516.6617457545,1073413.5300533087,1083266.037344303,1059612.0911886005,1059612.0911886005,1064318.1380014655
2020-09-28,1019075.5477633764,1070856.1630752776,1079806.0147794203,1089717.196570603,1065922.3843970248,1065922.3843970248,1070656.4570652843
2020-09-29,1033152.5811863759,1085648.4697221406,1094721.950495636,1104770.0407207834,1080646.5381306834,1080646.5381306834,1085446.0050666437
2020-09-30,1033152.4666739686,1084019.9970175573,1094721.8291590125,1104769.918270451,1080646.4183541483,1080646.4183541483,1085445.884758146
2020-10-05,1031602.7379739577,1089770.4810209498,1102179.8776179955,1112296.421686225,1088008.5747855252,1088008.5747855252,1092840.7386767427
2020-10-06,1035534.0401378166,1095564.3379715795,1108039.7101753966,1118210.0397059664,1093793.064412607,1093793.064412607,1098650.9189119257
2020-10-07,1035533.9742690385,1095564.2682843637,1108039.6396946409,1118209.968578291,1092152.3748159881,1092152.3748159881,1098650.8490283769
2020-10-08,1049971.7205345216,1110838.9761317663,1123488.2831650793,1133800.4100307438,1105720.9315547738,1105720.9315547738,1113968.5909728901
2020-10-12,1062418.0900822754,1124006.8664040356,1136806.1183804176,1147240.4852448204,1118828.152503364,1118828.152503364,1127173.5797137115
2020-10-13,1068890.2027718837,1122320.8561044296,1143731.3932539136,1154229.3249228143,1125643.9079492707,1125643.9079492707,1134040.1744157006
2020-10-14,1067286.8674677259,1117508.2420230897,1140535.2092919026,1151003.8042467528,1122498.2698853482,1122498.2698853482,1130871.0727899845
2020-10-15,1060212.9360382315,1111766.597652423,1134675.2546913684,1145090.063063685,1116730.9872560021,1116730.9872560021,1125060.7715457808
2020-10-16,1052248.8884158502,1103415.2921479244,1126151.865231448,1143372.4279690895,1108342.3905302074,1108342.3905302074,1116609.603617058
2020-10-19,1051751.2143085077,1102893.4182580176,1124462.6374336008,1141119.9758944726,1107818.1863082696,1107818.1863082696,1116081.4893145883
2020-10-20,1059217.4698725264,1110722.726186131,1124462.6374336008,1149220.6495645633,1115682.454573349,1115682.454573349,1124004.4177753571
2020-10-21,1055235.4105727512,1109056.6420968517,1118557.4569774806,1144900.2291549158,1111488.1188300343,1111488.1188300343,1119778.796151755
2020-10-22,1053652.557456892,1104261.3438910216,1115391.6611179186,1141659.8766969703,1108342.3309560232,1108342.3309560232,1116609.543598505
2020-10-23,1060037.1968914014,1112619.077765731,1123833.6361279697,1150300.665834119,1116730.9522687688,1116730.9522687688,1125060.7362975748
2020-10-26,1056055.8213398056,1108440.2108283765,1119612.6486229443,1145980.271265545,1112536.641612396,1112536.641612396,1120835.13994804
2020-10-27,1052572.202785565,1104783.7915305698,1115919.3747282396,1142200.01831385,1108866.7093903697,1108866.7093903697,1117137.8334128475
2020-10-28,1050083.85242437,1102172.009517495,1113281.2674593783,1139499.7818639355,1106245.2750892106,1106245.2750892106,1114496.8456270015
2020-10-29,1035153.7834806611,1100518.751503219,1097452.6590691688,1123298.3992169292,1090516.704282601,1090516.704282601,1098650.954173342
2020-10-30,1033601.0528054402,1094115.6190879084,1092703.9671044291,1118437.8723975848,1085798.024284656,1085798.024284656,1093897.0771700628
2020-11-02,1028066.2408738104,1089889.1439175732,1088482.9450251139,1114117.4424404735,1081603.6792725048,1081603.6792725048,1089671.446208487
2020-11-03,1038531.3092684585,1100983.5306216707,1099563.0175080055,1125458.4580008134,1092613.7251523004,1092613.7251523004,1100763.6168866863
2020-11-04,1046504.5549243143,1109436.2484880984,1108004.8294923364,1134099.0802728776,1101002.1844696566,1101002.1844696566,1109214.64638203
2020-11-05,1058464.903844227,1122115.8346149607,1120668.0561389087,1147060.5343305685,1113585.3789009466,1113585.3789009466,1121891.6998505325
2020-11-06,1059959.8782425083,1120432.6608630382,1122250.8861853415,1148680.641077495,1115158.2053836298,1115158.2053836298,1123476.258169688
2020-11-09,1058369.9384251444,1133481.8845549547,1137024.2679374043,1163801.9457970883,1129838.21863635,1129838.21863635,1138265.7707961712
2020-11-10,1058369.9384251444,1136111.77324527,1139662.375615708,1166502.182666088,1132459.6533443641,1132459.6533443641,1140906.758991907
2020-11-11,1047978.2611371636,1126644.217633594,1130165.2317837633,1156781.3747793906,1123022.5319285807,1123022.5319285807,1131399.2453450426
2020-11-12,1066569.706827499,1146631.2207625872,1150214.698749818,1177303.0200294228,1142945.2852772214,1142945.2852772214,1151470.6040782803
2020-11-13,1062655.5639489298,1142423.264734619,1145993.5919219027,1172982.5033278253,1138750.8560520853,1138750.8560520853,1147244.8882755684
2020-11-16,1080268.6980232785,1140709.6298375172,1164988.0238598087,1171223.0295728336,1157625.24224585,1157625.24224585,1166260.0600008443
2020-11-17,1125280.0678811173,1186459.6920574594,1213529.3792817139,1218196.8825804729,1205859.8139138476,1205859.8139138476,1214854.41713364
2020-11-18,1123592.1477792957,1172015.8189686635,1211709.0852127913,1203366.643266867,1191179.7651674403,1191179.7651674403,1200064.8687487196
2020-11-19,1123592.1477792957,1180785.219009233,1218947.062468883,1212370.6202776642,1200092.5560290662,1200092.5560290662,1209044.1408185724
2020-11-20,1123592.1477792957,1177690.0952177034,1215751.9072510458,1209192.7035062115,1196946.8230351186,1196946.8230351186,1205874.9435547409
2020-11-23,1123592.1477792957,1182848.7771130113,1221077.3127873493,1214489.3775063124,1202189.855926973,1202189.855926973,1211157.0846414173
2020-11-24,1134630.399067962,1181074.5039473418,1234922.8753522306,1228260.2407305771,1215821.2572238385,1215821.2572238385,1224890.1636329703
2020-11-25,1132183.9406527828,1176762.759908948,1232260.1690974142,1225611.9002626734,1213199.737345178,1213199.737345178,1222249.0896312937
2020-11-26,1116037.957868071,1159981.0422207206,1214687.0073856686,1208133.5489702418,1195898.3948952064,1195898.3948952064,1204818.6951068507
2020-11-27,1120441.4327439254,1164557.9003283463,1219479.7150900438,1212900.3991405799,1200616.969652337,1200616.969652337,1209572.466084316
2020-11-30,1123377.1742268237,1167609.2342377487,1222674.9532189798,1216078.3983758106,1203762.7842749255,1203762.7842749255,1212741.745585663
2020-12-01,1121692.1084654834,1157438.4213437783,1212024.4737480355,1205485.3801882197,1193277.04496371,1193277.04496371,1202177.7923199877
2020-12-02,1131822.235156113,1155702.2637117626,1224804.8577201,1218196.8116528608,1205859.743704542,1205859.743704542,1214854.3464006376
2020-12-03,1136251.0747367472,1158486.816024655,1229597.5398780676,1222963.6364146187,1210578.293310413,1210578.293310413,1219608.0920392382
2020-12-04,1140679.9575265362,1163002.3693524068,1234390.268794953,1227730.5076830215,1215296.8889519412,1215296.8889519412,1224361.8840568794
2020-12-07,1166269.0886954546,1189092.2642284895,1262081.6245458897,1255272.4635084819,1242559.9185996295,1242559.9185996295,1251828.2707875562
2020-12-08,1165776.8411130086,1188590.3836607498,1261548.9373345468,1254742.6502420045,1242035.4709212133,1242035.4709212133,1251299.911212647
2020-12-09,1164028.175851339,1204143.9401776753,1278057.2087840158,1271161.8565497566,1258288.3946858337,1258288.3946858337,1267674.0668142834
2020-12-10,1164028.175851339,1202337.7242674087,1269004.5226200947,1262158.011282266,1249375.734233308,1249375.734233308,1258694.9261262622
2020-12-11,1164028.175851339,1197010.2637570251,1265276.7394575125,1258450.3401911797,1245705.611910814,1245705.611910814,1254997.4280726279
2020-12-14,1160817.113885578,1195498.7804720176,1263679.0550428475,1256861.2755759435,1244132.6402601504,1244132.6402601504,1253412.7235026725
2020-12-15,1153968.7021842373,1188445.7591655708,1256223.7941548284,1254975.9836625797,1236792.696327848,1236792.696327848,1246018.0303511284
2020-12-16,1153479.4591319452,1187941.8990265592,1255691.1984594243,1252565.0693918325,1236268.338749814,1236268.338749814,1245489.7615486677
2020-12-17,1165709.0948663831,1200536.918889075,1253807.6616617353,1265845.2491220124,1249375.734233308,1249375.734233308,1258694.9261262622
2020-12-18,1159838.840122772,1198736.1135107414,1245625.323916599,1259470.730718527,1243084.1526863042,1243084.1526863042,1252356.415177526
2020-12-21,1158099.0818625877,1193911.6870234017,1242473.105663056,1256283.4748471621,1239938.3651998497,1239938.3651998497,1249187.1630147237
2020-12-22,1164187.805547146,1201988.9790728912,1250878.93521239,1264782.7370904079,1248327.0462119733,1248327.0462119733,1257638.4158584739
2020-12-23,1152452.9501875595,1189873.0930053438,1238270.245010407,1252033.8984491355,1235744.0787053925,1235744.0787053925,1244961.5910073302
2020-12-24,1157831.3875281373,1195426.1681854865,1244049.187154992,1257877.0748408416,1241511.2313646185,1241511.2313646185,1250771.7613119567
2020-12-25,1164676.6866652563,1202493.7341590084,1251404.2208145529,1265313.8613606754,1248851.2601912057,1248851.2601912057,1258166.5399910184
2020-12-28,1164187.7178834577,1200689.9935577698,1250878.8410208342,1264782.6418518915,1248326.9522125754,1248326.9522125754,1257638.321157927
2020-12-29,1162441.4363066326,1208962.292855316,1261386.1678522145,1275406.7599941003,1258812.8432910542,1258812.8432910542,1268202.42732291
2020-12-30,1160216.9091173476,1208458.7132933617,1260860.7517183812,1274875.5037412734,1258288.499046446,1258288.499046446,1267674.1719533298
2020-12-31,1181004.0238271262,1230110.155965725,1283451.059507437,1297716.9079034638,1280832.7208743908,1280832.7208743908,1290386.5529054955
2021-01-04,1181487.5222291327,1230613.7582250754,1283976.4993228868,1298248.1881011338,1278911.4717930793,1278911.4717930793,1290914.8320846625
2021-01-05,1200824.5577223299,1250754.8274056606,1304990.939740331,1319496.208769965,1297896.1702391286,1297896.1702391286,1312042.83001698
2021-01-06,1219194.5308858813,1248878.6951645522,1324954.4293171745,1339681.5970422432,1317751.1254555609,1317751.1254555609,1332114.1979964606
2021-01-07,1217365.7390895525,1251458.4500527836,1329682.8675660891,1344462.5929502202,1322453.85687506,1322453.85687506,1336868.1877083746
2021-01-08,1217365.7390895525,1291509.0373226337,1372236.8810264913,1387489.6038811312,1364776.5193676823,1364776.5193676823,1379652.153902252
2021-01-11,1217365.7390895525,1297442.3297260955,1378541.0433874635,1393863.8384305513,1371046.4082502057,1371046.4082502057,1385990.3826003168
2021-01-12,1217365.7390895525,1308320.2707126972,1390098.9275215066,1405550.1910571118,1382541.456297533,1382541.456297533,1397610.7230536041
2021-01-13,1217365.7390895525,1312770.3750685062,1394827.192787166,1410331.0120590858,1387244.015674225,1387244.015674225,1402364.5388474986
2021-01-14,1217365.7390895525,1310801.2195059035,1418468.3318796454,1408215.515540997,1410756.6263398016,1410756.6263398016,1426133.429569371
2021-01-15,1234900.9872910143,1329682.3363213032,1441058.6638543312,1428499.8128505538,1433224.1427504595,1433224.1427504595,1448845.8348378611
2021-01-18,1211940.7275733673,1304959.8265022142,1438897.0758585497,1401940.0100427119,1406576.501449807,1406576.501449807,1421907.7426336568
2021-01-19,1217343.1591322822,1310776.9064875757,1443146.4841468348,1408189.3956616975,1412846.555016433,1412846.555016433,1428246.1378108289
2021-01-20,1243455.0554007743,1338892.9478491056,1474101.840499387,1438394.9257540659,1443151.98073894,1443151.98073894,1458881.8831358973
2021-01-21,1246156.0882933482,1341801.290917935,1477303.8843053926,1441519.4070049953,1446286.7952640238,1446286.7952640238,1462050.8661527063
2021-01-22,1244286.8541609081,1339788.588981558,1507318.07871081,1470806.5727538168,1475670.8194314365,1475670.8194314365,1491755.166935716
2021-01-25,1233433.235523762,1328101.9313988802,1496411.3563391645,1460164.0420378465,1464993.0917727575,1464993.0917727575,1480961.0554060838
2021-01-26,1218599.6930639667,1312129.882144041,1478415.1805006312,1442603.7844640855,1447374.758972693,1447374.758972693,1463150.688323393
2021-01-27,1198371.977985308,1290349.6457355863,1453874.7500300314,1418657.7926099726,1423349.5730127906,1423349.5730127906,1438863.6353978058
2021-01-28,1168704.9232544447,1258405.5797316853,1417882.4349781768,1383537.3132004966,1388112.9432689003,1388112.9432689003,1403242.9374794844
2021-01-29,1183089.0953575985,1273893.7684731379,1435333.4310003137,1400565.596754564,1405197.5427065366,1405197.5427065366,1420513.7536740745
2021-02-01,1181314.461714562,1271982.9278204283,1398250.2546387056,1364380.6797807747,1368892.9550939086,1368892.9550939086,1383813.4574823573
2021-02-02,1219108.692557938,1312677.9484613372,1445149.4700939325,1410143.863625516,1414807.4867902966,1414807.4867902966,1430228.4431238773
2021-02-03,1246251.1623046077,1341903.6620672955,1477324.555064526,1441539.5770598936,1446307.0320252615,1446307.0320252615,1462071.3234882725
2021-02-04,1227389.307358185,1321594.1185406272,1454965.433316638,1419722.0564633629,1424417.3565961095,1424417.3565961095,1439943.0574861267
2021-02-05,1240270.4742272461,1335463.9431122073,1470234.9589862125,1434621.7110451297,1439366.287266683,1439366.287266683,1455054.9267962377
2021-02-17,1278914.1249840546,1377073.5785008853,1516043.7139845227,1479320.8484686054,1484213.253530968,1484213.253530968,1500390.710878432
2021-02-18,1276995.7537965786,1375007.968133134,1532949.1379805417,1495816.7752936862,1500763.735631188,1500763.735631188,1517121.5880247273
2021-02-19,1266011.014349929,1363180.1259323247,1522042.3271437855,1485174.1582554802,1490085.921364789,1490085.921364789,1506327.388943378
2021-02-22,1268278.984780579,1365622.1680490372,1524768.95981367,1487834.744172277,1492755.306362611,1492755.306362611,1509025.8693975597
2021-02-23,1244237.9515550411,1339735.932993839,1495865.9962985162,1485602.9920560184,1464459.181970019,1464459.181970019,1480421.3261545291
2021-02-24,1242877.275792955,1338270.8223939396,1494230.1447301337,1481755.730325015,1462857.6763167148,1462857.6763167148,1478802.3645936346
2021-02-25,1250588.4903776054,1346573.8895469473,1491988.7995130385,1490949.0244829452,1471933.720805246,1471933.720805246,1487977.3351106509
2021-02-26,1248712.607642039,1344554.028712627,1455171.461625148,1456338.580813318,1437764.6926944277,1437764.6926944277,1453435.875347203
2021-03-02,1254713.2677974536,1351015.2526463978,1464357.5015102285,1465531.988354854,1446840.8491204898,1446840.8491204898,1462610.9590218344
2021-03-03,1238508.5362242924,1333566.7725176967,1445445.1963261336,1446604.5145704567,1428154.7730337682,1428154.7730337682,1443721.2105867052
2021-03-04,1244064.5116193476,1339549.1811641154,1451929.4939395934,1453094.0129099933,1434561.5054439432,1434561.5054439432,1450197.774363805
2021-03-05,1204247.0310200904,1296675.6219277654,1405459.0947629644,1406586.342184278,1388646.9854347648,1388646.9854347648,1403782.8005368812
2021-03-08,1238508.460394493,1333566.6908677947,1445445.107826284,1446604.4259996258,1428154.6855925543,1428154.6855925543,1443721.1221924096
2021-03-09,1236650.6977039014,1331566.340831493,1410862.6164165426,1411994.197728378,1393985.8701329622,1393985.8701329622,1409179.8773980194
2021-03-10,1251350.881006321,1347394.7953222385,1429775.1237125213,1430921.8737867628,1412672.145913904,1412672.145913904,1428069.827703973
2021-03-11,1248986.1120200774,1344848.5251492863,1427073.1734272912,1428217.7564043168,1410002.5163726672,1410002.5163726672,1425371.1000409306
2021-03-12,1279252.8797903797,1377438.3334787744,1461655.5374068979,1462827.8571432247,1444171.2059264446,1444171.2059264446,1459912.2175571723
2021-03-15,1279253.1842610876,1377438.6613182744,1461655.8852906534,1462828.205306,1444171.5496488127,1444171.5496488127,1459912.565026006
2021-03-16,1281144.8157279193,1379475.4796333958,1463817.2356005944,1464991.289125349,1446307.0458746024,1446307.0458746024,1462071.337488567
2021-03-17,1279223.0985043275,1377406.2664139457,1462736.8078632436,1463909.9948317353,1445239.5422197164,1445239.5422197164,1460992.1983798104
2021-03-18,1279223.0985043275,1372802.7651423796,1460034.8911201982,1461205.9110183762,1442569.9458194324,1442569.9458194324,1458293.5042189467
2021-03-19,1261706.8795404786,1356036.1809445645,1442202.9063986526,1443359.6241667515,1424951.267396017,1424951.267396017,1440482.7877457193
2021-03-22,1251779.6890452192,1345366.8014674522,1430855.5616097818,1432003.178248435,1413739.6596071671,1413739.6596071671,1429148.9769605214
2021-03-23,1265961.4544369204,1360608.8416692289,1447066.1281030264,1448226.7464144751,1429756.3152159385,1429756.3152159385,1445340.209074619
2021-03-24,1246107.0594401306,1339270.0676615788,1424371.4225153183,1425513.838555035,1407333.0838197835,1407333.0838197835,1422672.5715133522
2021-03-25,1239488.9517699338,1337261.1625600865,1416806.5480808592,1423375.5677972024,1399858.7004544137,1399858.7004544137,1415116.71972166
2021-03-26,1237629.7183422789,1355119.0929080562,1437880.326223505,1442383.4792361786,1420680.3939484116,1420680.3939484116,1436165.363121677
2021-03-29,1255745.3369103272,1377016.876164682,1435723.5057341696,1465691.3943607977,1443637.6022900483,1443637.6022900483,1459372.7978090765
2021-03-30,1261318.015514712,1383127.7270339837,1439934.9792338752,1472195.760201472,1450044.0990074174,1450044.0990074174,1465849.123324393
2021-03-31,1261318.1910873963,1383127.919562311,1439935.1796696465,1472195.9651278728,1450044.3008503558,1450044.3008503558,1465849.327367356
2021-04-01,1260389.2587609426,1382109.2771252315,1438874.6999700398,1471111.7260892661,1448976.3760115898,1448976.3760115898,1464769.762483948
2021-04-07,1278965.4518387604,1380036.1132095435,1460081.4930743438,1492793.6432215502,1470332.0522353372,1470332.0522353372,1486358.208857412
2021-04-08,1277047.0036610023,1374466.8238231058,1456370.455402772,1488999.4622308621,1466594.9610788187,1466594.9610788187,1482580.3845834357
2021-04-09,1289059.826362021,1389477.141498143,1472275.2286641074,1505260.5713086915,1482611.3944221637,1482611.3944221637,1498771.3920094837
2021-04-12,1281632.9997551353,1381471.767664361,1463792.8195336016,1496588.1194700194,1474069.4342069873,1474069.4342069873,1490136.327116313
2021-04-13,1273741.686113871,1372965.723416691,1454779.905347577,1487373.2769645718,1464993.2445048254,1464993.2445048254,1480961.2098028832
2021-04-14,1275134.190960651,1374466.7039099599,1456370.328344076,1488999.332325501,1462795.7546380681,1462795.7546380681,1482580.2552380965
2021-04-15,1281632.7741560424,1372405.003854095,1463792.561869877,1496587.8560335112,1468048.6616600493,1468048.6616600493,1490136.0648154798
2021-04-16,1279710.3249948083,1378787.1856098368,1472805.628557819,1505802.8544575798,1477087.9345962252,1477087.9345962252,1499311.3373753654
2021-04-19,1281013.313565289,1382261.3398532995,1476516.68272024,1509597.0523085834,1480809.7789602454,1480809.7789602454,1503089.1784369724
2021-04-20,1277333.7779089615,1378290.9830798814,1472275.5903571087,1505260.9411051825,1476556.3552649384,1476556.3552649384,1498771.760211782
2021-04-21,1278253.3718387,1379283.2593692695,1473335.529207243,1506344.6271769458,1477619.3759762838,1477619.3759762838,1499850.774512187
2021-04-22,1274573.732395958,1375312.7906064226,1469094.3172182098,1502008.393667505,1473365.8323072526,1473365.8323072526,1495533.2345082175
2021-04-23,1268594.1492201544,1373249.8214205129,1462202.1528501327,1494961.8149624765,1466453.6283925315,1466453.6283925315,1488517.033608557
2021-04-26,1266691.2579963242,1392074.2888319404,1484469.3451201464,1517727.8887951623,1488785.564393875,1488785.564393875,1511184.9628821842
2021-04-27,1275634.864729979,1404006.0303937674,1497193.0228179009,1530736.631989088,1501546.237252959,1501546.237252959,1524137.6253757635
2021-04-28,1276086.7290987363,1404503.3673012133,1497723.3690783146,1528440.5270411044,1502078.125539659,1502078.125539659,1524677.516143123
2021-04-29,1273828.2205931111,1402017.577950932,1495072.5923787358,1523450.2096293808,1499419.6414842368,1499419.6414842368,1521979.0340885553
2021-05-03,1268407.6477731713,1396051.515766676,1492829.9834901677,1516967.4102492547,1493039.1003540296,1493039.1003540296,1515502.4950612937
2021-05-04,1248983.9582880577,1393957.438493026,1467767.9631896054,1493737.4147604639,1470175.5296988671,1470175.5296988671,1492294.9324692006
2021-05-05,1247110.4823506256,1379788.349840157,1455027.8893551724,1480771.9287772786,1457414.5584365993,1457414.5584365993,1479341.9670828374
2021-05-06,1238428.1264393914,1372237.5669566114,1447065.3640277935,1472668.5212252857,1449438.9722509729,1449438.9722509729,1471246.384883398
2021-05-07,1255237.3652807723,1390863.0071558799,1466706.4451722982,1492657.1151363677,1469112.2704831613,1469112.2704831613,1491215.6760760376
2021-05-10,1267503.5458655264,1404454.5216266206,1481039.1017828526,1507243.361715544,1483468.436820668,1483468.436820668,1505787.836911509
2021-05-11,1233430.863082213,1366700.3602634692,1441226.214734658,1466726.0589367817,1443590.245054086,1443590.245054086,1465309.6611514387
2021-05-12,1207535.4206415142,1364650.3097230738,1410968.1827648515,1435932.6668040773,1413282.5811082222,1413282.5811082222,1434546.0057866564
2021-05-13,1205724.117510552,1294424.7864762386,1340366.6594663304,1364081.9795463255,1342565.2507698562,1342565.2507698562,1362764.7037789228
2021-05-14,1205724.117510552,1317493.7958253857,1364254.4367412764,1388392.407056619,1366492.2109497231,1366492.2109497231,1387051.655033731
2021-05-17,1205724.117510552,1283659.2273310225,1329219.0078611397,1352737.0907716707,1331399.3137726043,1331399.3137726043,1351430.7706119886
2021-05-18,1205724.117510552,1315955.9143929018,1362661.9726445982,1386771.7672398854,1364897.1347485962,1364897.1347485962,1385432.580247245
2021-05-19,1205724.117510552,1355429.6332807578,1403536.6972907952,1428369.694877831,1405838.905835785,1405838.905835785,1426990.3373214905
2021-05-20,1205724.117510552,1353396.4888308367,1394512.3701179954,1419185.6988518126,1396799.776140778,1396799.776140778,1417815.210157897
2021-05-21,1205724.117510552,1363200.7989735766,1406721.4547998123,1431610.8008070136,1409028.8872737275,1409028.8872737275,1430228.3133579218
2021-05-24,1195286.5890285973,1353427.1504705579,1396635.7791963203,1421346.677744037,1398926.668227801,1398926.668227801,1419974.102221638
2021-05-25,1207552.7117679848,1367316.1237919962,1410968.1627828914,1435932.6464685732,1413282.561093486,1413282.561093486,1434545.9854707902
2021-05-26,1225270.9723405093,1387378.571692006,1431671.1112538702,1457001.8954933009,1434019.4684235158,1434019.4684235158,1455594.8882028507
2021-05-27,1213004.4590623567,1373489.1561621693,1417338.2713412452,1442415.4623688613,1419663.1184832696,1419663.1184832696,1441022.5410022603
2021-05-28,1225725.0783215347,1371428.922427926,1432201.7125895403,1440251.8391753081,1434550.9400997558,1434550.9400997558,1456134.3560916723
2021-05-31,1223886.4907040524,1378510.8740628485,1441756.8863923482,1447689.1869666104,1444121.7871676947,1444121.7871676947,1465849.2005373884
2021-06-01,1234651.854472761,1392722.2757419455,1439594.2510627597,1462613.764588426,1459009.5876030214,1459009.5876030214,1480960.9941269618
2021-06-02,1240051.2616511737,1398812.9600315567,1443724.330430354,1469010.0999044545,1465390.1610514296,1465390.1610514296,1487437.565958665
2021-06-03,1241400.9609376562,1400335.4590704779,1445295.7120005519,1470609.0030667612,1466985.1241920306,1466985.1241920306,1489056.5259835823
2021-06-04,1232852.168070517,1390692.178486047,1435342.8167938937,1460481.7902230786,1456882.8668549496,1456882.8668549496,1478802.2759800376
2021-06-07,1234651.7945853996,1388606.140218318,1437438.0241982748,1462613.6936436663,1459009.516833084,1459009.516833084,1480960.9222922612
2021-06-08,1232799.8168935215,1387537.0194329054,1438485.8035476676,1463679.8240774942,1460073.0201052742,1460073.0201052742,1482040.4264138397
2021-06-09,1221987.945267172,1377431.1273868866,1428008.8346187056,1453019.3587458318,1449438.8243225059,1449438.8243225059,1471246.2347292856
2021-06-10,1219298.2619614238,1374399.302463818,1424865.6845264228,1449821.1586921534,1446248.5052824672,1446248.5052824672,1468007.9160113942
2021-06-11,1238125.8021362983,1395621.8030534857,1446867.4512443268,1472208.2701670348,1468580.4503737816,1468580.4503737816,1490675.8545117548
2021-06-15,1242608.5259679423,1400674.7525241415,1452105.939283048,1477538.5064697063,1473897.5518930443,1473897.5518930443,1496072.954036493
2021-06-16,1243504.9084505895,1398573.7403953553,1453153.447246916,1478604.3607648914,1474960.7797070532,1474960.7797070532,1497152.1785555074
2021-06-17,1241639.6510879137,1387417.4196614,1443724.090793974,1469009.8560710195,1465389.9178188497,1465389.9178188497,1487437.3190665497
2021-06-18,1249226.991433283,1397989.4137871535,1454725.136615359,1480203.5771163031,1476556.0552649978,1476556.0552649978,1498771.4556982173
2021-06-21,1231682.8893087222,1378356.097173976,1434295.0254066158,1459415.647540531,1455819.3513642228,1455819.3513642228,1477722.7594560897
2021-06-22,1219986.9585070363,1365267.3730611675,1420675.1111316248,1445557.1904874241,1441995.0443602768,1441995.0443602768,1463690.4599992263
2021-06-23,1214588.7065818808,1359226.277971103,1414388.845446398,1439160.8254836367,1435614.4412972664,1435614.4412972664,1457213.8581073568
2021-06-24,1233032.5391771453,1357187.4385541463,1435866.6930080114,1461014.8417436616,1457414.6048284643,1457414.6048284643,1479342.0141726872
2021-06-25,1231182.9903683795,1359109.8619388395,1440057.4145109637,1465278.9606505507,1461668.2160814535,1461668.2160814535,1483659.6227774436
2021-06-28,1225314.0993612858,1354660.1067240406,1435342.6352504494,1460481.6055000343,1456882.6825871002,1456882.6825871002,1478802.0889398018
2021-06-29,1233363.5558932119,1363559.2760474766,1444771.8323492922,1458290.8830917843,1466453.3827297932,1466453.3827297932,1488516.7842497206
2021-06-30,1235152.4650550836,1365537.0251629108,1446867.3747020352,1458218.7058407248,1468580.3726828273,1468580.3726828273,1490675.7756519075
2021-07-01,1243201.7765116722,1374436.0340966375,1444697.0736399821,1467721.707994076,1478150.9003328125,1478150.9003328125,1500390.2958738941
2021-07-02,1236941.0754353597,1372374.3800454927,1435268.7493455866,1460330.3359331791,1470707.0073883922,1470707.0073883922,1492834.4064617795
2021-07-05,1235085.6638222067,1374777.7737018599,1439938.961253055,1465082.095578766,1475492.5316196096,1475492.5316196096,1497691.9308969176
2021-07-06,1243012.8465253809,1385676.94825586,1451354.7306857705,1476697.198616587,1487190.1681124826,1487190.1681124826,1509565.5631996922
2021-07-07,1240791.1060779218,1383200.2123704203,1448760.6034265156,1474057.774652477,1484531.9891895575,1484531.9891895575,1506867.390868467
2021-07-08,1236791.099433793,1378741.1136449862,1444090.154056697,1469305.77339815,1479746.2216328008,1479746.2216328008,1502009.6194468557
2021-07-09,1225680.985762725,1366355.860789768,1431117.8697556655,1456106.9767966194,1466453.6383224903,1466453.6383224903,1488517.0436879161
2021-07-12,1235902.5755256326,1364306.3269985833,1443052.7042982003,1468250.208469958,1464253.9578650065,1464253.9578650065,1500930.5597270885
2021-07-13,1234048.7216623442,1371569.6253545173,1452911.335716957,1478280.9839175239,1472049.3577355235,1472049.3577355235,1511184.6004349736
2021-07-14,1233960.9420733121,1373529.2718093446,1454987.2001102648,1480393.0954981693,1474152.5658059644,1474152.5658059644,1513343.7234500132
2021-07-15,1240561.695306118,1380876.6095346506,1462770.275844155,1488312.0734639666,1482038.1616806958,1482038.1616806958,1521438.9622329567
2021-07-16,1230440.158340852,1369610.2664734717,1450835.7759521562,1476169.1822845803,1469946.4583062138,1469946.4583062138,1509025.79426646
2021-07-19,1223398.884394527,1361772.5825190218,1442533.273729388,1467721.707994076,1461534.5939589702,1461534.5939589702,1500390.2958738941
2021-07-20,1212837.3112583645,1359729.9236452433,1430079.9186820837,1455050.901799754,1448917.200971262,1448917.200971262,1487437.4625463542
2021-07-21,1211018.055291477,1363141.4014661293,1435818.4021160598,1460889.5863281437,1454731.272790856,1454731.272790856,1493406.104666554
2021-07-22,1207451.9409070117,1361166.0167450025,1433737.6981400803,1458772.5506596635,1452623.1613898482,1452623.1613898482,1491241.9479632045
2021-07-23,1209642.5285597085,1363635.4760820856,1436338.8187249645,1461419.0900616106,1455258.5444254428,1455258.5444254428,1493947.3941078666
2021-07-26,1207013.682022796,1360671.965528949,1433217.3061786636,1458243.0720040603,1452095.9147274108,1452095.9147274108,1490700.6841579394
2021-07-27,1196060.7292253838,1348324.6524593702,1420211.685996545,1445010.3574352853,1438918.982064419,1438918.982064419,1477173.4354847602
2021-07-28,1192555.7464505138,1346302.1654806812,1416049.8425596226,1442842.8418991324,1434702.31804115,1434702.31804115,1472844.6691266983
2021-07-29,1190766.912830838,1341816.4958353192,1413448.7821674098,1438035.5137191142,1432066.9959910961,1432066.9959910961,1470139.285588911
2021-07-30,1195547.7049355067,1349224.5402327685,1411328.6089941587,1445974.774388367,1439973.3050276532,1439973.3050276532,1478255.788204492
2021-08-02,1199048.3909194232,1353175.20771149,1413341.1118716178,1450208.7364501916,1444189.6941732424,1444189.6941732424,1482584.2723770998
2021-08-03,1207363.062398595,1362558.654944386,1423141.7730644569,1460265.0522011865,1454204.2715260787,1454204.2715260787,1492865.0927829805
2021-08-04,1213489.6690524733,1369472.7814251957,1430363.3206898638,1467674.9770728885,1461583.4417553965,1461583.4417553965,1500440.4423158844
2021-08-05,1218741.1283504379,1367418.572253058,1436553.3155052045,1474026.4406257325,1467908.5437737356,1467908.5437737356,1506933.700654041
2021-08-06,1216913.0166579122,1361938.3401005985,1432942.2046050213,1470321.1323093267,1464218.6142140874,1464218.6142140874,1503145.67228534
2021-08-09,1208966.8156349673,1355074.7201624617,1425720.7538270087,1462911.306811326,1456839.5429460234,1456839.5429460234,1495570.4243446295
2021-08-10,1211153.942214209,1357526.1687043055,1428300.0072150629,1465557.8411585237,1459475.0929419876,1459475.0929419876,1498276.0418883946
2021-08-11,1201531.0226147342,1346740.2853245742,1416951.8080685264,1453913.6192456055,1447879.1999780093,1447879.1999780093,1486371.8657251627
2021-08-12,1200218.924700742,1345269.6157490034,1415404.4659886286,1452325.9140669361,1446298.0845159465,1446298.0845159465,1484748.715437964
2021-08-13,1194970.1654850417,1343251.7113253798,1409214.664210046,1445974.648586299,1439973.1797477223,1439973.1797477223,1478255.6595939253
2021-08-16,1193177.710236814,1330439.3804917221,1397866.81902382,1434330.7898669017,1428377.6484698425,1428377.6484698425,1466351.8547324156
2021-08-17,1190511.1645242576,1329457.2778162232,1396834.9428157911,1433271.9967141028,1427323.2498021885,1427323.2498021885,1465269.4242956203
2021-08-18,1174684.636811278,1311783.6153781319,1378265.5689269148,1414218.2325393688,1408348.5676307688,1408348.5676307688,1445790.2897510373
2021-08-19,1182597.7994207614,1320620.3335335006,1387550.1370775434,1423744.9927341375,1417835.7873297913,1417835.7873297913,1455529.7324095096
2021-08-20,1162374.9764156658,1298037.2784364428,1363822.5596657137,1399398.4710286546,1393590.315038616,1393590.315038616,1430639.6808876912
2021-08-23,1162814.6868950569,1296090.2225187882,1364338.4749974117,1399927.8442387118,1394117.491103082,1394117.491103082,1431180.872218099
2021-08-24,1161070.4648647143,1323016.744303466,1394771.8915561873,1431155.129854934,1425215.1689272712,1425215.1689272712,1463105.2989299146
2021-08-25,1158902.6093437679,1322527.3357491447,1394255.9394354047,1430625.718896133,1424687.9552707362,1424687.9552707362,1462564.0690080319
2021-08-26,1178624.9695254487,1345034.2834904508,1417983.5741833872,1428479.7803177887,1448933.4861495239,1448933.4861495239,1487454.1806750468
2021-08-27,1172193.7878603088,1337695.087353743,1410246.3293433855,1418557.426659727,1441027.3627336214,1441027.3627336214,1479337.8686149474
2021-08-30,1188914.6680119329,1356776.77799799,1408130.9598493704,1438792.586549689,1461583.04736275,1461583.04736275,1500440.037438092
2021-08-31,1195345.9912118227,1354741.612830993,1413627.671661809,1446575.6010844326,1469489.3447733016,1469489.3447733016,1508556.5281185843
2021-09-01,1193552.972225005,1359990.5634181357,1421233.4336315095,1454358.6332884433,1477395.6601330019,1477395.6601330019,1516673.0372254127
2021-09-02,1198142.6962905363,1367268.1420098078,1428838.7349391666,1462141.1940935943,1485301.4966268886,1485301.4966268886,1524789.0547355167
2021-09-03,1196016.7417135688,1364842.0954517084,1426303.4390535455,1459546.8071533912,1482666.0146223605,1482666.0146223605,1522083.506990777
2021-09-06,1206646.41789377,1376972.2178870959,1438979.8031570483,1472518.6238418925,1495843.3047631697,1495843.3047631697,1535611.1226455183
2021-09-07,1214299.3372068685,1385705.3953312906,1448106.25160411,1481857.785710841,1505330.3988668204,1505330.3988668204,1545350.4363695965
2021-09-08,1205370.9641816278,1383626.8372382936,1437458.7675790887,1470962.1369397428,1494262.1631233734,1494262.1631233734,1533987.9454846366
2021-09-09,1203562.9077353554,1361086.6410212365,1416162.676036358,1449169.6897192101,1472124.523747249,1472124.523747249,1511261.7647765083
2021-09-10,1210796.2196772543,1371320.5573497456,1426810.7052633876,1460065.896399536,1483193.3262372005,1483193.3262372005,1522624.8374752405
2021-09-13,1220692.6829292125,1382529.0689736784,1438472.7665439418,1471999.7695437772,1495316.2318179337,1495316.2318179337,1535070.0371758218
2021-09-14,1220692.7288837829,1382529.121020791,1438472.8206971278,1471999.824959131,1495316.2881110662,1495316.2881110662,1535070.0949655382
2021-09-15,1215959.3927835822,1377168.2510465016,1432895.0244423822,1466292.0249975969,1489518.0766527199,1489518.0766527199,1529117.7348630226
2021-09-16,1211656.8773537506,1375102.498669932,1427824.910268685,1461103.7398462736,1484247.6091142106,1484247.6091142106,1523707.1490430338
2021-09-17,1209839.39203772,1366216.8482518431,1420726.475535868,1453839.859337828,1476868.6688079692,1476868.6688079692,1516132.0355458378
2021-09-22,1182159.3194363953,1336961.4340105762,1390303.8221931572,1422708.1342534707,1445243.8174959605,1445243.8174959605,1483666.4201487626
2021-09-23,1189919.5681192812,1345737.8764382314,1399430.429095964,1432047.4582713495,1454731.076316979,1454731.076316979,1493405.9029693105
2021-09-24,1196817.8136090308,1353539.4375565161,1407543.2586555178,1440349.3764722084,1463164.4968227558,1463164.4968227558,1502063.5306027532
2021-09-27,1205871.4355392065,1363778.6186548201,1418190.96490565,1451245.2526478982,1474232.9635728807,1474232.9635728807,1513426.2586358308
2021-09-28,1200698.2794840978,1361732.9507268379,1412106.9637748648,1449068.3847689263,1467908.5437737356,1467908.5437737356,1506933.700654041
2021-09-29,1198897.2320648716,1336746.8462060175,1388275.853659891,1422479.783751137,1443135.7106649259,1443135.7106649259,1481502.2681368815
2021-09-30,1191854.9061360522,1330888.133418068,1386193.4398794011,1416245.319444514,1436810.7152727048,1436810.7152727048,1475009.1192595572
2021-10-01,1191854.965384397,1330888.199577899,1384117.332789332,1416245.3898475391,1436810.786698057,1436810.786698057,1475009.192583792
2021-10-04,1177863.6857343998,1315264.7978016855,1367869.0700108001,1399619.9732676072,1419943.9512988848,1419943.9512988848,1457693.9430784963
2021-10-05,1154254.0839315215,1288901.069538784,1340450.9192922027,1371565.393909725,1391481.989461875,1391481.989461875,1428475.3043146287
2021-10-06,1171742.8755703026,1286967.7179344757,1360760.8901693816,1392346.7987381553,1412565.1625011477,1412565.1625011477,1450118.9851177416
2021-10-07,1169985.2612569472,1285519.849993514,1361268.8482368686,1392866.547500975,1410446.314757396,1410446.314757396,1450660.2996445098
2021-10-08,1169985.2612569472,1300863.5671291805,1377516.690814365,1409491.5341261877,1425143.4149734853,1425143.4149734853,1467975.1013551166
2021-10-12,1142827.0724194956,1272573.3772004314,1347559.5071420127,1378838.985918237,1394150.4815836442,1394150.4815836442,1436050.6970767647
2021-10-13,1148855.405791527,1279286.113311849,1354667.7898767784,1386112.265729391,1401504.5284701702,1401504.5284701702,1443625.7646876404
2021-10-14,1149716.756582295,1280245.254122577,1355683.447866597,1387151.499117823,1402555.3021600335,1402555.3021600335,1444708.118644212
2021-10-15,1159620.4291016345,1278324.886241393,1367361.3196821485,1399100.4370656456,1414636.9286331027,1414636.9286331027,1457152.8499323037
2021-10-18,1177275.2729442988,1295843.2020298978,1388178.9510119013,1420401.2861337613,1436174.3157317692,1436174.3157317692,1479337.528103572
2021-10-19,1175509.3600348823,1291103.7260005535,1383101.76200288,1415206.2456866335,1430921.586286796,1430921.586286796,1473926.9315570353
2021-10-20,1181073.9570754098,1299161.3440636108,1391733.5283870443,1424038.372167687,1439851.790257471,1439851.790257471,1483125.5265484152
2021-10-21,1178057.6271700547,1295843.4322677364,1388179.1976554156,1420401.5385023514,1436174.570902819,1436174.570902819,1479337.790943609
2021-10-22,1174179.5584551212,1291577.622380149,1383609.426030507,1415725.6935843555,1431446.8024608113,1431446.8024608113,1474467.9327350096
2021-10-25,1172025.145776158,1289640.255946579,1381070.7464318813,1413128.0862914769,1428820.3497021373,1428820.3497021373,1471762.543779688
2021-10-26,1177626.8011731596,1293863.253989278,1387671.5283590201,1419882.0852135625,1435649.3492778712,1435649.3492778712,1478796.784150878
2021-10-27,1175860.3609713998,1296703.8170488575,1390718.0392403929,1422999.3115416002,1438801.191248415,1438801.191248415,1482043.3525225604
2021-10-28,1178385.709011666,1301437.9287667132,1395795.3857240218,1420864.8125742876,1444054.0836125757,1444054.0836125757,1487454.1168847068
2021-10-29,1174956.420849114,1297650.5392479121,1391733.401131878,1414607.96005822,1439851.6586025415,1439851.6586025415,1483125.3909366892
2021-11-01,1167669.153607634,1289602.3035025247,1389645.8010301802,1405834.3357229282,1430921.4688200625,1430921.4688200625,1473926.8105599212
2021-11-02,1172812.991056933,1287667.900047271,1389645.8010301802,1412027.342775705,1437224.9901690525,1437224.9901690525,1480419.7798245968
2021-11-03,1169383.8724389211,1281979.9939552387,1383507.4366140475,1407898.7994468233,1433022.7729275643,1433022.7729275643,1476091.2678894633
2021-11-04,1167629.7966302626,1289968.8848055392,1392129.0141377249,1416672.3761719544,1441952.914250279,1441952.914250279,1485289.7983500427
2021-11-05,1164606.9860230843,1288559.3015025312,1390607.7977447747,1415124.3405946577,1440377.2539567694,1440377.2539567694,1483666.7826908717
2021-11-08,1173950.5791169587,1298897.35883437,1401764.5858898172,1426477.8239366268,1451933.340365457,1451933.340365457,1495570.179176325
2021-11-09,1190514.938267542,1317224.7081574227,1421543.3844681298,1446605.3245455557,1472420.0165001631,1472420.0165001631,1516672.5680021078
2021-11-10,1194762.5613729423,1315248.8710951866,1426615.2910281452,1451766.649282796,1477673.4451484764,1477673.4451484764,1522083.884766051
2021-11-11,1181596.16598942,1298806.4955448399,1410893.8568376808,1435768.044767516,1461389.3453151176,1461389.3453151176,1505310.3777265532
2021-11-12,1179823.7717404359,1306275.9269749192,1419007.9022747176,1444025.1415688307,1469793.7901226566,1469793.7901226566,1513967.4122316807
2021-11-15,1183530.495637358,1312345.5031768514,1425601.284588626,1450734.765816868,1476623.1477078767,1476623.1477078767,1521002.021372081
2021-11-16,1186898.5590821435,1316080.1453617986,1429658.2274313841,1454863.2329335483,1480825.2873771554,1480825.2873771554,1525330.4534036268
2021-11-17,1189845.8035803984,1319348.1668266489,1433208.2800563034,1458475.8733114193,1484502.3953723614,1484502.3953723614,1529118.074302157
2021-11-18,1193634.904194955,1317369.144576409,1437772.3759739487,1463120.4346581507,1489229.8389803397,1489229.8389803397,1533987.5979140678
2021-11-19,1208371.223046909,1331635.602099438,1455522.7551681406,1481183.7546634197,1507615.4991800636,1507615.4991800636,1552925.8262436513
2021-11-22,1206558.6662123387,1324211.7276343827,1447408.2092680733,1472926.1485758652,1499210.5359980648,1499210.5359980648,1544268.2577846833
2021-11-23,1206558.6662123387,1317715.9863550821,1440308.1443337922,1465700.9088464472,1491856.3617660922,1491856.3617660922,1536693.059001083
2021-11-24,1206558.6662123387,1309364.5780126806,1431179.7725323008,1456411.6030139632,1482401.2881429961,1482401.2881429961,1526953.8197677857
2021-11-25,1206558.6662123387,1303796.526033807,1425093.7033821277,1450218.2359072063,1476097.400314858,1476097.400314858,1520460.473009688
2021-11-26,1206558.6662123387,1301840.8312447565,1415458.063662173,1448042.9085533456,1466116.903799267,1466116.903799267,1510180.0196671581
2021-11-29,1206558.6662123387,1281727.0146925554,1395679.2113214652,1425670.2277130086,1445630.171978025,1445630.171978025,1489077.5734812194
2021-11-30,1215257.8069462155,1292904.5622104292,1407850.5009372937,1438103.0597688288,1458237.0685756071,1458237.0685756071,1502063.3615192277
2021-12-01,1209129.002177713,1286384.1682653734,1405738.725185888,1430850.3987779422,1450882.8674765404,1450882.8674765404,1494488.1350610617
2021-12-02,1226640.1077769387,1305014.1150875043,1423961.2720885566,1451572.5652172284,1471895.1524012508,1471895.1524012508,1516131.9294806065
2021-12-03,1242837.614473126,1322246.5329203578,1442764.3603729974,1470740.2544164008,1491331.1967927164,1491331.1967927164,1536152.110562547
2021-12-06,1231893.206273237,1320263.1631209773,1430059.4004391388,1457788.9392060344,1478198.5580723737,1478198.5580723737,1522624.7795907978
2021-12-07,1230045.3664638272,1324376.0871145467,1436666.1365608363,1464523.78311497,1485027.6924465536,1485027.6924465536,1529659.1588117066
2021-12-08,1230045.3664638272,1340772.7335990933,1454453.0076669361,1482655.5501965284,1503413.3114030682,1503413.3114030682,1548597.3446585452
2021-12-09,1230045.3664638272,1334682.3081612762,1447846.1925266657,1475920.625736812,1496584.095350365,1496584.095350365,1541562.8813043223
2021-12-10,1230045.3664638272,1328592.2696441829,1441239.7971130174,1469186.1291424183,1489755.3131532674,1489755.3131532674,1534528.864844931
2021-12-13,1230045.3664638272,1332340.1477092877,1445305.4470084533,1473330.6139424418,1493957.8223715662,1493957.8223715662,1538857.677532034
2021-12-14,1230045.3664638272,1330341.6374877237,1426502.248879941,1454162.8127692684,1474521.6644384195,1474521.6644384195,1518837.3794959967
2021-12-15,1230045.3664638272,1325982.7718101926,1423961.055334347,1451572.3442600507,1471894.9283505857,1471894.9283505857,1516131.6986962557
2021-12-16,1239161.4242526575,1337813.5514071493,1436666.0238742565,1464523.6682433432,1485027.575966679,1485027.575966679,1529659.038831111
2021-12-17,1240914.5971348581,1339706.2978999496,1438698.627427385,1466595.684955818,1487128.6017285772,1487128.6017285772,1531823.2094495674
2021-12-20,1243106.5857536164,1342072.795130505,1441239.9876663776,1469186.3233906997,1489755.510121101,1489755.510121101,1534529.067732495
2021-12-21,1233463.1548715981,1331661.6313680413,1430059.5318915125,1457789.0732073328,1478198.6939497432,1478198.6939497432,1522624.9195518664
2021-12-22,1244421.4276294622,1329664.1389209891,1442764.3965229024,1470740.2912672698,1491331.2341595122,1491331.2341595122,1536152.1490523757
2021-12-23,1242554.795488018,1335155.1507761006,1450895.5535286665,1479029.1153135372,1499736.1050045204,1499736.1050045204,1544809.6223992296
2021-12-24,1242866.7778981733,1337493.618989157,1453436.7361997736,1481619.5727374067,1502362.8298518066,1502362.8298518066,1547515.2916205963
2021-12-27,1244604.8026388728,1339363.969892141,1455469.221942798,1479397.1433783006,1504463.733837836,1504463.733837836,1549679.3368032954
2021-12-28,1254165.4859214122,1349652.5648654476,1466649.7028705394,1488528.6385117765,1516020.576008775,1516020.576008775,1561583.5117649047
2021-12-29,1264160.1937543687,1360408.2292600232,1478337.741999374,1500391.0354680947,1528102.0619817574,1528102.0619817574,1574028.0983302777
2021-12-30,1268506.089395143,1358367.616916133,1476120.2353863749,1505549.0390919335,1533355.3298212565,1533355.3298212565,1579439.249452411
2022-01-03,1266603.3302610505,1356797.601735468,1474414.120525285,1506064.6234837954,1533880.436645881,1533880.436645881,1579980.1379945753
2022-01-04,1266603.3302610505,1372596.2014489193,1491582.251182536,1523601.2937274454,1531579.6159909123,1531579.6159909123,1598377.4831280366
2022-01-05,1266603.3302610505,1394899.9012951963,1515819.3886533314,1548358.7175821995,1554135.478619208,1554135.478619208,1624349.966213086
2022-01-06,1266603.3302610505,1378172.4510580485,1497641.8883404713,1529791.0100545401,1535498.4969574774,1535498.4969574774,1604870.9819488297
2022-01-07,1266603.3302610505,1378171.905986998,1497641.296018925,1529790.4050179266,1535497.8896635368,1535497.8896635368,1604870.3472178776
2022-01-10,1245091.7671634504,1376104.6481280176,1474414.1709496554,1506064.6749906002,1511683.6414709815,1511683.6414709815,1579980.192029261
2022-01-11,1258736.9016503526,1389101.9181890774,1490572.4816722746,1522569.8480053067,1528250.3935237352,1528250.3935237352,1597295.4155135478
2022-01-12,1273661.0003364382,1405571.6777432014,1508245.317660537,1540622.0578343,1546369.9542199327,1546369.9542199327,1616233.6021836146
2022-01-13,1275366.5200873443,1407453.8349711234,1510264.9619597679,1542685.056817251,1548440.6500317957,1548440.6500317957,1618397.8502291106
2022-01-14,1286026.554307186,1419217.9089116969,1522888.373286589,1555579.448536883,1561383.149350033,1561383.149350033,1631925.0803963093
2022-01-17,1284097.5144757254,1422040.898200563,1525917.5751723116,1558673.676768943,1564488.9218172159,1564488.9218172159,1635171.168959075
2022-01-18,1284097.5144757254,1419907.836853262,1537026.532334878,1570021.1043019742,1575878.685390661,1575878.685390661,1647075.512132643
2022-01-19,1255216.5062995548,1387972.2794806503,1504710.5097832058,1537011.3700222734,1542745.7953172391,1542745.7953172391,1612445.7069375894
2022-01-20,1251004.509343246,1383314.8080506034,1499661.3122499315,1531853.7839167248,1537568.9668086728,1537568.9668086728,1607034.9938249516
2022-01-21,1238840.788200101,1369864.6122658222,1485079.860404528,1516959.319412023,1522618.9326473789,1522618.9326473789,1591409.530138634
2022-01-24,1223344.496504933,1352729.3824471459,1466503.4372461631,1497984.1255636956,1503572.9443770302,1503572.9443770302,1571503.0607033423
2022-01-25,1227218.7045525322,1357013.3393167546,1471147.7050175413,1502728.0894847456,1508334.6075208953,1508334.6075208953,1576479.8516416247
2022-01-26,1225377.8764957034,1354977.8193077794,1456698.9881310374,1500473.9973505186,1493520.6635233918,1493520.6635233918,1560996.6265541913
2022-02-07,1236111.928724244,1366847.139751655,1471663.5536461133,1513617.8336838358,1508863.4955013907,1508863.4955013907,1577032.634320527
2022-02-08,1242179.8278061126,1373556.7995418601,1478887.7424258504,1521047.970105858,1516270.2935479619,1516270.2935479619,1584774.065053055
2022-02-09,1243913.4956224894,1375473.825695422,1476669.4108122117,1523170.8446316787,1518386.5000343407,1518386.5000343407,1586985.879905711
2022-02-10,1247380.9669185618,1379308.0280140575,1478567.8491292666,1527416.7598029196,1522619.0786049096,1522619.0786049096,1591409.6826903988
2022-02-11,1254315.5740025763,1386976.061658769,1486787.7012455745,1535908.1793160273,1531083.8262071058,1531083.8262071058,1600256.8602182202
2022-02-14,1252434.1006415724,1384895.5975662807,1479081.4753665358,1527947.3552189781,1523148.0073981325,1523148.0073981325,1591962.508025912
2022-02-15,1252434.1006415724,1370813.4883860673,1466237.7132818566,1514679.261043514,1509921.5888724546,1509921.5888724546,1578138.5314287152
2022-02-16,1261074.7595112866,1382341.2639034004,1478567.953213812,1527416.867326209,1522619.1857904638,1522619.1857904638,1591409.794718503
2022-02-17,1265456.438824312,1387144.2909039047,1483705.3255738856,1532723.9681459283,1527909.6167801218,1527909.6167801218,1596939.242773404
2022-02-18,1257569.111182941,1378498.5081076345,1474457.6978665888,1523170.8174015367,1518386.47288973,1518386.47288973,1586985.8515347305
2022-02-21,1257131.1347499248,1378018.4153205818,1473944.1851559137,1522640.3392627628,1517857.6610054187,1517857.6610054187,1586433.1483899716
2022-02-22,1249682.0461823232,1375951.387697601,1465210.3780967863,1513617.9847682754,1508863.6461112676,1508863.6461112676,1577032.791734827
2022-02-23,1247807.5231130498,1366664.4945239902,1457504.0188082769,1505657.0228541745,1500927.689918132,1500927.689918132,1568738.2959514598
2022-02-24,1239351.0928982683,1359438.6707846872,1449797.9086536388,1497696.3183048274,1492991.9902813565,1492991.9902813565,1560444.0683154457
2022-02-25,1221344.980450365,1339687.8465731766,1428734.2856661412,1475936.7955394564,1471300.815105194,1471300.815105194,1537772.9047333456
2022-03-01,1221344.8312647305,1339687.6829321212,1428734.111148184,1475936.6152557766,1471300.635387793,1471300.635387793,1537772.7168964688
2022-03-02,1229689.107543192,1348840.4822620712,1438495.2792038408,1486020.2726897206,1481352.6196235954,1481352.6196235954,1548278.8410268482
2022-03-03,1234080.929194148,1346817.221538678,1443632.8498900016,1491327.5783878227,1486643.2548481044,1486643.2548481044,1553808.502543753
2022-03-04,1232229.8078003568,1325657.0703239823,1423083.0337620627,1470098.8376281972,1465481.1944687655,1465481.1944687655,1531690.3587042475
2022-03-07,1216170.186939701,1310342.3839638247,1406642.8315299717,1453115.484149604,1448551.1864279127,1448551.1864279127,1513995.4676426398
2022-03-08,1176638.096675844,1267749.1893964068,1360919.3530380528,1450935.8109233796,1401465.4603768722,1401465.4603768722,1464782.449490529
2022-03-09,1174417.1328843944,1265356.248819144,1358350.5490746934,1446028.0542712968,1398820.1235895816,1398820.1235895816,1462017.5986907291
2022-03-10,1201068.00893359,1294070.7929117784,1389175.3992076572,1478842.5571927538,1430563.3438518292,1430563.3438518292,1495194.9500026542
2022-03-11,1206842.5118736466,1292129.6867224108,1387091.6361088457,1485952.546494669,1437441.2160235676,1437441.2160235676,1502383.5584499096
2022-03-14,1205032.248105836,1282121.7189331008,1376348.1569073026,1476655.0221861857,1428447.2244728133,1428447.2244728133,1492983.2261927961
2022-03-15,1186738.739711081,1264551.9076750565,1357487.094821605,1456419.3849218516,1408872.2124006762,1408872.2124006762,1472523.8321210213
2022-03-16,1187184.4138165659,1265026.8041467345,1357996.8926620625,1456966.3363146612,1409401.307678342,1409401.307678342,1473076.8314625998
2022-03-17,1207238.206815964,1286395.5025341178,1380936.031908106,1481577.2568890112,1433208.7648419682,1433208.7648419682,1497959.888809514
2022-03-18,1217487.9462140924,1297317.306192631,1392660.507138123,1494156.200046682,1445377.0480024954,1445377.0480024954,1510677.9244071792
2022-03-21,1219270.609706781,1295371.330233342,1394699.6608328305,1496343.9652056554,1447493.3900202182,1447493.3900202182,1512889.8809143673
2022-03-22,1217441.703792221,1293431.0821682578,1394699.5516124973,1496343.8480254547,1447493.276665555,1447493.276665555,1512889.762438439
2022-03-23,1222727.291244773,1300995.1513924613,1402855.8454427626,1505094.5643223769,1455958.3116389785,1455958.3116389785,1521737.2403206695
2022-03-24,1221838.417965882,1300049.3805453395,1401836.0259915418,1504000.4214582979,1454899.8888429375,1454899.8888429375,1520630.9989043702
2022-03-25,1229836.1007969987,1308559.0021593831,1411011.9037117548,1513845.0278905577,1464423.1021344003,1464423.1021344003,1530584.462679595
2022-03-28,1217395.4890940816,1295322.0558494872,1396738.578029661,1498531.4766310253,1449609.4865878825,1449609.4865878825,1515101.5808822766
2022-03-29,1217395.3820632852,1293379.0727657129,1396738.4552314056,1498531.344883357,1449609.3591413302,1449609.3591413302,1515101.4476778002
2022-03-30,1215569.2889901903,1301339.8452442235,1407443.409759735,1510016.4656990469,1460719.5295639508,1460719.5295639508,1526713.5659254573
2022-03-31,1218144.9143160987,1306053.352476054,1412541.2285305494,1515485.808359434,1466010.3166642135,1466010.3166642135,1532243.3861797298
2022-04-01,1201000.3509930656,1287671.5375198617,1392660.6689564588,1494156.3736581749,1445377.2159461596,1445377.2159461596,1510678.099938392
2022-04-06,1189130.7072850876,1274945.3111281483,1378896.8212332176,1479389.4305971984,1431092.3636871867,1431092.3636871867,1495747.8704935068
2022-04-07,1187812.1547857705,1273531.6041940143,1377367.8489858452,1477749.028394794,1429505.5150747232,1429505.5150747232,1494089.3294425483
2022-04-08,1179019.7818329604,1271621.3067877232,1367172.3548812428,1475532.404852202,1418924.0897407632,1418924.0897407632,1483029.8445262301
2022-04-11,1177251.252160211,1270190.229845897,1367682.1958342805,1473871.8472709234,1419453.2297629546,1419453.2297629546,1483582.890633853
2022-04-12,1157963.0951850044,1251253.423972304,1347291.9175667288,1451898.4259687383,1398291.1159101918,1398291.1159101918,1461464.6909050408
2022-04-13,1168916.1425189686,1263088.8944087462,1345270.9796903788,1465631.775718717,1396193.6792363266,1396193.6792363266,1475288.5269175717
2022-04-14,1189507.878137774,1285339.5859944278,1345270.9796903788,1491450.4815628193,1418661.16535852,1418661.16535852,1501277.3469900521
2022-04-15,1164096.8711723562,1257881.3624946682,1314560.6235559657,1459589.1889458243,1388354.84337692,1388354.84337692,1469206.126763153
2022-04-18,1156648.7411905602,1255994.5404509262,1306149.795698199,1450250.4386506323,1379471.865000805,1379471.865000805,1459805.8453319669
2022-04-19,1154913.7680787742,1256488.5321928905,1308623.5091358062,1452997.0638920877,1382084.4428999806,1382084.4428999806,1462570.567531357
2022-04-20,1154913.7680787742,1256013.5912507686,1308128.8616588197,1452447.8445584092,1381562.027875422,1381562.027875422,1462017.729502624
2022-04-21,1162343.1759969923,1265989.50103624,1318518.6978855794,1463983.9368159685,1392535.108301561,1392535.108301561,1473629.830737734
2022-04-22,1146205.538854955,1248412.8682351501,1300212.7648781282,1443658.4064201429,1373201.5528169316,1373201.5528169316,1453170.379535012
2022-04-25,1133993.3760934907,1235111.7449866754,1286359.7434339223,1428277.0539196383,1358570.877690332,1358570.877690332,1437687.682415306
2022-04-26,1131812.6196010034,1233259.0773691954,1283885.9746965494,1425530.367277485,1355958.2413870813,1355958.2413870813,1434922.8984106614
2022-04-27,1107824.2721699427,1205312.6410428914,1256674.4890764793,1395316.7814492632,1327219.21088584,1327219.21088584,1404510.2413791523
2022-04-28,1106162.535761688,1208634.1880523292,1260137.5767840943,1399161.9334246302,1330876.7026026545,1330876.7026026545,1408380.7282828165
2022-04-29,1106162.535761688,1223344.7481073583,1275474.9962317052,1416191.4497595285,1347075.103949405,1347075.103949405,1425522.4486549138
2022-05-03,1106162.535761688,1220023.0595229024,1272011.7609161523,1412346.1338914153,1343417.4563385283,1343417.4563385283,1421651.7967786475
2022-05-04,1106162.535761688,1217650.397075295,1269537.9924783483,1409599.447581881,1340804.820351663,1340804.820351663,1418887.013108813
2022-05-05,1114836.4150649346,1215823.921479682,1281412.2059591764,1422783.680635332,1353345.6050838307,1353345.6050838307,1432158.1144060164
2022-05-06,1088579.5701371199,1185410.4833571801,1251232.135479043,1389274.0015797804,1321471.3451419754,1321471.3451419754,1398427.646855869
2022-05-09,1080401.1467525559,1176504.5759863716,1241831.7145662834,1378836.4816282939,1311543.2218815149,1311543.2218815149,1387921.3561974599
2022-05-10,1051561.905889724,1145100.0380098252,1208683.393653141,1376768.2269058514,1276534.085699509,1276534.085699509,1350873.4518978782
2022-05-11,1066196.8154383043,1161036.7464304012,1225505.0111346324,1393838.3749992857,1294300.0020713892,1294300.0020713892,1369673.9720283374
2022-05-12,1064597.520215147,1153068.4464909676,1217094.2596782097,1384272.3364796315,1285417.1043854868,1285417.1043854868,1360273.7759863844
2022-05-13,1055224.8615033154,1151338.8438212313,1208188.596501605,1374143.4059754002,1276011.5125982654,1276011.5125982654,1350320.4465868142
2022-05-16,1066891.932274347,1162325.1090873815,1206376.3136068524,1389336.592709289,1290119.706183589,1290119.706183589,1365250.2352874475
2022-05-17,1064299.3689839295,1159500.6417555062,1201642.337685174,1385960.4840901026,1286984.6960768339,1286984.6960768339,1361932.6568756448
2022-05-18,1083312.3426704938,1180214.3204757127,1223108.8487185133,1410719.7115993511,1309975.789442679,1309975.789442679,1386262.6438348307
2022-05-19,1066891.8561379618,1162325.0261406186,1204569.3734562881,1389336.493562353,1290119.614117047,1290119.614117047,1365250.1378593815
2022-05-20,1065291.518353755,1165149.7562505212,1207496.7675174538,1392712.9162822377,1293254.9158935843,1293254.9158935843,1368568.024926448
2022-05-23,1077019.0696092919,1163402.0316161453,1222621.0086496053,1410157.0424615736,1309453.30227397,1309453.30227397,1385709.72946061
2022-05-24,1074440.3829828114,1158878.2025745602,1219693.7100221054,1406780.729813784,1306318.1027089343,1306318.1027089343,1382391.9505573637
2022-05-25,1063266.2930370292,1146825.9663808448,1207008.9976472263,1392150.3281108127,1292732.5039091664,1292732.5039091664,1368015.1901148995
2022-05-26,1074440.2438365088,1158878.0524930668,1219693.5520646486,1406780.5476274658,1306317.933533113,1306317.933533113,1382391.771529535
2022-05-27,1067134.1934714688,1150997.8362902359,1211399.7985754088,1397214.6275193123,1297435.1458025745,1297435.1458025745,1372991.691846231
2022-05-30,1065533.4921812615,1179737.9385667576,1241648.121388099,1432102.6959683232,1329831.7477872518,1329831.7477872518,1407274.9201932608
2022-05-31,1073970.8038380502,1177968.3316589075,1253357.197645471,1445607.8101682584,1342372.4193962966,1342372.4193962966,1420545.9017795806
2022-06-01,1081077.6473732572,1183987.3824358506,1261651.1042075113,1455173.9068288233,1351255.3710710849,1351255.3710710849,1429946.1549544793
2022-06-02,1073970.738843582,1176203.9544390677,1253357.1217949134,1445607.7226830958,1342372.338158724,1342372.338158724,1420545.8158111123
2022-06-06,1072298.6154084546,1174372.6585521563,1251405.7019469256,1443356.977421914,1340282.3256806193,1340282.3256806193,1418334.090795356
2022-06-07,1069790.4111903256,1171625.6938414783,1248478.5499249878,1439980.8338672975,1337147.2831332823,1337147.2831332823,1415016.4780537842
2022-06-08,1068185.7255735402,1176661.9421868885,1253845.1512759058,1446170.6102865979,1342895.028191834,1342895.028191834,1421098.944863607
2022-06-09,1064095.686509456,1174896.9492736082,1250917.7962770204,1444001.354371168,1339759.7682518363,1339759.7682518363,1417781.1020694438
2022-06-10,1052475.2532312372,1160326.0242333289,1237257.1763041522,1426093.030151233,1325128.9514999313,1325128.9514999313,1402298.255076838
2022-06-13,1030064.582978089,1135618.855266263,1210911.8893139209,1395726.8048638338,1296912.5845271298,1296912.5845271298,1372438.6990496453
2022-06-14,1017614.2104682885,1121892.650122562,1196275.6185910536,1378856.679505065,1281236.8249127888,1281236.8249127888,1355850.0566165354
2022-06-15,1020934.2743801813,1125552.9324401363,1194481.205163167,1383355.3316015115,1285416.9828756216,1285416.9828756216,1360273.6474003538
2022-06-16,1019402.8729686111,1135618.750031413,1203358.4105417505,1395726.6755254557,1296912.4643456086,1296912.4643456086,1372438.5718693153
2022-06-17,1019402.8729686111,1133915.321906366,1173298.6915381937,1360861.6250928289,1264515.7786126453,1264515.7786126453,1338155.254896892
2022-06-20,1019402.8729686111,1131281.2875380942,1172329.0311280445,1359736.9552614717,1263470.7327966287,1263470.7327966287,1337049.3505072726
2022-06-21,1019402.8729686111,1131749.2051933547,1172813.926845389,1360299.3661621783,1263993.3263101014,1263993.3263101014,1337602.3774192783
2022-06-22,1019402.8729686111,1138767.1319291617,1180086.4941028396,1368734.5223316585,1271831.2929884854,1271831.2929884854,1345896.7905660195
2022-06-23,1001984.8435592154,1120988.5492263164,1161662.8280664166,1347365.6583899243,1251975.295047838,1251975.295047838,1324884.472305625
2022-06-24,992366.4537313931,1110227.8027656376,1150511.6355103059,1334431.8418493662,1239957.162717814,1239957.162717814,1312166.4602384984
2022-06-27,1001984.8500285473,1108562.461061489,1161662.835566712,1347365.6670892134,1251975.3031312376,1251975.3031312376,1324884.480859764
2022-06-28,1010348.6036288512,1116141.625333327,1171359.450962677,1358612.3785027864,1262425.7734639547,1262425.7734639547,1335943.5376373807
2022-06-29,992784.6574979597,1096738.568495925,1150996.4849302352,1334994.1990515767,1240479.7063345194,1240479.7063345194,1312719.4343479825
2022-06-30,991295.4805117127,1087498.9590024436,1141299.7729200888,1323747.3755791278,1230029.131876435,1230029.131876435,1301660.2673812248
2022-07-01,972571.0416793642,1068557.7824167113,1121421.5373069118,1300691.4153060778,1208605.4801114367,1208605.4801114367,1278989.0024802312
2022-07-04,935568.8182434324,1027903.6686041988,1078756.1807303415,1251205.596473503,1162623.1424677477,1162623.1424677477,1230328.8688614522
2022-07-05,946501.2664684717,1026361.8131012926,1091361.8232691963,1265826.3706331293,1176208.7997303798,1176208.7997303798,1244705.6911713842
2022-07-06,933466.3953546324,1010711.0649942255,1076331.9852659607,1248393.8703521048,1160010.4800338263,1160010.4800338263,1227564.0572044088
2022-07-07,920431.4393075817,996597.4617900499,1061302.0493306166,1230961.256483595,1143812.054791518,1143812.054791518,1210422.311545188
2022-07-08,919050.7921486204,1031653.7057875925,1098634.337463881,1229114.8145988695,1184046.7092206792,1184046.7092206792,1253000.0437996746
2022-07-11,920509.064291966,1034840.5826901887,1102028.1239397312,1231065.0701347063,1182270.6391568482,1182270.6391568482,1256870.680696664
2022-07-12,898640.5418674722,1010255.8878010152,1075847.2554663331,1201818.6725308334,1152454.7680924432,1152454.7680924432,1227011.2195227046
2022-07-13,915244.4205754899,1008740.5039693137,1095725.32295369,1224024.2714750613,1173748.2867958376,1173748.2867958376,1249682.2926750397
2022-07-14,912814.6189501582,1004555.6543633533,1094081.7349692595,1220774.7174789764,1170632.2060737137,1170632.2060737137,1246364.621463255
2022-07-15,928203.6049651968,1021491.2868514758,1110860.3818123278,1241355.5502842213,1190367.694829077,1190367.694829077,1267376.8700963855
2022-07-18,926811.2995577491,1038115.3759746678,1128938.8933262066,1261557.7835946016,1209740.1348125855,1209740.1348125855,1288002.583024486
2022-07-19,919772.9425996077,1031777.105248501,1122046.0946019005,1253855.272915942,1202353.9996486085,1202353.9996486085,1280138.6121633023
2022-07-20,935109.2822673175,1048981.0078798765,1140755.1468392992,1274762.1179305802,1222402.1098782085,1222402.1098782085,1301483.7068802638
2022-07-21,931477.0958107632,1047407.5363680567,1136324.1830223773,1269810.6392233544,1217654.0098730437,1217654.0098730437,1296428.4351775867
2022-07-22,941163.0114008271,1056713.8777303374,1148140.1902749476,1283014.6983700553,1230315.721052606,1230315.721052606,1309909.2780755637
2022-07-25,938741.5096391395,1053995.077176632,1145186.160569427,1279713.652414424,1227150.2633690038,1227150.2633690038,1306539.0355287495
2022-07-26,937333.3973746808,1056713.9788070426,1148140.3000967547,1283014.821092867,1230315.8387346596,1230315.8387346596,1309909.4033708936
2022-07-27,927099.8817283883,1046744.8686112566,1137308.6678845934,1270910.7736487885,1218708.9570070107,1218708.9570070107,1297551.6306427964
2022-07-28,945962.9769355265,1068042.302149256,1160448.7438408276,1296769.1643093734,1243505.2314310325,1243505.2314310325,1323952.0654043264
2022-07-29,948371.0899621648,1066440.2386960322,1163402.8676331157,1300070.315404348,1246670.7899354496,1246670.7899354496,1327322.4152944174
2022-08-01,947969.7377156712,1064392.3308901126,1162910.5135752542,1299520.1234518415,1246143.1967522807,1246143.1967522807,1326760.690207225
2022-08-02,937360.6405375355,1052480.3032959758,1149895.930770401,1284976.6894938487,1232197.1246929816,1232197.1246929816,1311912.3964964394
2022-08-03,935954.5995767292,1044353.1213902888,1141016.5119606485,1275054.186177274,1222682.1816154881,1222682.1816154881,1301781.897467372
2022-08-04,940209.3265911643,1050674.2648072273,1147922.728704269,1282771.6911189596,1230082.6951630875,1230082.6951630875,1309661.1769016222
2022-08-05,953542.7581931856,1065574.237663913,1164201.8154509158,1300963.117348005,1247526.920631741,1247526.920631741,1328233.9321702302
2022-08-08,961623.7009865628,1063975.8763074172,1174068.0203900957,1299011.672671983,1258099.2768183951,1258099.2768183951,1339490.2521725215
2022-08-09,956775.1115898364,1057025.6799209043,1168148.2684654512,1290526.154875493,1251755.8320724384,1251755.8320724384,1332736.4271294835
2022-08-10,953542.7688100939,1053454.653372338,1164201.8284133382,1286166.276730409,1247526.934521919,1247526.934521919,1328233.946959014
2022-08-11,952112.4546568787,1069524.204531528,1181960.7331572885,1305785.6449841643,1266556.8926056314,1266556.8926056314,1348495.0215992024
2022-08-12,952112.4546568787,1076220.0300612906,1180187.7920575526,1313960.600558837,1274486.254036138,1274486.254036138,1356937.36199143
2022-08-15,957783.9239482005,1084254.7198491588,1187217.8427494736,1323770.1799423113,1284001.1314813194,1284001.1314813194,1367067.7911421943
2022-08-16,962121.4017940464,1082628.337769385,1192594.3488301889,1329765.085144752,1289815.9361805706,1289815.9361805706,1373258.7765091292
2022-08-17,962909.989114076,1081892.8573736658,1193571.8395914098,1330855.005692001,1290873.1130509193,1290873.1130509193,1374384.3459604012
2022-08-18,957389.6795766143,1075690.4256546155,1186729.1584641694,1323225.2877910999,1283472.6091220067,1283472.6091220067,1366505.0767671056
2022-08-19,956206.6926008307,1074361.2617930546,1185262.790935676,1321590.2604716318,1281886.701719038,1281886.701719038,1364816.571299956
2022-08-22,954772.3825619294,1063285.3202250202,1173043.5292384892,1307965.554311399,1268671.3125292002,1268671.3125292002,1350746.2309662264
2022-08-23,941822.9128770508,1050437.398009838,1158869.3732222195,1292161.1042900502,1253341.663910936,1253341.663910936,1334424.8521436243
2022-08-24,943809.0784057175,1048861.7419128234,1161313.2577039534,1294886.0813613606,1255984.776511475,1255984.776511475,1337238.9572218575
2022-08-25,941425.6274103376,1044646.0268285173,1158380.5318981176,1291616.0370376317,1252812.9717108523,1252812.9717108523,1333861.9569401531
2022-08-26,952150.7888633086,1056547.12339178,1171577.3451851758,1306330.7315702008,1267085.6035585073,1267085.6035585073,1349057.9367686515
2022-08-29,923550.5334898814,1024811.0602634399,1136386.0586222361,1267091.7864765709,1229025.485071362,1229025.485071362,1308535.5720797628
2022-08-30,922165.2076896466,1027455.7845717069,1139318.723919624,1270361.7633322447,1232197.2244308223,1232197.2244308223,1311912.5026866803
2022-08-31,916043.6503593822,1022166.2356626069,1133453.2821130569,1263821.6856176623,1225853.6254340042,1225853.6254340042,1305158.513413737
2022-09-01,912488.5998444153,1020632.986309113,1129054.4920852168,1258916.952166894,1221096.2412627768,1221096.2412627768,1300093.3569188423
2022-09-02,909328.4039136481,1015574.8946448386,1125144.2696319057,1254556.9807326316,1216867.253225697,1216867.253225697,1295590.7804079107
2022-09-05,901428.0667976879,1006751.4772747573,1115368.9024533094,1243657.262834993,1206294.98749147,1206294.98749147,1284334.55670974
2022-09-06,906958.3265386596,1012927.8959697235,1122211.688877169,1241791.7769407404,1213695.6053008968,1213695.6053008968,1292213.9471508907
2022-09-07,905597.8890488517,997928.2092267273,1105593.7007069732,1221570.6612668808,1195722.900675721,1195722.900675721,1273078.5235049282
2022-09-08,903841.7740541622,997487.0389323079,1105104.9329840655,1221030.6217296654,1195194.288076881,1195194.288076881,1272515.713052392
2022-09-12,921830.5489050435,995990.8083739094,1127099.3620940186,1245332.2700611025,1218981.7269499884,1218981.7269499884,1297842.04705622
2022-09-13,928226.7009222859,1001399.4246885424,1125408.7130508777,1253973.049563094,1227439.6723295094,1227439.6723295094,1306847.167397698
2022-09-14,903841.6851657395,975092.1220378388,1094202.316078552,1221030.501647269,1195194.1705353619,1195194.1705353619,1272515.5879066885
2022-09-15,907439.4598849121,978973.5117138292,1098557.828216417,1225890.857993148,1199951.6844250495,1199951.6844250495,1277580.8825119978
2022-09-16,906078.3006950847,971642.0582528604,1090330.817479781,1216710.2604937633,1190965.3432988506,1190965.3432988506,1268013.1825990935
2022-09-19,907130.4980392687,974229.5481063542,1093234.3763605624,1219950.368748577,1194136.8926523128,1194136.8926523128,1271389.9109078404
2022-09-20,903918.0982067421,972768.2037841947,1089362.9312541264,1215630.1872876633,1189908.1238453311,1189908.1238453311,1266887.5678097918
2022-09-21,905925.894750596,973468.7281311362,1091782.6406644299,1218330.3634357932,1192551.165757314,1192551.165757314,1269701.5976263718
2022-09-22,886650.8707163609,952756.6221630541,1068553.2167557988,1192408.4340893223,1167177.7301206656,1167177.7301206656,1242686.6630137647
2022-09-23,885446.1409044568,951462.0716876436,1067101.3285793492,1190788.25862234,1165591.8366718376,1165591.8366718376,1240998.172403499
2022-09-26,884117.9716931002,932475.850925164,1045807.5513461627,1167026.3353336155,1142332.7025575973,1142332.7025575973,1216234.3210969577
2022-09-27,884117.9716931002,930318.4295408266,1043387.9202394297,1164326.2465651657,1139689.7461763886,1139689.7461763886,1213420.382344446
2022-09-28,884117.9716931002,928922.9518965153,1041452.2960575495,1162166.265608196,1137575.4692236385,1137575.4692236385,1211169.3251975381
2022-09-29,884117.9716931002,917618.3492039302,1030321.4258340539,1149745.2244048892,1125417.2503927872,1125417.2503927872,1198224.5473824749
2022-09-30,856670.6832022931,890464.7438972908,999832.7794808692,1115722.6614801523,1092114.5861108878,1092114.5861108878,1162767.4137532522
2022-10-03,850036.2461433222,883568.5906700835,992089.6317637487,1107082.0112069484,1083656.7672257447,1083656.7672257447,1153762.4280895293
2022-10-04,867036.9796983168,901239.9714561348,1011931.4344737057,1129223.6626735183,1105329.9135748069,1105329.9135748069,1176837.688367791
2022-10-05,883208.3667810988,918049.28959844,1030805.294887137,1150285.1783639842,1103671.9187044448,1103671.9187044448,1198787.2686484656
2022-10-06,893989.3991781854,916672.2156640424,1043387.9941654162,1148559.7505964383,1115470.8704521067,1115470.8704521067,1213420.4683175504
2022-10-07,892648.4150794181,911903.0201042616,1039516.470262184,1142584.1074285922,1111331.880773805,1111331.880773805,1208918.0335818315
2022-10-11,846496.9050704825,866053.1468039041,987250.278129487,1085135.7435065014,1055454.857883475,1055454.857883475,1148134.4442656047
2022-10-12,833218.4718695901,852467.9478629809,971763.940504173,1068113.941775458,1038898.6404383607,1038898.6404383607,1130124.4238715488
2022-10-13,834463.3245344295,853741.559805604,970306.2945934167,1069709.7351137737,1040450.7852655702,1040450.7852655702,1131812.8626761998
2022-10-14,844422.1279527976,863930.4370326992,980415.6762863487,1082476.0588736064,1052867.9215641937,1052867.9215641937,1145320.3488345174
2022-10-17,829483.9629460254,862634.5413771502,963071.7310452426,1063326.6246652238,1034242.267140862,1034242.267140862,1125059.1740143092
2022-10-18,828239.7370016064,874700.0109811882,978006.805355446,1079816.426663832,1050281.036234144,1050281.036234144,1142506.308870031
2022-10-19,821295.8969945534,868667.704860103,971262.051309095,1072369.5498392785,1043037.8481191375,1043037.8481191375,1134627.0957525598
2022-10-20,800111.5244536404,846261.4316261112,946209.4762200468,1044709.0244081169,1016133.8998226874,1016133.8998226874,1105360.709326675
2022-10-21,809074.0246282007,855740.8829236685,956808.5019016024,1056411.3990489722,1027516.1883864675,1027516.1883864675,1117742.4776771022
2022-10-24,820888.302107862,868236.6001680782,970780.030825126,1071837.3514601588,1042520.2065540513,1042520.2065540513,1134064.0000348985
2022-10-25,803370.6127630761,866934.2452678261,950063.6642275647,1048964.4298911656,1020272.9104637287,1020272.9104637287,1109863.1668658736
2022-10-26,802165.5568439314,850272.0463272886,933201.4500568307,1030346.8745206131,1002164.5868043611,1002164.5868043611,1090164.74967073
2022-10-27,814609.9104551544,864757.891505228,949100.1401099061,1047900.6037868509,1019238.1823788221,1019238.1823788221,1108737.5792143918
2022-10-28,815437.0015812073,865635.8989650791,950063.7820857101,1048964.560018237,1020273.0370315342,1020273.0370315342,1109863.3045476095
2022-10-31,817504.4949145337,867830.6686980295,952472.6138310052,1051624.1489632174,1022859.8802801789,1022859.8802801789,1112677.298735519
2022-11-01,817504.385299088,867830.5523345768,952472.4861183006,1051624.0079557362,1022859.743129567,1022859.743129567,1112677.1495416996
2022-11-02,823707.1200898226,866528.806506075,959699.2782103112,1059603.102549256,1030620.5916691505,1030620.5916691505,1121119.4788923766
2022-11-03,822471.5594096879,855675.1825680683,949100.1743978667,1047900.6416441572,1019238.2192006465,1019238.2192006465,1108737.6192695438
2022-11-04,817904.6887886521,852200.3308192529,945245.9286887537,1043645.1724528297,1015099.14659389,1015099.14659389,1104235.0943234148
2022-11-07,832078.3445611476,866968.303547381,961626.3096759683,1042079.7046941504,1032690.0298300339,1032690.0298300339,1123370.6346050447
2022-11-08,845835.1937803272,881301.9925655702,977524.9906521996,1057721.948198534,1049763.6156568765,1049763.6156568765,1141943.4535451487
2022-11-09,855006.3951771146,890857.7525110567,988124.074995801,1069190.5901752007,1061145.9672177993,1061145.9672177993,1154325.2904245036
2022-11-10,862510.1418159328,889521.4658822902,996796.0951681753,1078574.0700445194,1070458.8454953432,1070458.8454953432,1164455.9333845852
2022-11-11,861216.376603209,931976.1479297834,995300.9010254231,1131746.8477493078,1123231.5495816732,1123231.5495816732,1221862.6133823015
2022-11-14,869828.8969067828,942708.2396835332,1005254.3220832719,1144779.3819392037,1136166.0265826073,1136166.0265826073,1235932.8679767177
2022-11-15,880919.6552558558,954728.2465115319,1018071.823094372,1159375.8980278727,1150652.7180342993,1150652.7180342993,1251691.6371129833
2022-11-16,911023.028356582,987353.8559448818,1052862.0514098536,1198994.863292288,1189973.5889828433,1189973.5889828433,1294465.2772903352
2022-11-17,902704.8762566625,978338.7605032144,1043248.8293383337,1188047.3665447265,1179108.461538258,1179108.461538258,1282646.0820236807
2022-11-18,910230.7824844895,976871.2523624597,1051946.4591710744,1197952.1907126312,1188938.7615038152,1188938.7615038152,1293339.581516925
2022-11-21,908865.4363107628,970739.0776390278,1046911.024693722,1192217.8591687162,1183247.5752471928,1183247.5752471928,1287148.651681174
2022-11-22,899964.834304331,962674.3902391328,1038213.5174601685,1182313.174616249,1173417.413846602,1173417.413846602,1276455.3029202982
2022-11-23,917821.2371113477,981775.0273183549,1058812.9431941628,1205771.7137560698,1196699.4502148447,1196699.4502148447,1301781.7370044882
2022-11-24,920598.8913600204,984746.2285344591,1062017.288606205,1209420.8087957364,1200321.0893509525,1200321.0893509525,1305721.3926001848
2022-11-25,925757.4317402483,990264.2160443807,1067968.2615208933,1216197.7516504514,1207047.042278735,1207047.042278735,1313037.9520619337
2022-11-28,909488.2225669622,988778.8197203141,1049199.847202628,1194824.3605878635,1185834.4652693192,1185834.4652693192,1289962.6967497487
2022-11-29,908123.9902331118,980836.4580313372,1042333.3120966504,1187004.779371446,1178073.7188230061,1178073.7188230061,1281520.4784571615
2022-11-30,916719.6753251229,991605.5705580539,1053777.6305010093,1200037.520899487,1191008.4016020666,1191008.4016020666,1295590.9568990998
2022-12-01,949374.2200769327,1026927.6317633485,1091314.3276177666,1242784.1532505,1233433.4069736407,1233433.4069736407,1341741.305823483
2022-12-02,934241.6035621173,1010558.8472405468,1073919.2468711827,1222974.708666777,1213773.0092615755,1213773.0092615755,1320354.5268129164
2022-12-05,934241.6500725778,1010558.8975503993,1073919.3003353814,1222974.769551581,1213773.0696882803,1213773.0696882803,1320354.5925456956
2022-12-06,930259.2882985559,1009043.0592040737,1069341.5391429665,1221140.3073972536,1208599.1583403028,1208599.1583403028,1314726.3595750292
2022-12-07,928863.899366108,987691.6906343636,1048284.3250762941,1195300.9573905908,1184799.717033301,1184799.717033301,1288837.0871776843
2022-12-08,923827.7014944294,983810.0397529028,1044164.5437588666,1190603.3973535248,1180143.4271104578,1180143.4271104578,1283771.9280162365
2022-12-09,923422.5734843846,983378.6075680675,1043706.6441926509,1190081.2796638927,1179625.8964525016,1179625.8964525016,1283208.95294447
2022-12-12,925042.5911267585,985103.8098093144,1042141.0842263619,1192169.1132563069,1181695.387515995,1181695.387515995,1285460.1662051314
2022-12-13,927472.751564335,987691.7558438733,1043313.9008645851,1195301.0363069065,1184799.7952563025,1184799.7952563025,1288837.1722694547
2022-12-14,924232.6273609312,986210.2182101074,1039669.0858376884,1191125.2545261919,1180660.6995402044,1180660.6995402044,1284334.6221847506
2022-12-15,922846.2784198899,986459.1847069449,1041491.4452243147,1193213.0902787424,1182730.1927448562,1182730.1927448562,1286585.837774586
2022-12-16,906952.9186860675,970924.4819450447,1025090.0975746113,1174422.438849413,1164104.6253857014,1164104.6253857014,1266324.7576636677
2022-12-19,905743.5891994421,969629.852884251,1023723.2441736205,1172856.465957333,1162552.4102486297,1162552.4102486297,1264636.242375239
2022-12-20,904131.245018712,967903.7826482564,1021900.8804990618,1170768.625292196,1160482.9121745504,1160482.9121745504,1262385.0214883916
2022-12-21,893247.8412499774,956252.7223250082,1009599.8346549195,1156675.5964990614,1146513.6967874067,1146513.6967874067,1247189.1680366322
2022-12-22,900906.5160170837,954818.3432415207,1018256.1072161003,1166592.8913365598,1156343.8638633662,1156343.8638633662,1257882.5229712313
2022-12-23,899555.156243058,944430.2656260391,1008688.6164885284,1155631.634545055,1145478.9064945916,1145478.9064945916,1246063.5127147597
2022-12-26,899019.1964598579,945283.3703656814,1009599.7658564273,1156675.5176781917,1146513.6186590127,1146513.6186590127,1247189.083047777
2022-12-27,903887.5807727325,950402.2852338302,1015066.9679826243,1162939.166961238,1152722.2390506086,1152722.2390506086,1253942.8829566196
2022-12-28,896585.007007957,942723.9157753207,1006866.1678305266,1153543.6965163173,1143409.3119122933,1143409.3119122933,1243812.1868452982
2022-12-29,886036.93020233,931633.0273571842,995020.6634017766,1139972.571174721,1129957.4148271875,1129957.4148271875,1229179.0774623943
2022-12-30,897396.4749210263,930235.5778161484,1007777.4473874714,1154587.7288040868,1128262.4787049468,1128262.4787049468,1244937.9180047761
2023-01-03,896050.3802086448,920444.0680414223,998665.4990069211,1144148.3765314666,1116386.5696856086,1116386.5696856086,1233681.6529680295
2023-01-04,900422.8749158151,926323.0010490156,1005044.0371164111,1151456.1227486678,1123516.9995309808,1123516.9995309808,1241561.253741522
2023-01-05,908177.9719160212,934301.1687819585,1013700.2076940914,1149728.9385645448,1133193.5454689746,1133193.5454689746,1252254.4826928223
2023-01-06,907769.7698157134,933881.2249920731,1013244.5761255452,1147490.9292670728,1132684.2047894823,1132684.2047894823,1251691.6272550533
2023-01-09,930627.3180543119,957396.2569518962,1038757.9689993679,1176384.6313281152,1161205.075070644,1161205.075070644,1283209.0920365038
2023-01-10,946545.9365556507,955960.1625664684,1056526.189964875,1196506.991583026,1181067.7851300421,1181067.7851300421,1305158.7120372206
2023-01-11,945126.1176508171,960290.9877932541,1054941.4006799278,1203730.4672620834,1188198.0522168376,1188198.0522168376,1313038.1329516254
2023-01-12,942497.031462437,959056.1465979529,1052006.8379646663,1202182.5864760415,1186670.1446120546,1186670.1446120546,1311349.6930951858
2023-01-13,958677.1607710578,975520.551204198,1070066.9549768225,1222820.815618867,1207042.0670113328,1207042.0670113328,1333862.0267098364
2023-01-16,955441.1508057832,972227.6864586899,1066454.9493178674,1218693.1900666892,1202967.7025462268,1202967.7025462268,1329359.5821045402
2023-01-17,957463.6765533495,974285.7467868441,1068712.4746419503,1221272.9809342008,1205514.2049130534,1205514.2049130534,1332173.6371411197
2023-01-30,999283.859174853,972824.3181666639,1115391.7920446664,1274615.8495401728,1258168.7603148439,1258168.7603148439,1390360.434356596
2023-01-31,997784.9333860907,969758.9729492824,1113545.036095347,1272505.466067725,1256085.6083139672,1256085.6083139672,1388058.4123925117
2023-02-01,983898.8309377,957697.3001716491,1099694.9803359327,1256678.291514465,1240462.6607457679,1240462.6607457679,1370794.0128524879
2023-02-02,993812.2507320995,967346.7225248765,1110775.1215486976,1269340.1415528662,1252961.1277716213,1252961.1277716213,1384605.652905058
2023-02-03,999181.9255520522,972573.4012403775,1116776.7593796018,1276198.523295525,1259731.0119355754,1259731.0119355754,1392086.8266423424
2023-02-06,992159.9690920402,965738.4416569137,1108928.381041909,1267229.7757273966,1250877.993190014,1250877.993190014,1382303.6501904284
2023-02-07,983898.8309377,964289.8339944284,1099694.9803359327,1256678.291514465,1240462.6607457679,1240462.6607457679,1370794.0128524879
2023-02-08,982422.9826912935,970929.9130372739,1108928.3574866664,1267229.7488096033,1250877.966619556,1250877.966619556,1382303.6208282996
2023-02-09,984218.676896833,974163.6568587761,1112621.7139033962,1271450.3380772856,1255044.0952367655,1255044.0952367655,1386907.4709448447
2023-02-10,987485.8537604974,977397.4554401512,1116315.1328630294,1275670.998815976,1259210.2944027523,1259210.2944027523,1391511.399022496
2023-02-13,985852.1683643657,975780.4601757752,1114468.3137687666,1273560.543184538,1257127.0711739936,1257127.0711739936,1389209.2983468492
2023-02-14,990344.6536428296,980227.0491198614,1119546.897205092,1279364.102962655,1262855.7443378186,1262855.7443378186,1395539.8644517884
2023-02-15,979726.4675088291,978756.7085461817,1107543.442350724,1277445.0568082111,1249315.773879608,1249315.773879608,1380577.293609748
2023-02-16,978256.8778075658,971994.899670653,1101541.7392088338,1268619.7386799129,1242545.8160444626,1242545.8160444626,1373096.038460881
2023-02-17,976791.6991446307,971994.9084995555,1101541.7492144466,1268619.7502031422,1242545.827330855,1242545.827330855,1373096.0509330977
2023-02-20,970650.8845964671,965884.2500243845,1094616.666205542,1260644.2948169457,1234734.2913606835,1234734.2913606835,1364463.7824433271
2023-02-21,974335.3957704392,969550.6674443387,1092974.7412062336,1265429.5971994682,1239421.241494455,1239421.241494455,1369643.1750886885
2023-02-22,962053.8263086529,957329.4098356861,1077581.3420397183,1249478.763878139,1223798.2454133253,1223798.2454133253,1352378.7219386394
2023-02-23,965738.2157859786,955893.4157209325,1081708.1686776904,1254263.9082057055,1228485.0407406418,1228485.0407406418,1357557.9435125384
2023-02-24,964289.6084622996,970241.4412631592,1099591.5992894976,1275000.1309881504,1248795.072244411,1248795.072244411,1380001.8835578393
2023-03-01,964289.6084622996,949201.9881876429,1075747.2190439333,1247352.058780187,1221715.2504536454,1221715.2504536454,1350076.8735155563
2023-03-02,964289.6084622996,965790.6842347506,1094547.478485355,1269151.3643277306,1243066.5151982415,1243066.5151982415,1373671.4457706574
2023-03-03,966475.75982787,969432.2090634431,1098674.4822804325,1273936.7140727746,1247753.5117210932,1247753.5117210932,1378850.8896790477
2023-03-06,969299.2025152176,972264.2886616391,1101884.1276349344,1277658.3669574088,1251398.673529299,1251398.673529299,1382879.0367089335
2023-03-07,972526.2378855478,970805.8922286467,1105552.5708201309,1281912.005803568,1255564.8873994688,1255564.8873994688,1387482.9810356882
2023-03-08,972122.8883359417,968949.8314351526,1105094.0493796444,1281380.3403224396,1255044.1492310725,1255044.1492310725,1386907.5306121565
2023-03-09,974139.6873292602,970960.0474974033,1107386.7148369162,1284038.7352758225,1257647.9062324865,1257647.9062324865,1389784.8558404027
2023-03-10,972678.4777982662,955681.9992103816,1089961.9940718426,1263834.396435606,1237858.8268681853,1237858.8268681853,1367916.6026709457
2023-03-13,972678.4777982662,948445.1274807162,1081708.2913257142,1254264.0504187294,1228485.1800307636,1228485.1800307636,1357558.0974374176
2023-03-14,967927.918584819,945228.6432744624,1078039.8686262749,1250010.4353262468,1224318.9894260615,1224318.9894260615,1352954.1788205567
2023-03-15,974926.8709802377,943810.8003095507,1085835.0252448693,1259049.0872368314,1233171.8700582562,1233171.8700582562,1362737.2026479845
2023-03-16,965045.9899061281,932846.0115062358,1074830.0903416392,1246288.6283062606,1220673.6766504452,1220673.6766504452,1348925.864961609
2023-03-17,970398.2081014691,938019.6461811184,1080791.1794779052,1253200.6394879413,1227443.625369032,1227443.625369032,1356407.11003607
2023-03-20,979455.7465636702,946774.9684319788,1090879.1079138832,1251320.8385287095,1238900.3837947454,1238900.3837947454,1369067.5925750795
2023-03-21,977986.5629438247,943193.282862218,1086752.2709257447,1244719.9644493894,1234213.5767128495,1234213.5767128495,1363888.3580115861
2023-03-22,984350.3398720232,950754.6552525265,1095464.5240405533,1254698.6097004374,1244107.9945721247,1244107.9945721247,1374822.3499739086
2023-03-23,994239.1659185976,949328.5232696477,1106469.6079823528,1267303.3661470287,1256606.3572415335,1256606.3572415335,1388633.8747056439
2023-03-24,1005364.2234961019,958513.2824550292,1104809.9035703794,1281483.880654848,1270667.1773699115,1270667.1773699115,1404172.0191881135
2023-03-27,1003303.9836971428,956549.0518148362,1100894.5331922667,1278857.8034273644,1268063.2662411216,1268063.2662411216,1401294.5236388326
2023-03-28,996711.3975199648,950263.6865025715,1093660.691604885,1270454.5872392023,1259730.9796194711,1259730.9796194711,1392086.790930891
2023-03-29,995216.3304236849,947906.750893565,1090948.0889190966,1267303.4832889817,1256606.4733947187,1256606.4733947187,1388634.0030626643
2023-03-30,995216.3304236849,953799.1440587207,1097729.6579464579,1275181.31555051,1264417.8107315837,1264417.8107315837,1397266.0520493772
2023-03-31,995216.3304236849,952368.4453426326,1100442.438893059,1278332.6265779978,1267542.5222857129,1267542.5222857129,1400719.0668202662
2023-04-06,995216.3304236849,944300.2720994394,1092756.5079540063,1269404.2392877918,1258689.4974074645,1258689.4974074645,1390935.8835913239
2023-04-07,997014.8755970531,947425.8124759129,1096373.4237679464,1273605.8415971287,1262855.6349823733,1262855.6349823733,1395539.7436067245
2023-04-10,997014.8755970531,947425.8124759129,1096373.4237679464,1273605.8415971287,1262855.6349823733,1262855.6349823733,1395539.7436067245
2023-04-11,994959.1329575827,945472.317409678,1094112.8139704524,1270979.7966919492,1260251.7559030626,1260251.7559030626,1392662.2834742565
2023-04-12,993725.8266341364,944300.3527037121,1092756.6012303147,1269404.3476425263,1258689.6048476023,1258689.6048476023,1390936.0023198454
2023-04-13,987147.5389555204,942883.9021746565,1085522.7474922591,1261001.1173394932,1250357.3042302213,1250357.3042302213,1381728.2541456874
2023-04-14,985666.817647087,941079.4847988996,1085070.5271028245,1260475.7940169943,1248481.768273876,1248481.768273876,1381152.6368307797
2023-04-17,987061.0594862959,943824.2731120292,1088235.2851809901,1264152.1457856656,1250247.7661604357,1250247.7661604357,1385180.9592811745
2023-04-18,987061.1996765839,943824.4071614838,1088235.439740849,1264152.3253306407,1250247.9437306,1250247.9437306,1385181.1560156276
2023-04-19,984190.620961066,941079.5700072407,1085070.6253485742,1260475.908144497,1246611.9633703458,1246611.9633703458,1381152.7618847492
2023-04-20,974758.807989806,932060.9040025652,1074672.0470844347,1248396.3650486802,1234665.2828840362,1234665.2828840362,1367916.7339676009
2023-04-21,979679.6648180435,930662.8126465613,1080097.2940662159,1246523.7705011072,1240898.2207534534,1240898.2207534534,1374822.3626683934
2023-04-24,978210.1453208164,916432.6913285616,1065177.6468685665,1227464.0377612137,1223757.391160099,1223757.391160099,1355831.6062586347
2023-04-25,980890.7436120954,920322.416292824,1069698.7078516623,1232673.9102980527,1228951.5311331018,1228951.5311331018,1361586.3246314097
2023-04-26,966380.6182413205,906708.2663694923,1053874.8635948328,1214439.2056724972,1210771.890936192,1210771.890936192,1341444.6438150727
2023-04-27,962234.8609408245,902818.502498232,1052294.0512994407,1209229.281023876,1205577.6990087721,1205577.6990087721,1335689.8678806915
2023-04-28,968868.0148439644,909042.0704822663,1057961.0854696222,1217565.0878531693,1213888.3337034034,1213888.3337034034,1344897.4291738404
2023-05-02,973842.8757613344,907678.5073765429,1063393.4138936838,1223816.937307494,1220121.3040738464,1220121.3040738464,1351803.0938833375
2023-05-03,972382.1114476924,905547.4626174456,1062488.1273376122,1222775.0792275376,1219082.5921550747,1219082.5921550747,1350652.2788121137
2023-05-04,968029.8665908452,902846.6017400753,1059319.1795637405,1219128.0640133785,1215446.5900509798,1215446.5900509798,1346623.860590687
2023-05-05,973821.5571997657,908248.3030357275,1065657.0511066252,1226422.0668154657,1222718.566716363,1222718.566716363,1354680.6665181718
2023-05-08,980440.5893903875,914421.6360354178,1072900.286043548,1234758.0161272504,1231029.343463223,1231029.343463223,1363888.385194559
2023-05-09,981267.9556714103,915193.2907756236,1073805.6764661581,1235799.9937430501,1232068.1745568686,1232068.1745568686,1365039.3323026244
2023-05-10,982922.7439833634,913820.5008394602,1075616.5183187376,1237884.0191855791,1234145.9067430696,1234145.9067430696,1367341.304072308
2023-05-11,981448.3598673884,908227.4648127462,1070636.7599981593,1232153.0145575677,1228432.2083726523,1228432.2083726523,1361010.9538777352
2023-05-12,970862.3183995129,899778.8411146962,1060677.3528529585,1220691.1313160595,1217004.9372657996,1217004.9372657996,1348350.3926816392
2023-05-15,969204.8117379188,898242.6918638245,1058866.509291686,1218607.1039070643,1214927.2031190707,1214927.2031190707,1346048.4187398376
2023-05-16,977077.7751201225,905539.2216950117,1067467.8050687332,1228505.991108367,1224796.1980583838,1224796.1980583838,1356982.5265600507
2023-05-17,983293.4056233377,911299.7633341185,1074258.4471438432,1236321.0694021878,1232587.6766926593,1232587.6766926593,1365614.9017907532
2023-05-18,1009398.4614436033,909932.8136891173,1102778.4967726762,1269143.6535301215,1265311.1444993366,1265311.1444993366,1401870.0551726015
2023-05-19,1007884.3637514379,914537.5459622269,1110021.666977438,1277479.528344252,1273621.846973507,1273621.846973507,1411077.6915604074
2023-05-22,1005553.9243261935,913791.5783169416,1109116.2473445463,1276437.5171115075,1272582.9823644317,1272582.9823644317,1409926.7073197544
2023-05-23,1003912.3107284049,912299.7710212612,1107305.5634328015,1274522.8608358402,1270505.431397124,1270505.431397124,1407624.9363270425
2023-05-24,998576.6804006954,907451.0464123443,1101420.4148165775,1265850.2042283502,1263752.902078738,1263752.902078738,1400143.639185804
2023-05-25,1009658.2933170992,917521.400982303,1113643.3266217327,1279897.8605062643,1277777.2837388415,1277777.2837388415,1415681.60451321
2023-05-26,1026075.5104112491,916145.1188808295,1131751.3581999552,1300709.2193326608,1298554.1616231352,1298554.1616231352,1438700.8303159622
2023-05-29,1024536.3971456323,932702.3576702717,1130053.7311626552,1326202.9042217145,1324005.607738643,1324005.607738643,1466899.1278851242
2023-05-30,1017383.2342711771,927579.6521416664,1122163.861736432,1318918.9653599337,1316733.737145747,1316733.737145747,1458842.4394780172
2023-05-31,1016981.9166702464,927213.7585156166,1121721.2123063323,1318398.7037936228,1316214.3375658684,1316214.3375658684,1458266.9836141642
2023-06-01,1006146.0060098738,917334.3247856251,1109769.3077118108,1304351.2066504746,1302190.114776871,1302190.114776871,1442729.1943040541
2023-06-02,1009757.9011922787,920627.4009480875,1113753.1931441063,1309033.60842052,1306864.758590039,1306864.758590039,1447908.3498096126
2023-06-05,1017383.3046453698,919246.4598466653,1122163.9393584854,1318919.0565918847,1316733.8282265419,1316733.8282265419,1458842.5403887217
2023-06-06,1015857.2296884017,914972.9570381248,1118622.5101532864,1314756.6893098117,1312578.3572911448,1312578.3572911448,1454238.5895780472
2023-06-07,1015857.2296884017,919680.012543312,1124377.2356936873,1321520.4222319636,1319330.8838386803,1319330.8838386803,1461719.883649391
2023-06-08,1015857.2296884017,926197.4572054349,1132345.2966638491,1330885.5667434155,1328680.5118714448,1328680.5118714448,1472078.5718053551
2023-06-09,1011163.403862058,923300.7862966567,1128803.9009776262,1326723.2388573831,1324525.0802668158,1324525.0802668158,1467474.6645702282
2023-06-12,1019094.0812649669,930542.3465172932,1137657.2470892502,1337128.8903773385,1334913.491361934,1334913.491361934,1478984.2466191808
2023-06-13,1032576.3795861254,929146.5329975173,1152708.099286769,1354818.690490327,1352573.9824337112,1352573.9824337112,1498550.7490567798
2023-06-14,1042093.1296125734,936305.5625150711,1163332.0444507783,1367305.389841056,1365039.99341128,1365039.99341128,1512362.1562927617
2023-06-15,1043282.7972628339,937374.4616439785,1164660.1200905333,1368866.3242183179,1366598.341581253,1366598.341581253,1514088.6894419522
2023-06-16,1041717.8730669396,939155.9262870557,1166873.5373640363,1371467.832001469,1369195.5391009564,1369195.5391009564,1516966.189925583
2023-06-19,1033449.4252846832,933099.0977823148,1159348.106597203,1362622.9264584223,1360365.2880876055,1360365.2880876055,1507182.9326381653
2023-06-20,1034633.2828237823,934168.000018466,1160676.1860976173,1364183.8653732536,1361923.6407876299,1361923.6407876299,1508909.4708063137
2023-06-21,1030292.6921562734,932766.7480184383,1155806.8084108438,1362137.5895751938,1356209.9708881576,1356209.9708881576,1502579.1521554173
2023-06-26,1028714.4019764008,929942.9419810603,1154036.245007422,1358013.930195876,1354132.412835777,1354132.412835777,1500277.3733129748
2023-06-27,1019243.8617165224,921381.7105503532,1143411.9680470687,1345511.7959060413,1341666.0125323215,1341666.0125323215,1486465.534733047
2023-06-28,1017714.9959239475,922808.6724246449,1145182.7925233191,1347595.6163380975,1343743.876924456,1343743.876924456,1488767.652977011
2023-06-29,1017714.9959239475,925662.3145351538,1143465.0183345343,1351762.8459206019,1347899.1956026552,1347899.1956026552,1493371.4350981044
2023-06-30,1017714.9959239475,918884.84125284,1133392.757738279,1341865.5686647464,1338030.2070503482,1338030.2070503482,1482437.3343542162
2023-07-03,1017714.9959239475,917506.5139909608,1140432.4622341257,1350200.1349587834,1346340.9512295749,1346340.9512295749,1491645.0169481034
2023-07-04,1017714.9959239475,924261.5457558953,1150552.002719271,1362181.0328911322,1358287.6049894008,1358287.6049894008,1504881.015254308
2023-07-05,1018133.6207763299,926028.6922473442,1152751.8063832568,1364785.4617392707,1360884.589778563,1360884.589778563,1507758.2800484197
2023-07-06,1008030.0950122273,916839.1766872106,1141312.386902611,1351241.91029006,1347379.7489264226,1347379.7489264226,1492795.9270550157
2023-07-07,991320.2811159894,901641.0074152532,1122393.192250608,1328842.7766119433,1325044.6371440238,1325044.6371440238,1468050.2947077507
2023-07-10,995594.8906942323,905528.9166609865,1127232.9930511604,1334572.795627079,1330758.278441828,1330758.278441828,1474380.5816701395
2023-07-11,994817.6614187914,904170.623285995,1126352.9980947466,1333530.9370793265,1329719.3977663566,1329719.3977663566,1473229.5796291218
2023-07-12,993325.4349266632,911985.6684630944,1137792.5715413163,1347074.6708144844,1343224.420383429,1343224.420383429,1488192.1340044679
2023-07-13,993325.4349266632,926092.1791141144,1155391.8426528322,1367911.098237283,1341209.5837528538,1341209.5837528538,1511211.3534012777
2023-07-14,993325.4349266632,927150.0911775345,1156711.6928749657,1369473.7176882927,1340730.6050903765,1340730.6050903765,1512937.6704539387
2023-07-17,995987.6919721375,931029.4411328386,1161551.5666955626,1375203.8231545573,1346340.4446001006,1346340.4446001006,1519268.0529239431
2023-07-18,1002877.5744825844,937469.9659655006,1169586.7601912888,1384716.9856623097,1355653.9406976176,1355653.9406976176,1529777.7996516307
2023-07-19,996370.3618474699,936063.7610165523,1161997.848107273,1375732.1922095213,1346857.7240145379,1346857.7240145379,1519851.7731055226
2023-07-20,987949.3164254541,926762.2668262239,1152176.9651967734,1364104.8860162254,1335474.456802646,1335474.456802646,1507006.4082631548
2023-07-21,975317.740299809,914913.0070219389,1137445.6315097827,1346663.9156905187,1318399.545180669,1318399.545180669,1487738.3488077512
2023-07-24,973854.7636893593,912040.3016739988,1133874.2032717415,1344643.919816983,1314259.9456831273,1314259.9456831273,1483067.0479538403
2023-07-25,977755.769358345,917067.2354324795,1140123.8289734076,1350030.2091791679,1321503.8116353746,1321503.8116353746,1491241.335642406
2023-07-26,988475.1790384992,927121.2997590941,1152623.3250560465,1364830.9675549257,1335991.8271447092,1335991.8271447092,1507590.2310513505
2023-07-27,988857.9459014733,925730.6178094555,1153069.654942399,1365359.470524974,1336509.1627455207,1336509.1627455207,1508174.014636034
2023-07-28,990772.1115860147,926133.385716863,1151340.0504599854,1368002.4429118317,1339096.288618358,1339096.288618358,1511093.4379537094
2023-07-31,997663.1480080489,932574.8456832931,1157611.454782966,1377517.1986758455,1348409.9957661182,1348409.9957661182,1521603.422839504
2023-08-01,996166.6532860368,923270.7003514557,1146062.1563401062,1363773.9369173804,1334957.1317674995,1334957.1317674995,1506422.6366012187
2023-08-02,996166.6532860368,926133.4374193923,1149615.691198155,1368002.5192822416,1339096.3633750465,1339096.3633750465,1511093.5223123492
2023-08-04,996166.6532860368,910745.5880666698,1130514.6498633604,1345272.947246147,1316847.0715604562,1316847.0715604562,1485986.471276584
2023-08-07,997801.3027080914,909379.4696845697,1134068.3108827213,1349501.6797385628,1320986.450123334,1320986.450123334,1490657.5228183852
2023-08-08,1001318.874172494,911218.4979174305,1138066.267508171,1354259.1084840738,1325643.3534859626,1325643.3534859626,1495912.5714450325
2023-08-09,991157.288765787,901971.2692577178,1126516.942039465,1340515.8145657957,1312190.458007074,1312190.458007074,1480731.7496830663
2023-08-10,991938.8123914149,902682.470057583,1127405.196219556,1341572.8060155741,1313225.115024562,1313225.115024562,1481899.3008464498
2023-08-11,992720.4939072964,903393.8145404682,1128293.629852543,1342630.0110080307,1314259.9810725306,1314259.9810725306,1483067.0878887542
2023-08-14,991231.4131664356,893790.7851440877,1116299.9270832427,1328357.92362305,1300289.4656344259,1300289.4656344259,1467302.1616599374
2023-08-15,986596.0569401666,892450.0989663716,1112746.324855785,1324129.2610909455,1296150.1555535842,1296150.1555535842,1462631.1873961904
2023-08-16,977931.3774463474,883287.3157963554,1102973.7434685219,1312500.2305722916,1284766.8486827188,1284766.8486827188,1449785.7778009432
2023-08-17,973598.9309393573,879374.1628551097,1098087.3323640227,1306685.5720282379,1279075.054990193,1279075.054990193,1443362.9147312262
2023-08-18,978325.1066209531,883642.9399166248,1103417.8164900478,1313028.661957531,1285284.1142113223,1285284.1142113223,1450369.4823131547
2023-08-21,978325.1096603258,883642.9426618475,1103417.8199180474,1313028.6660367306,1285284.1182043278,1285284.1182043278,1450369.4868190326
2023-08-22,976857.6219958353,882220.0539032758,1101641.03798932,1310914.3576001602,1283214.4855109975,1283214.4855109975,1448034.0249045703
2023-08-23,976857.6219958353,880896.7238224208,1101641.0343812108,1308947.98606376,1283214.4813081964,1283214.4813081964,1448034.0201619505
2023-08-24,994273.1033377846,896601.4080184347,1122963.084274484,1332283.9960570084,1308050.8502707893,1308050.8502707893,1476060.4395322062
2023-08-25,987193.7296051969,890217.4714166914,1114967.418561723,1322797.9340340386,1298737.3318831255,1298737.3318831255,1465550.6676513648
2023-08-28,982080.6400372909,885606.6624844986,1109192.5355722585,1315946.6098064606,1292010.627585928,1292010.627585928,1457959.9672596569
2023-08-29,991126.748464785,893764.1330285079,1107528.7467689002,1328068.0133163095,1303911.5527748954,1303911.5527748954,1471389.4794698516
2023-08-30,997026.2475546999,899084.0991151538,1112452.428632555,1335973.093113662,1311672.845698167,1311672.845698167,1480147.6538491512
2023-08-31,995530.7081833679,897735.472966481,1110697.193080025,1333865.1850270762,1309603.2787191211,1309603.2787191211,1477812.2660894936
2023-09-01,995530.7081833679,888953.3672288473,1101481.5349862846,1322797.8612191663,1298737.2603926954,1298737.2603926954,1465550.5869785107
2023-09-04,995530.7081833679,891786.6350654328,1104992.1715626416,1327013.8761111277,1302876.5894550472,1302876.5894550472,1470221.582661804
2023-09-05,995530.7081833679,896390.9049009079,1110697.2157109973,1333865.2122052002,1309603.3054028975,1309603.3054028975,1477812.2962006065
2023-09-06,995530.7081833679,896744.8998135383,1111135.8426110304,1334391.9706725986,1310120.4825687322,1310120.4825687322,1478395.9010004965
2023-09-07,995530.7081833679,887536.7141957496,1099726.1930133938,1320689.8253295976,1296667.5679352973,1296667.5679352973,1463215.057623722
2023-09-08,984519.6153971605,886205.409124456,1089193.9873751123,1308041.4252886355,1284249.2318469626,1284249.2318469626,1449201.676858738
2023-09-11,987296.3662783769,887373.8127250633,1092265.9631051633,1311730.6409462357,1287871.343718034,1287871.343718034,1453289.0225757193
2023-09-12,984519.6364331852,884878.1108934813,1089194.0106476923,1308041.4532372833,1284249.2592872474,1284249.2592872474,1449201.707823527
2023-09-13,993246.2554826782,892721.5239583324,1098848.446019187,1319635.7161051135,1295632.6320872006,1295632.6320872006,1462047.1918159726
2023-09-14,998799.6340808709,897712.8547365058,1104992.2612201967,1327013.9837832206,1302876.6951686735,1302876.6951686735,1470221.7019535745
2023-09-15,997301.4346297496,905556.1620311484,1114646.5663994357,1338608.09029978,1314259.9144612565,1314259.9144612565,1483067.0127217479
2023-09-18,992671.2975921656,904197.8277881017,1111135.8426110304,1334391.9706725986,1310120.4825687322,1310120.4825687322,1478395.9010004965
2023-09-19,986790.6033958992,897495.0176535441,1104553.3513908694,1326486.8855386646,1302359.1844059469,1302359.1844059469,1469637.720708706
2023-09-20,980517.8682387389,891789.908047476,1097532.0333763026,1318054.801878974,1294080.4733854323,1294080.4733854323,1460295.6696522266
2023-09-21,970716.6200146235,882875.5837545034,1086561.1125583458,1316077.7196761556,1281144.856042309,1281144.856042309,1445698.5666289318
2023-09-22,960131.2372140075,873248.0819412369,1074712.479213096,1299776.609478222,1267174.3434904136,1267174.3434904136,1429933.6436570366
2023-09-25,958691.0403581865,875387.4737591658,1077345.4435816444,1302960.9639600222,1270278.8248839783,1270278.8248839783,1433436.8730378794
2023-09-26,958691.0403581865,874074.3925485271,1076467.7922761107,1301899.5166796797,1269244.0018606917,1269244.0018606917,1432269.1345464634
2023-09-27,958691.0403581865,867072.4935084699,1074853.0905876965,1293407.6684468181,1260965.1544564315,1260965.1544564315,1422926.9295887414
2023-09-28,958691.0403581865,873476.8857719613,1081170.441366327,1302961.0681075815,1270278.926419207,1270278.926419207,1433436.9876145672
2023-10-02,958691.0403581865,879525.3481874072,1088657.0948609023,1311983.5290079326,1279075.077145954,1279075.077145954,1443362.9397327327
2023-10-03,959965.8630388497,882015.9423689294,1091739.8974563263,1315698.735795701,1282697.0954896377,1282697.0954896377,1447450.1799094162
2023-10-04,945638.0092921937,868851.5206836871,1075445.2663841061,1296061.4343176398,1263552.3559806119,1263552.3559806119,1425846.4382746224
2023-10-05,947961.3889437218,867548.2434026615,1078087.575199632,1299245.7847075716,1266656.8333849444,1266656.8333849444,1429349.6631538451
2023-10-06,958804.1195147687,876156.977342692,1090418.6819791053,1314106.4870035267,1281144.7850362998,1281144.7850362998,1445698.4865027189
2023-10-11,975068.1727098317,891019.099226293,1108915.2936306843,1336397.4819769515,1302876.65550944,1302876.65550944,1470221.6572004019
2023-10-12,973605.570450767,895265.3649273517,1114199.971569476,1342766.2554360472,1300922.340526176,1300922.340526176,1477228.1869160328
2023-10-13,975989.9041654479,898804.0323655058,1118604.0100964273,1348073.7356662797,1304108.2641597702,1304108.2641597702,1483067.1476181343
2023-10-16,970610.426160227,893849.9887811632,1112438.469199761,1340643.3995741932,1296920.257712641,1296920.257712641,1474892.7525072554
2023-10-17,973684.3602799557,892509.2137979915,1115961.574324543,1344889.2322762415,1301027.6187333972,1301027.6187333972,1479563.75441768
2023-10-18,970226.1678459736,888007.3166296118,1111998.0620916523,1340112.647627943,1296406.8154720492,1296406.8154720492,1474308.852120954
2023-10-19,956008.990355234,874994.9303922588,1095703.4347747923,1320475.350675614,1277409.9605050362,1277409.9605050362,1452705.1154650904
2023-10-20,954574.9768697012,877456.7256304327,1098786.1926337094,1324190.5035496564,1281003.9490514125,1281003.9490514125,1456792.296329235
2023-10-23,953909.2608305826,878160.0586794012,1099666.934236635,1325251.91993302,1282030.7488774436,1282030.7488774436,1457960.0008297104
2023-10-24,945886.8078660386,870774.6625464793,1090418.6476135487,1314106.445588241,1271248.768028434,1271248.768028434,1445698.4409401896
2023-10-25,948943.0074775459,869468.5005526595,1093941.8356097266,1312135.2859198588,1275356.2256636056,1275356.2256636056,1450369.5527231374
2023-10-26,930987.964428589,851739.5929986566,1073243.2556142441,1285380.176139997,1251225.0863284678,1251225.0863284678,1422926.9691845716
2023-10-27,933280.1868556036,853836.6948642497,1075885.7304411568,1288544.9617006746,1254305.777286579,1254305.777286579,1426430.4141649487
2023-10-30,931880.2665753202,855584.1570295641,1078087.6381589395,1291182.097797568,1256872.8394692277,1256872.8394692277,1429349.746626531
2023-10-31,931880.2665753202,855584.2177037548,1076470.506701701,1291182.1893624107,1256872.9286010116,1256872.9286010116,1429349.8479896034
2023-11-01,927443.6566490171,852788.113640439,1071345.5138172002,1286962.5232074566,1252765.3873093256,1252765.3873093256,1424678.6410702078
2023-11-02,936185.9142737996,851508.9314699783,1081444.217301556,1299093.673009021,1264574.1885025322,1264574.1885025322,1438107.9287940164
2023-11-03,950249.6329510678,863006.0931733587,1097690.0580105407,1318609.1214622161,1283571.0729487478,1283571.0729487478,1459711.698974426
2023-11-06,962032.7593852263,873707.3968694523,1111301.4505231471,1334959.9175653115,1299487.396107762,1299487.396107762,1477812.1716397195
2023-11-07,961652.6457708124,873362.1819343846,1110862.3586035208,1334432.4548210201,1298973.9490902866,1298973.9490902866,1477228.2658210178
2023-11-08,960210.1668021561,874397.8825216838,1112179.7053137552,1336014.9282847878,1300514.373108853,1300514.373108853,1478980.0776284595
2023-11-09,960664.4381257273,876123.7737551695,1114374.931585262,1338651.9617207367,1303081.3353584614,1303081.3353584614,1481899.2964434884
2023-11-10,959150.3405743865,874809.5880945367,1112618.5718323386,1336542.1202642408,1301027.5565562465,1301027.5565562465,1479563.6837081444
2023-11-13,978454.6204134413,891079.7693559381,1135011.620509065,1363441.952349807,1327212.6069781054,1327212.6069781054,1509342.0304195685
2023-11-14,978075.9579645593,890734.9210200275,1134572.3704194187,1362914.2996024908,1326698.975006361,1326698.975006361,1508757.9142658755
2023-11-15,990945.5107535803,902455.2378254295,1149501.107697108,1380847.5668327252,1344155.7199094016,1344155.7199094016,1528610.196151943
2023-11-16,989459.0924874499,901765.75601114,1148622.8811922981,1379792.590091794,1343128.7759839788,1343128.7759839788,1527442.3277777464
2023-11-17,986466.5134562376,900386.9595344259,1146866.6410921346,1377682.8923691504,1341075.137096324,1341075.137096324,1525106.8741570194
2023-11-20,989865.4419126076,899036.3790951242,1150818.2376328139,1382429.779894325,1345695.8904452,1345695.8904452,1530361.7196919336
2023-11-21,992886.8762051696,900429.9247121816,1154330.959201284,1386649.4652850595,1349803.450461534,1349803.450461534,1535032.9479055048
2023-11-22,991376.1275073207,899059.855906899,1152574.5617351744,1384539.5785252918,1347749.6275598449,1347749.6275598449,1532697.2850190469
2023-11-23,992131.6407159495,899745.0162387233,1153452.921906616,1382462.7691575037,1348776.7277867852,1348776.7277867852,1533865.3311435517
2023-11-24,990643.4432548756,899402.4573740022,1153013.7691285443,1379866.6257902083,1348263.209605196,1348263.209605196,1533281.3443950969
2023-11-27,990643.4432548756,898717.3118329641,1152135.4279185587,1378815.4729296216,1347236.1315506133,1347236.1315506133,1532113.3234855963
2023-11-28,983128.2639905292,897369.2358652146,1145110.2374019295,1370408.0920350803,1339021.3069165612,1339021.3069165612,1522771.2029937396
2023-11-29,989913.8699473343,902209.613819501,1143392.5720458266,1379866.7249044296,1348263.3064493805,1348263.3064493805,1533281.4545289197
2023-11-30,989913.7090642912,902209.4671903522,1141679.866419448,1379866.5006453658,1348263.0873265758,1348263.0873265758,1533281.2053365468
2023-12-01,987651.8490277941,900148.0031256549,1139071.2349390655,1376713.6350319972,1345182.4325503218,1345182.4325503218,1529777.8015031551
2023-12-04,993683.5058805386,905645.2680544672,1146027.6202551536,1385121.3186091417,1353397.5529345649,1353397.5529345649,1539120.2583301186
2023-12-05,992192.9806217178,897399.5126680403,1135593.221980194,1372510.0104329155,1341075.0845733478,1341075.0845733478,1525106.814426472
2023-12-06,992192.9806217178,896053.4133990383,1133854.101829074,1370408.0607465697,1339021.2763446588,1339021.2763446588,1522771.1682265464
2023-12-07,992192.9806217178,896083.6772743245,1135593.235931369,1372510.027294699,1341075.101048942,1341075.101048942,1525106.8331629627
2023-12-08,992192.9806217178,899857.2590163639,1140375.4387659621,1378289.932577116,1346722.6277748113,1346722.6277748113,1531529.353119792
2023-12-11,992192.9806217178,899171.3286370564,1139506.1696130738,1377239.3093512927,1345696.06722464,1345696.06722464,1530361.9207302881
2023-12-12,992192.9806217178,905003.2422648146,1146896.8651878026,1386171.9125617004,1354424.084881924,1354424.084881924,1540287.658191732
2023-12-13,992192.9806217178,902944.9885899104,1144288.4715630447,1383019.3344273514,1351343.7110004888,1351343.7110004888,1536784.573799516
2023-12-14,992192.9806217178,901590.5711070256,1153418.2697874918,1394053.866171417,1362125.5162182392,1362125.5162182392,1549045.9339564242
2023-12-15,992192.9806217178,907026.9084237075,1162113.6168153668,1404563.3079406589,1372394.2577227612,1372394.2577227612,1560723.824198575
2023-12-18,992192.9806217178,907026.701159563,1162113.3512615203,1404562.986984787,1372393.9441178185,1372393.9441178185,1560723.4675585625
2023-12-19,992192.9806217178,908044.9608296274,1163417.980062547,1406139.79816563,1373934.6412141104,1373934.6412141104,1562475.5899173708
2023-12-20,992192.9806217178,906348.0821441392,1161243.8815786147,1403512.121392727,1371367.1467523824,1371367.1467523824,1559555.765856342
2023-12-21,992192.9806217178,897186.3281895798,1149505.5318939195,1389324.820749885,1357504.781257893,1357504.781257893,1543791.1093334432
2023-12-22,992192.9806217178,895840.5486972954,1152983.5974870673,1387240.83351876,1361612.1913931428,1361612.1913931428,1548462.1670981967
2023-12-25,992192.9806217178,897197.2648815754,1156461.8415860082,1389341.7566049788,1365719.8123342223,1365719.8123342223,1553133.4645970345
2023-12-26,992192.9806217178,900570.0393709121,1160809.2522947416,1394564.617415044,1370853.8727275413,1370853.8727275413,1558972.0567695368
2023-12-27,992192.9806217178,906641.2376753836,1168634.8548089778,1403966.0831207435,1380095.4923061754,1380095.4923061754,1569481.8762105536
2023-12-28,992192.9806217178,915748.1666943197,1166881.9025267644,1418068.485408066,1393958.1219390514,1393958.1219390514,1585246.833118761
2023-12-29,992192.9806217178,915410.9115819351,1164705.1013039346,1417546.2339159974,1393444.749900567,1393444.749900567,1584663.0125681933
2024-01-02,992192.9806217178,914037.7952145622,1163846.9519462916,1416501.7923756433,1392418.0662226994,1392418.0662226994,1583495.4401545466
2024-01-03,992192.9806217178,899880.6263026112,1147539.3189596196,1396654.00112062,1372907.7321963923,1372907.7321963923,1561307.7612411592
2024-01-04,992192.9806217178,892140.3255928786,1137668.7881965733,1384640.7166469418,1361098.700661199,1361098.700661199,1547878.2115662203
2024-01-05,990706.9933782712,892140.3914533166,1137668.8721826486,1384640.8188652156,1361098.8011415314,1361098.8011415314,1547878.3258351688
2024-01-08,994070.4222812795,895169.1888658826,1141531.233498686,1389341.6446205438,1359057.152939819,1359057.152939819,1553133.3394105763
2024-01-09,1000423.433057947,900890.131141536,1148826.6524808512,1398220.7966835247,1365694.2183311295,1365694.2183311295,1563059.2688233368
2024-01-10,989585.8262365371,899538.7959448238,1136381.3906505809,1383073.843160399,1350899.625874109,1350899.625874109,1546126.6168738632
2024-01-11,989959.5024767442,898530.6736304611,1136810.498176418,1383596.1039082177,1351409.7373568227,1351409.7373568227,1546710.4477713557
2024-01-12,988474.5632230291,896834.7815174368,1134664.8753118464,1380984.6964303313,1348859.07861772,1348859.07861772,1543791.1773151685
2024-01-16,988474.5632230291,895817.1553090828,1133377.3865361963,1379417.711909453,1347328.5465977027,1347328.5465977027,1542039.4584984612
2024-01-17,994330.0644310241,902475.4605144596,1141801.3963999355,1389670.456096325,1357342.7828980435,1357342.7828980435,1553500.9149938708
2024-01-18,978267.8307929627,887897.0300536497,1123356.936704618,1367221.963041352,1335416.5054115828,1335416.5054115828,1528405.933411621
2024-01-19,1007332.8791199687,886565.1845085692,1156732.687829268,1407843.1213567902,1375092.7004623876,1375092.7004623876,1573815.9846466526
2024-01-22,1023395.1420654,899352.7366737757,1175177.1811785973,1430291.6553715884,1397019.017955832,1397019.017955832,1598911.0120175467
2024-01-23,1024159.936293834,900024.8326746873,1176055.403762045,1431360.5277533722,1398063.0253367824,1398063.0253367824,1600105.8954633512
2024-01-24,1022623.6963893933,901705.2805150973,1178251.2318011243,1429213.4869617422,1400673.3666367026,1400673.3666367026,1603093.4735821327
2024-01-25,1022623.6963893933,907754.6402135565,1186155.8827667325,1436646.82307882,1410070.203050921,1410070.203050921,1613848.3058555012
2024-01-26,1025628.4957159356,911787.5499586785,1191425.6543624122,1443029.4585580835,1416334.7657546184,1416334.7657546184,1621018.1998681633
2024-01-29,1025628.5658908924,910419.8686337406,1191425.7358814457,1443029.5572922064,1416334.8626622527,1416334.8626622527,1621018.3107805285
2024-01-30,1030921.4115348558,913747.5484272451,1189638.5972776236,1450476.437147576,1423643.9822183405,1423643.9822183405,1629383.7171180039
2024-01-31,1022604.2819149273,906375.7383987322,1178273.5800446852,1438774.47771262,1412158.4980676984,1412158.4980676984,1616238.3935033793
2024-02-01,1015799.5675915098,900344.4435190251,1170432.9957161897,1429200.4426046063,1402761.5736379055,1402761.5736379055,1605483.4604947525
2024-02-02,1014275.8682401226,904700.4078691446,1176095.6778599436,1436115.0698030903,1409548.2867125168,1409548.2867125168,1613250.9641084669
2024-02-05,1014275.8682401226,905370.547566197,1176966.8484645,1437178.8448488836,1410592.3829167653,1410592.3829167653,1614445.949213982
2024-02-15,1014275.8682401226,904012.4917448477,1238820.796872695,1512707.8932996595,1484724.2147451264,1484724.2147451264,1699291.0377402909
2024-02-16,1013824.8854658991,903610.5359513345,1240127.3784749107,1514303.3430272564,1486290.150147767,1486290.150147767,1701083.2763048408
2024-02-19,1004210.2512001486,895041.1222918361,1228366.5987210178,1499942.4084917824,1472194.8794443938,1472194.8794443938,1684951.0094886245
2024-02-20,1001005.3436193123,892184.6247858953,1224446.3027276415,1495155.3862620767,1467496.4126402948,1467496.4126402948,1679573.537731894
2024-02-21,1007059.0489829715,897580.223203894,1231851.295315927,1504197.5259859192,1476371.2812521148,1476371.2812521148,1689730.9693568489
2024-02-22,1018098.1423524678,907419.240985987,1245354.4970199985,1520686.1092048408,1492554.841131989,1492554.841131989,1708253.3171366516
2024-02-23,1016570.995138939,906058.112124508,1249710.6482632915,1526005.3485869784,1497775.6795699103,1497775.6795699103,1714228.6517334355
2024-02-26,1016817.2305414326,906277.5789251431,1251888.3751466863,1528664.5424383236,1500385.6808267832,1500385.6808267832,1717215.8406674128
2024-02-27,1018586.328376409,907854.355610871,1254066.4588254264,1531324.1719678044,1502996.109702154,1502996.109702154,1720203.5190177239
2024-02-29,1011864.1640184962,901862.9673294369,1245790.2424487474,1521218.1922560795,1493077.081145364,1493077.081145364,1708851.0293349603
2024-03-01,1015755.8665810307,905331.5973549063,1250581.6415824653,1527068.907151907,1498819.563297987,1498819.563297987,1715423.3936565127
2024-03-04,1026016.0747519503,914476.4036594353,1263213.8383528916,1542493.9176236212,1513959.225529864,1513959.225529864,1732750.9835816626
2024-03-05,1024477.0506398224,913104.6890539462,1287171.23057547,1540180.1767471856,1542672.1115621317,1542672.1115621317,1765613.3491427081
2024-03-06,1017750.179302227,907109.1054953053,1280637.5487059846,1530067.1206477613,1534841.5070811973,1534841.5070811973,1756651.0948180389
2024-03-07,1045443.9869536929,931792.2798119176,1315484.7348488786,1571701.487700492,1576605.7890602334,1576605.7890602334,1804450.9955402194
2024-03-08,1077291.9844447344,960178.0360647165,1355559.14826346,1619581.1882503107,1624634.8923321008,1624634.8923321008,1859421.0862345358
2024-03-11,1065176.0387988752,949379.2321533478,1353525.8095410648,1601366.295789182,1606363.1625373156,1606363.1625373156,1838508.7939879782
2024-03-12,1053752.1338323264,939197.2361918495,1337003.8767179188,1584191.8047066014,1589135.0805657345,1589135.0805657345,1818790.97366753
2024-03-13,1052171.505631578,937788.4403375617,1366432.1246849862,1619060.8055136483,1624112.8858050539,1624112.8858050539,1858823.641265131
2024-03-14,1046205.3771259091,932470.8981723933,1360722.0701325643,1612295.0647526118,1617326.0333813552,1617326.0333813552,1851055.9781641173
2024-03-15,1042153.0104945034,928859.0700981662,1355451.4561286767,1606050.0091801272,1611061.4908803566,1611061.4908803566,1843886.1072737735
2024-03-18,1033372.7581360562,921033.3314985872,1344031.6303213441,1592518.8633321708,1597488.1227545058,1597488.1227545058,1828351.1664550386
2024-03-19,1036074.2789987751,923441.1661746152,1347545.2989959628,1596682.1460389118,1601664.396473344,1601664.396473344,1833130.979723451
2024-03-20,1041477.4925897191,928256.9887084336,1354572.8598779722,1605008.9763123477,1610017.2095974367,1610017.2095974367,1842690.9103427054
2024-03-21,1039915.2763508345,926864.603225371,1366431.9761332416,1619060.6294973625,1624112.7092395308,1624112.7092395308,1858823.4391830151
2024-03-22,1039915.2763508345,937078.3531921748,1383561.851666881,1639357.5103879787,1644472.9240528604,1644472.9240528604,1882126.0365375665
2024-03-25,1036379.8491555664,935293.3821924278,1380926.4073914168,1636234.8199488155,1641340.4896419018,1641340.4896419018,1878540.9143525923
2024-03-26,1043632.0385525551,941838.2071954769,1390589.601690173,1647684.5647715125,1652825.9619863592,1652825.9619863592,1891686.2244548462
2024-03-27,1037698.5108018897,936483.4241564452,1382683.4607452676,1638316.7208109398,1643428.88681984,1643428.88681984,1880931.1189255817
2024-03-28,1037039.2567561009,935888.4724630942,1381805.0363705065,1637275.8915958689,1642384.8098251016,1642384.8098251016,1879736.155805664
2024-03-29,1034402.1683706978,934484.6397543995,1378291.2426654324,1633112.4607427942,1638208.3874976574,1638208.3874976574,1874956.1724522824
2024-04-01,1032850.5651181417,940815.9685705927,1389710.8981883526,1646643.4048238182,1651781.5532269871,1651781.5532269871,1890490.8816249033
2024-04-02,1032850.5651181417,942302.8275356494,1391907.1875550686,1649245.7485238658,1654392.0172207714,1654392.0172207714,1893478.60016881
2024-04-03,1032850.5651181417,943492.2110272527,1393664.065898575,1646771.87990108,1656480.2063850434,1656480.2063850434,1895868.566666772
2024-04-08,1032850.5651181417,943492.081880929,1393663.875132198,1644305.1966939669,1656479.9796440841,1656479.9796440841,1895868.3071580522
2024-04-09,1032850.5651181417,951520.6675999407,1405523.1690254572,1658297.3069335734,1670575.690423009,1670575.690423009,1912001.0776479025
2024-04-10,1032850.5651181417,950093.3865985408,1429680.6742424674,1686799.3812689101,1699288.8001363026,1699288.8001363026,1944863.6992155241
2024-04-11,1026867.9229527232,944590.1037929594,1427536.1532311037,1679544.3754719177,1691980.0767441473,1691980.0767441473,1936498.7462941199
2024-04-12,1030352.9723171138,947795.91348596,1430235.6623068792,1685244.5194995676,1697722.4258420365,1697722.4258420365,1943070.9583323628
2024-04-15,1015461.7213732216,934097.8244130717,1409565.0778289991,1660888.401047023,1673185.969544508,1673185.969544508,1914988.5846024689
2024-04-16,1003105.1070795916,922731.2841626107,1392412.8291307916,1640677.932326697,1652825.8582453683,1652825.8582453683,1891686.1057215931
2024-04-17,988213.6634225146,909033.0178176865,1371741.9771472344,1616321.4986726171,1650346.6194580004,1650346.6194580004,1863603.3685673168
2024-04-18,986731.3429273808,907669.4682909601,1375260.4538947716,1620467.314507058,1652101.5563652175,1652101.5563652175,1868383.4549306226
2024-04-19,971075.1089174192,893267.6904401612,1355469.6791938243,1597147.8745850895,1628326.8818353775,1628326.8818353775,1841496.3617209035
2024-04-22,947759.0658232087,871819.8459081477,1322924.1127770182,1558799.4828595843,1589229.8651373994,1589229.8651373994,1797281.0295252474
2024-04-23,958786.7119347481,881963.9015868357,1338316.990011546,1576936.8868430485,1607721.3416894095,1607721.3416894095,1818193.28441291
2024-04-24,970444.812732632,892687.8967536503,1354589.8838416983,1596111.2130512414,1627269.9829284004,1627269.9829284004,1840301.100797795
2024-04-25,971075.0860491362,893267.6694041999,1355469.6472732613,1597147.8369731382,1628326.843489178,1628326.843489178,1841496.3183546802
2024-04-26,969618.4734200626,891927.7679000936,1372181.726929922,1616839.6551770004,1648403.07903618,1648403.07903618,1864200.7981058129
2024-04-29,976234.4106067156,898013.6029467843,1383616.765501418,1630313.543844968,1662140.0006262416,1662140.0006262416,1879736.0640352378
2024-04-30,984302.480354839,905435.218395512,1395051.6385682265,1643787.2374990126,1675876.723395381,1675876.723395381,1895271.1051154574
2024-05-02,976544.7493036904,898299.0757475545,1384056.6084525094,1630831.810129541,1662668.3843385752,1662668.3843385752,1880333.6201492522
2024-05-03,983992.2118381555,905149.8101518354,1394611.895083643,1643269.0884156758,1675348.4591722481,1675348.4591722481,1894673.6841333574
2024-05-06,986784.993336859,907718.8199599768,1398570.1035446485,1647933.0394635662,1680103.4583728183,1680103.4583728183,1900051.1754869153
2024-05-07,985304.8158468538,906357.2417300369,1409565.106200205,1645461.1399043708,1693311.7644417095,1693311.7644417095,1914988.6231466525
2024-05-08,985304.8158468538,903587.8927651561,1407366.107141133,1640433.4798441415,1690670.1049962933,1690670.1049962933,1912001.135614569
2024-05-09,985304.8158468538,907823.519009782,1413963.22610093,1648123.117073042,1698595.2296300603,1698595.2296300603,1920963.763660614
2024-05-10,985304.8158468538,910647.0593286117,1418360.977530187,1653249.1597168006,1703878.2521733225,1703878.2521733225,1926938.4035814025
2024-05-13,985304.8158468538,922506.8701244484,1416233.4360638917,1674780.2480037084,1726068.7083801597,1726068.7083801597,1952033.88338074
2024-05-14,985304.8158468538,921659.6139852079,1412813.5073613601,1673242.0829309556,1724483.4385493465,1724483.4385493465,1950241.0808062975
2024-05-15,985304.8158468538,920277.1245642301,1433590.2745737177,1697848.7001991502,1749843.6087187428,1749843.6087187428,1978921.231960547
2024-05-16,1003731.3064498389,937487.5121673297,1462590.8908522667,1732195.0957675425,1785241.8281012045,1785241.8281012045,2018953.5454544611
2024-05-17,995413.9137675926,929719.0469184204,1450471.170470403,1717841.3073371325,1770448.4693390795,1770448.4693390795,2002223.5407840356
2024-05-20,993631.5872144095,928054.3495283158,1447874.0465544122,1714765.4470001669,1767278.4138734068,1767278.4138734068,1998638.4832187453
2024-05-21,988581.7648995419,923337.8030497597,1440515.6787614701,1706050.6869920823,1758296.7731065496,1758296.7731065496,1988481.0271336325
2024-05-22,993334.6282232754,927776.9890992596,1447441.3316310074,1714252.9683071328,1766750.2410359187,1766750.2410359187,1998041.1655858767
2024-05-23,991844.6262809405,926385.3236156107,1474277.833621056,1746036.3312594553,1799506.9375066855,1799506.9375066855,2035086.1459554948
2024-05-24,984543.6828459981,919566.2244669477,1465620.8500055121,1735783.577289241,1788940.2032597286,1788940.2032597286,2023136.0867332888
2024-05-27,998791.4634231115,932873.6866147487,1486830.5176352493,1760902.8929371608,1814828.7726809883,1814828.7726809883,2052413.811575412
2024-05-28,1005769.7582832745,939391.4311999638,1497218.6137885624,1773205.8611312571,1827508.506900053,1827508.506900053,2066753.490353961
2024-05-29,1002862.2281330684,936675.7908791401,1492890.3783995104,1768079.7878313784,1822225.4527618578,1822225.4527618578,2060778.8147020459
2024-05-30,976983.6719173992,912505.1556411899,1454366.794105021,1722455.024130425,1775203.476568071,1775203.476568071,2007601.0412170412
2024-05-31,975518.196409523,911136.3979077281,1456531.1034421152,1725018.2877490395,1777845.237556531,1777845.237556531,2010588.6435854933
2024-06-03,976372.8618708729,911934.6575534596,1459993.9019862476,1729119.3953747554,1782071.9374778403,1782071.9374778403,2015368.674311513
2024-06-04,976951.8369194614,912475.4216747143,1460859.6573481099,1730144.7382791394,1783128.6804772436,1783128.6804772436,2016563.7589166889
2024-06-05,969136.0864516635,905175.4914895212,1449172.5770655156,1727549.5211717207,1768863.403222094,1768863.403222094,2000430.9685922496
2024-06-06,1000109.1635362711,934104.4217656108,1495487.3666661074,1780090.9543378726,1825395.342653566,1825395.342653566,2064363.6850175546
2024-06-07,1003293.2783530289,937078.3928461537,1500248.6503900145,1785758.3496478428,1831206.9765920376,1831206.9765920376,2070936.1385419269
2024-06-11,1001788.3384354993,935672.7752568845,1498950.0043049497,1784212.5604954653,1829621.8461735058,1829621.8461735058,2069143.4936306733
2024-06-12,1001154.5713885204,935080.835274194,1496701.5792984923,1785758.4296744517,1831207.0586553721,1831207.0586553721,2070936.231348435
2024-06-13,1033505.7048269302,965296.8735785484,1542751.604534184,1843463.1147432511,1890380.3627594071,1890380.3627594071,2137856.101943313
2024-06-14,1033794.6587795435,965566.7572819117,1543182.9366225787,1843978.5216258778,1890908.8870580255,1890908.8870580255,2138453.8170482125
2024-06-17,1035238.9095149579,966915.6910256229,1545338.8222930727,1846554.6302498966,1893550.5592001115,1893550.5592001115,2141441.3189391275
2024-06-18,1054302.9908320275,984721.5899259064,1573796.4707642095,1880559.213447015,1928420.5795469,1928420.5795469,2180876.2851723
2024-06-19,1052721.5363457794,983244.5075410175,1593199.3163007377,1903744.0411033442,1952195.4750492654,1952195.4750492654,2207763.6282827645
2024-06-20,1069351.4887513919,998776.9240433394,1620794.803702583,1936718.4117078877,1986009.0632717027,1986009.0632717027,2246003.8614834603
2024-06-21,1064515.4124834735,994260.0168990381,1613464.858995157,1927959.7219346706,1977027.4595616134,1977027.4595616134,2235846.4473063354
2024-06-24,1061101.6038588323,991071.5112362528,1608290.6170944758,1921776.9222781148,1970687.3039251082,1970687.3039251082,2228676.281618099
2024-06-25,1035214.1029583294,966892.5216406394,1569053.4463589927,1874891.6837438233,1922608.8077948184,1922608.8077948184,2174303.675792697
2024-06-26,1052282.7340551957,982834.6651209502,1594924.031362264,1905804.9357995617,1954308.820758375,1954308.820758375,2210153.638837646
2024-06-27,1050704.3099541129,981360.4131232688,1583282.1785833484,1891893.8653964414,1940043.705224081,1940043.705224081,2194021.031405457
2024-06-28,1050704.3099541129,988963.7151625605,1597942.3231775584,1909411.5498615236,1958007.2253232715,1958007.2253232715,2214336.213372528
2024-07-01,1050704.3099541129,995635.1097000228,1608721.792153601,1922292.1415234935,1971215.6358109973,1971215.6358109973,2229273.779120904
2024-07-02,1050704.3099541129,992432.7946020026,1603547.5731718298,1916109.3692531774,1964875.5082577283,1964875.5082577283,2222103.64519237
2024-07-03,1050704.3099541129,1001239.062048856,1617776.5152925577,1933111.8017149463,1982310.662879386,1982310.662879386,2241821.2916674037
2024-07-04,1050704.3099541129,1017250.3465579477,1643647.1400417266,1964025.101263811,2014010.7245447978,2014010.7245447978,2277671.3097899235
2024-07-05,1050704.3099541129,1015724.4710381108,1660894.323698413,1961079.0636119153,2035144.2221225554,2035144.2221225554,2301571.461125638
2024-07-08,1050704.3099541129,1010516.9330026951,1654857.620063459,1951024.7682735554,2027747.2659477727,2027747.2659477727,2293206.145760754
2024-07-09,1079472.9187577073,1039742.4768010143,1702718.38545552,2007451.0961801577,2086392.5143324628,2086392.5143324628,2359528.831173218
2024-07-10,1076739.4117381051,1037109.5776244558,1698406.6583355798,2002367.7063446518,2081109.224233683,2081109.224233683,2353553.888670363
2024-07-11,1096967.4723283905,1056593.1361774844,1695859.0483480764,2039984.9931704286,2120205.780952868,2120205.780952868,2397768.7006699312
2024-07-12,1083573.1901079484,1043691.8359884241,1672643.166326509,2015076.2010564804,2094317.4703950197,2094317.4703950197,2368491.2685798565
2024-07-15,1080566.2514555224,1042126.2982344416,1668001.5459593213,2009484.3217336475,2091175.9941894272,2091175.9941894272,2361918.6549267657
2024-07-16,1078945.4020783391,1040061.9227504072,1667194.4037178548,2008511.936735825,2087033.5284801177,2087033.5284801177,2360775.727738288
2024-07-17,1076507.2243327629,1039268.1804794542,1665922.0538286986,2006979.1041313154,2085440.7706873221,2085440.7706873221,2358974.0585815227
2024-07-18,1033753.9514548031,997993.8489105614,1599760.2868188254,1927272.323387254,2002617.9002739068,2002617.9002739068,2265287.867389378
2024-07-19,1034576.1272203365,998787.5835855979,1601032.6245319091,1928805.1413229362,2004210.6428244058,2004210.6428244058,2267089.5193046173
2024-07-22,1016214.0773870302,981060.7224101318,1572616.8897561703,1894571.9754960139,1968639.1515327392,1968639.1515327392,2226852.3539237734
2024-07-23,1006895.9837809341,979589.1313265166,1558196.9051177418,1877199.849480449,1950587.872477665,1950587.872477665,2206433.4095866005
2024-07-26,1005385.6398052627,948038.1620221141,1510271.9373661939,1819463.4093976321,1890594.260259581,1890594.260259581,2138570.837370552
2024-07-29,1025023.0528003202,968005.2846707951,1542080.556696381,1857784.0704275013,1930413.044972822,1930413.044972822,2183612.385182922
2024-07-30,1010645.6497811421,954427.6367687461,1520450.6883816228,1831726.0122890288,1903336.2623919528,1903336.2623919528,2152984.122517341
2024-07-31,1008390.3635256437,952297.8027052061,1517057.7568032674,1827638.460435173,1899088.9101047355,1899088.9101047355,2148179.6734991604
2024-08-01,1043065.2237157483,985043.844677182,1569223.830102052,1890484.2693459955,1964391.6389172417,1964391.6389172417,2222047.723548127
2024-08-02,1004443.716903328,983566.2789101662,1511120.283491035,1820485.4337724906,1891656.240075703,1891656.240075703,2139772.109961067
2024-08-05,1002937.051327973,918696.6613672666,1413573.8291548418,1702968.7137765558,1769545.2730942883,1769545.2730942883,2001644.6659087841
2024-08-06,1002937.051327973,922280.0237994615,1419087.4524948774,1709611.117486904,1776447.3576672715,1776447.3576672715,2009452.0506528914
2024-08-07,1016698.7941000791,936337.4383846954,1440717.2180082216,1707046.7008106736,1803524.0115588906,1803524.0115588906,2040080.1677499155
2024-08-08,1023881.7966559171,942952.6859408778,1450895.9213953472,1716532.2303479158,1816265.9540690214,1816265.9540690214,2054493.385454214
2024-08-09,1047525.9895195301,964728.0073114369,1484401.0223772621,1756171.590324342,1858208.434782988,1858208.434782988,2101937.1802373156
2024-08-12,1060994.2159084948,963280.9153004697,1503486.2281109714,1778750.9981796115,1882099.748342683,1882099.748342683,2128962.157261325
2024-08-13,1073265.2424852792,972962.3860970353,1501230.9987688048,1799323.307099745,1903867.3467760985,1903867.3467760985,2153584.8656804776
2024-08-14,1071655.3446215512,978660.1292809907,1507760.6828902334,1809860.2839194604,1915016.541599306,1915016.541599306,2166196.4256594023
2024-08-15,1071533.4925610798,980016.6744739765,1509850.627545535,1812368.9763599408,1917670.993749005,1917670.993749005,2169199.044505692
2024-08-16,1085773.20258557,993040.2088390298,1529915.1754722232,1836453.7192633708,1943155.1051304378,1943155.1051304378,2198025.735965737
2024-08-19,1088739.7486914734,995753.3901530663,1534095.2048700307,1841471.272299842,1948464.187355495,1948464.187355495,2204031.174921291
2024-08-20,1095266.3106087474,994259.7600678366,1543291.4956765443,1852510.1604197905,1960144.455461487,1960144.455461487,2217243.4655059
2024-08-21,1085773.1873560334,984165.8533209158,1529915.1540129539,1836453.693504456,1943155.077874882,1943155.077874882,2198025.7051352523
2024-08-22,1084144.5275749993,979325.6501582477,1522390.91392468,1827421.8733641817,1933598.4921411378,1933598.4921411378,2187215.6461053416
2024-08-23,1084144.5275749993,962654.0560408566,1496474.4239390914,1796312.6751633105,1900681.7915096702,1900681.7915096702,2149981.4824814405
2024-08-26,1084144.5275749993,980939.1243581169,1524899.1076611923,1830432.6165673984,1936784.165139156,1936784.165139156,2190819.162478032
2024-08-27,1084144.5275749993,970183.161531664,1508178.6428445529,1810361.987624946,1915547.395225701,1915547.395225701,2166796.907797841
2024-08-28,1084144.5275749993,968727.8867893665,1509014.723753981,1811365.5882953233,1916609.3069666284,1916609.3069666284,2167998.1033841944
2024-08-29,1084144.5275749993,961918.0137534274,1500654.402842531,1801330.1675882055,1905990.8096015058,1905990.8096015058,2155986.848891848
2024-08-30,1084144.5275749993,969688.4262084855,1512776.7495455362,1815881.3852281396,1921387.4801226903,1921387.4801226903,2173402.997486675
2024-09-02,1084144.5275749993,974779.25589692,1520718.773581723,1825414.6978023038,1931474.6959359602,1931474.6959359602,2184813.285787011
2024-09-03,1084144.5275749993,969956.4209346249,1513194.838675763,1816383.2439916173,1921918.497816236,1921918.497816236,2174003.665211853
2024-09-04,1084144.5275749993,916367.625447166,1429592.8468828357,1716030.4981483335,1815735.07029297,1815735.07029297,2053892.8692115902
2024-09-05,1094232.276827354,914993.0740089953,1445059.2664417587,1713456.452401111,1835379.0692582943,1835379.0692582943,2076113.4398541837
2024-09-06,1095181.804763498,914415.4426724521,1446313.22702392,1712374.754442051,1836971.7326594577,1836971.7326594577,2077915.0022385994
2024-09-09,1078722.4493014833,900672.8030984211,1424576.7596999938,1686639.6804616826,1809364.105697426,1809364.105697426,2046686.2678924475
2024-09-10,1097714.002342974,916529.6857693512,1449657.2844550286,1716333.97946706,1841219.0415124483,1841219.0415124483,2082719.4021255767
2024-09-11,1091067.0227807572,910979.8302728641,1447482.798528346,1705941.0748861711,1830069.9213296177,1830069.9213296177,2070107.926577107
2024-09-12,1089430.422246586,930800.9603971529,1447482.798528346,1743058.99880284,1869888.6449081148,1869888.6449081148,2115149.405236098
2024-09-13,1089430.422246586,929404.7589565573,1447482.798528346,1771763.3562774917,1900681.6083924824,1900681.6083924824,2149981.275345999
2024-09-16,1085367.9950689941,925939.0588304469,1442085.2133868255,1767804.2812781914,1896434.4604814732,1896434.4604814732,2145177.0575106833
2024-09-18,1084760.2708273085,925420.6027722885,1441277.7543989678,1766814.444171174,1895372.6001726761,1895372.6001726761,2143975.920102468
2024-09-19,1081721.778743038,922828.4326386976,1437240.631021803,1761865.468948386,1890063.5242438759,1890063.5242438759,2137970.4882690087
2024-09-20,1112714.9270960975,949269.0193766548,1478419.9924543377,1812345.8779873,1944217.0231885547,1944217.0231885547,2199226.938697863
2024-09-23,1109372.37517565,946417.452540916,1473978.8768867566,1806901.6621801204,1938376.6716426422,1938376.6716426422,2192620.547385554
2024-09-24,1107708.3166128865,944997.8263621046,1479227.3674236108,1813335.6120987302,1945278.7730075293,1945278.7730075293,2200427.9511240465
2024-09-25,1133217.432513695,966759.9262914378,1515562.0334315815,1857877.0702119088,1993061.1870340693,1993061.1870340693,2254477.6641292544
2024-09-26,1144688.5313774063,976546.043565829,1530903.451080812,1876683.6036604363,2013236.1342789067,2013236.1342789067,2277298.82397842
2024-09-27,1148310.925381642,979636.3466798267,1535748.0313576718,1882622.4134304328,2019607.0677704366,2019607.0677704366,2284505.3901138436
2024-09-30,1126274.51596142,960836.8498351959,1506276.5949746643,1846494.3601575342,1980850.2404777135,1980850.2404777135,2240665.0895589036
2024-10-01,1110275.32117944,947187.7654455922,1484879.3136751174,1820264.1449539436,1952711.4444895242,1952711.4444895242,2208835.5163056776
2024-10-04,1108609.908197671,945766.9837974239,1485686.801436293,1821254.0173332137,1953773.342637078,1953773.342637078,2210036.6965157054
2024-10-07,1117778.3595536198,953588.6878259458,1500220.7234981286,1839070.668808569,1972886.3814423815,1972886.3814423815,2231656.6645129328
2024-10-08,1124696.7783398144,959490.86497562,1509506.2452191187,1850453.4809336003,1985097.4374963287,1985097.4374963287,2245469.3629429406
2024-10-09,1137029.7045408995,970012.2163800643,1526058.8214164516,1847677.8007121999,2006865.1358396492,2006865.1358396492,2270092.1843765103
2024-10-11,1137330.4539116428,970268.788888702,1526462.470704087,1845398.4220050755,2007395.9605176328,2007395.9605176328,2270692.6337695685
2024-10-14,1155679.3940455378,985922.46619935,1551089.4103901342,1875170.8641762107,2039781.9642317495,2039781.9642317495,2307326.4925185503
2024-10-15,1153945.8749544695,984443.5825000509,1558356.199374309,1883955.9612105677,2049338.25738191,2049338.25738191,2318136.2205886496
2024-10-16,1148934.0306235864,980167.9244340069,1553915.2926640257,1878587.1805214174,2046264.2499958372,2046264.2499958372,2311530.1399624767
2024-10-17,1158187.7626324927,988062.3823007613,1566430.8203615118,1893717.6770169185,2059655.7656772737,2059655.7656772737,2330147.640946509
2024-10-18,1189828.9493180928,1015055.817479473,1564081.1741309694,1945453.2215301155,2115924.666707397,2115924.666707397,2393806.262537034
2024-10-21,1188336.4291224934,1013782.5325185404,1559779.5230495282,1943012.8470339396,2113270.4530078243,2113270.4530078243,2390803.4744528844
2024-10-22,1177291.7724943077,1004360.2176816657,1545282.593707323,1924954.0640212116,2093629.2588611494,2093629.2588611494,2368582.8281832887
2024-10-23,1175525.8348355663,1002853.6773551431,1541364.5846552497,1920073.4114607202,2088320.9363437619,2088320.9363437619,2362577.370670729
2024-10-24,1169588.0686502403,997788.1054402033,1535879.2776739297,1913240.380396309,2080889.1570454685,2080889.1570454685,2354169.58559881
2024-10-25,1163620.7037435726,992697.2825391407,1528043.0553764105,1903478.8209122317,2070272.235358888,2070272.235358888,2342158.357589568
2024-10-28,1180925.9226351934,1007460.5500817255,1550767.9170637608,1931787.1154840596,2101061.060345304,2101061.060345304,2376990.638354709
2024-10-29,1153177.9763851427,983788.4800078179,1514329.8780773974,1886396.3555561388,2051692.9092588737,2051692.9092588737,2321139.033096726
2024-10-30,1151387.8303055705,982261.2872182581,1511979.0946337895,1883467.9914097786,2048507.9455384347,2048507.9455384347,2317535.792291464
2024-11-01,1149660.7485601122,980787.8952874307,1458693.512053831,1817090.2950850273,1976313.8658153105,1976313.8658153105,2235860.5592935723
2024-11-04,1178155.8186998493,1005097.3447519128,1497090.4272890687,1864921.2214987031,2028336.0043638605,2028336.0043638605,2294714.6966867866
2024-11-05,1181239.2267141298,1007727.8331463595,1501008.534341071,1869801.996137423,2033644.4596566507,2033644.4596566507,2300720.3044119678
2024-11-06,1196656.185777514,1020880.2060097865,1520598.9666636568,1894205.7411021686,2060186.5966556214,2060186.5966556214,2330748.1852571405
2024-11-07,1201897.8084578305,1025351.8904462232,1527259.531432435,1902502.7873981318,2069210.676352914,2069210.676352914,2340957.3854394075
2024-11-08,1229648.054472718,1049025.9224741391,1562521.953435028,1946429.0846446913,2116986.040382492,2116986.040382492,2395007.0250170557
2024-11-11,1227803.5823910087,1047452.3835904279,1558212.3351959956,1943509.4410177243,2111147.1453632233,2111147.1453632233,2388401.3156157043
2024-11-12,1203461.217106829,1026685.6511058317,1529610.2833799152,1904977.531333624,2072395.5974007605,2072395.5974007605,2344560.5779679418
2024-11-13,1195138.2052850826,1019585.2005969953,1519031.6587509958,1891802.9061042648,2058063.1263486664,2058063.1263486664,2328345.842395374
2024-11-14,1185582.0640220656,1011432.7541573282,1506885.715252723,1876676.341048798,2041607.170144921,2041607.170144921,2309728.747166809
2024-11-15,1184040.8143829342,1010117.8975863185,1504926.7727760072,1874236.6729556462,2038953.0929538752,2038953.0929538752,2306726.1135186707
2024-11-18,1180341.474700674,1006961.9512904556,1500224.8779918079,1868380.9304727947,2032582.7212611034,2032582.7212611034,2299519.129313238
2024-11-19,1178570.9624886229,1005451.5083635199,1497974.54067482,1861061.6310435878,2024620.1685991164,2024620.1685991164,2290510.8651117976
2024-11-20,1181434.0274739643,1007894.019760522,1501613.522622316,1868381.0228945457,2032582.8218052974,2032582.8218052974,2299519.2430617684
2024-11-21,1172486.1105927066,1000260.456053866,1490240.6379112455,1854230.3232307443,2017188.4944701751,2017188.4944701751,2282103.1990209827
2024-11-22,1179274.260545141,1006051.4994665266,1498868.4389776813,1864965.4554994567,2028867.0788551678,2028867.0788551678,2295315.5164906145
2024-11-25,1201489.792133675,1025003.8073510038,1527104.5840944014,1900098.2489253227,2067087.5015229266,2067087.5015229266,2338555.376859209
2024-11-26,1173103.3439803775,1000787.0244662893,1491025.1472278784,1855206.448110681,2018250.4056320763,2018250.4056320763,2283304.5695752436
2024-11-27,1171343.688964407,999285.8439295898,1483573.789614373,1845935.1043526933,2008164.2541315956,2008164.2541315956,2271893.8171006204
2024-11-28,1156295.0803861613,986447.714809371,1466710.636782745,1824953.1444394905,1985338.3044110658,1985338.3044110658,2246070.165507964
2024-11-29,1143618.9912344073,975633.6074170853,1450631.562239355,1804946.7730996045,1963573.6824127587,1963573.6824127587,2221447.2244075267
2024-12-02,1165570.1471272798,994360.3735646302,1478475.66050102,1839591.7626444884,2001263.4307818895,2001263.4307818895,2264086.7177217496
2024-12-03,1201433.7825898835,1024956.0250094387,1523967.1414378178,1896194.4892483694,2062840.6617388558,2062840.6617388558,2333750.8052073647
2024-12-04,1203907.1299598499,1027066.0641356263,1527104.4763253594,1900098.114833807,2067087.3556468403,2067087.3556468403,2338555.211825409
2024-12-05,1202101.2692649101,1025525.4650394229,1535339.9286680436,1910345.067621734,2078234.8571239873,2078234.8571239873,2351166.6999693415
2024-12-06,1204899.6232018846,1027912.7707481302,1541222.3950351365,1917664.3201208047,2086197.3587314049,2086197.3587314049,2360174.9064112836
2024-12-09,1202753.600376445,1026081.9756959047,1538477.354390145,1914248.8062279758,2082481.673985557,2082481.673985557,2355971.245688303
2024-12-10,1200300.938201859,1023989.5833313952,1535340.082373342,1911377.4330186339,2078235.065179352,2078235.065179352,2351166.935348343
2024-12-11,1183438.3351615444,1009603.9161111381,1513770.6329819832,1881702.6140634941,2049038.676329502,2049038.676329502,2318136.223257352
2024-12-12,1195088.774721319,1019543.0308537403,1528673.0514206348,1900227.1640322295,2069210.5775979857,2069210.5775979857,2340957.273715125
2024-12-13,1193296.1415592371,1018013.7163074596,1526712.2486894417,1897789.7752068955,2066556.4366433865,2066556.4366433865,2337954.5679294495
2024-12-16,1205894.003679045,1028761.0873811286,1545144.2953194834,1920701.852882736,2091506.0397113657,2091506.0397113657,2366180.7694628336
2024-12-17,1206506.1688768254,1029283.3320664857,1545928.6789885766,1921676.8861991467,2092567.780796861,2092567.780796861,2367381.947604779
2024-12-18,1204669.7633901732,1027716.6748813955,1543609.7859700937,1918751.9297684026,2089382.7138216759,2089382.7138216759,2363778.589984461
2024-12-19,1189672.584086543,1014922.4206260616,1522109.908412799,1894864.996100422,2063371.5627615657,2063371.5627615657,2334351.428761193
2024-12-20,1185999.8171341862,1011789.143810623,1517410.8382280676,1889015.1533538154,2057001.5051612535,2057001.5051612535,2327144.7998975683
2024-12-23,1184220.8174084849,1010271.4600949071,1524850.9277554913,1898277.2737404236,2067087.2874496654,2067087.2874496654,2338555.134671989
2024-12-24,1184220.8174084849,1028446.408611738,1554611.669779671,1935326.2332195698,2107430.9370376305,2107430.9370376305,2384197.062551941
2024-12-25,1182447.1631859383,1028446.4229606079,1554611.691469591,1935326.2602212143,2107430.9664404774,2107430.9664404774,2384197.095816225
2024-12-26,1181851.503462842,1027928.3413662732,1553828.5532470192,1934351.3364020747,2106369.344589627,2106369.344589627,2382996.052567853
2024-12-27,1177085.9779633973,1023783.4731590324,1547563.1217858181,1926551.540411208,2097875.9282903043,2097875.9282903043,2373387.2071077307
2024-12-30,1180362.1909281216,1026632.9954119754,1551870.493089396,1931913.7596985581,2103714.999049213,2103714.999049213,2379993.1153283776
2024-12-31,1171724.6761933314,1025093.0459188574,1540514.3988722423,1917776.6298463903,2088320.682421874,2088320.682421874,2362577.083401615
2025-01-02,1169967.0891790413,1018093.9132659303,1532291.0652287002,1907539.4538144364,2077173.134733364,2077173.134733364,2349965.5429774416
2025-01-03,1169967.0891790413,1019915.2950657089,1535032.3516874495,1910952.0639855275,2080889.2215238803,2080889.2215238803,2354169.6585450866
2025-01-06,1184009.4917192664,1033704.9523685714,1555786.594888806,1936788.890055344,2109023.665029981,2109023.665029981,2385998.9614109113
2025-01-07,1221559.1260279706,1066487.8339383584,1605126.754836029,1998212.143047291,2175909.165462317,2175909.165462317,2461668.44640113
2025-01-08,1207850.5565329494,1054519.5040592495,1587113.7162543142,1975787.8252675785,2151490.697805672,2151490.697805672,2434043.133592147
2025-01-09,1193247.8344594787,1052937.7248031606,1567925.7626021833,1972824.143529677,2125479.515765159,2125479.515765159,2404615.9373198603
2025-01-10,1186095.5076623152,1045058.8284755968,1558527.616530623,1958061.9438921905,2112739.3928347738,2112739.3928347738,2390202.6708477107
2025-01-13,1184316.3644008217,1045058.8974409663,1558527.7193807499,1958062.073108328,2109570.2837455217,2109570.2837455217,2390202.8285816163
2025-01-14,1156990.145049166,1022477.2417256887,1524851.0180312346,1915752.224627685,2060895.2995570444,2060895.2995570444,2338555.273121459
2025-01-15,1164715.3174095675,1029304.27734109,1535032.3812767484,1928543.618053463,2074655.806916546,2074655.806916546,2354169.703924084
2025-01-16,1176005.8743590093,1039282.1821457341,1549912.7303723444,1947238.5997572695,2094767.1759252222,2094767.1759252222,2376990.6342522963
2025-01-17,1186837.7568861328,1037723.2588725155,1547587.8612767858,1965174.1052039133,2114061.5285011935,2114061.5285011935,2398884.47328803
2025-01-20,1187741.3914826624,1036957.9237786889,1546446.4940665124,1966670.3495720783,2115671.132783887,2115671.132783887,2400710.93608007
2025-01-21,1185959.7793954385,1037746.9301139871,1547623.1629100966,1968166.7606893212,2117280.916449063,2117280.916449063,2402537.602422408
2025-01-22,1202189.3673478558,1053526.181558962,1571155.234478782,1998093.3230344849,2149474.8039863906,2149474.8039863906,2439068.9029105394
2025-02-03,1154173.8219338583,1011448.2564088864,1508403.1610013866,1918289.3060473613,2063624.5977957144,2063624.5977957144,2341652.28381838
2025-02-04,1162276.3267984514,1018548.802498301,1518992.4186309725,1931756.037087841,2078111.608352164,2078111.608352164,2358091.098024921
2025-02-05,1174880.5089428711,1017020.9792945536,1535464.9705353505,1952704.7602001026,2100647.4689080208,2100647.4689080208,2383663.1664111977
2025-02-06,1188384.7461867852,1027170.0025123926,1553113.8148935619,1975149.4157615346,2124792.5981956674,2124792.5981956674,2411061.3168305624
2025-02-07,1186602.169067505,1025354.2835574037,1550368.3899044562,1971657.9623269897,2121036.621885488,2121036.621885488,2406799.3059424898
2025-02-10,1188122.0542830117,1028207.6323554411,1554682.7443210597,1977144.6784476151,2126939.0279052425,2126939.0279052425,2413496.9303800664
2025-02-11,1183925.8717551255,1024576.2319564874,1549191.9510607133,1970161.8437086274,2119427.1528797755,2119427.1528797755,2404972.996653006
2025-02-12,1186923.0829929186,1027170.035732262,1553113.8651230645,1975149.479640158,2124792.666913925,2124792.666913925,2411061.394807082
2025-02-13,1182726.9503809903,1025629.2806786635,1547623.1371788008,1968166.727965928,2117280.8812464485,2117280.8812464485,2402537.562477021
2025-02-14,1169838.5663899558,1012933.4175508159,1530758.4151405105,1946719.2683132738,2094208.4983895344,2094208.4983895344,2376356.6872985926
2025-02-17,1168083.8085403708,1010857.2894124008,1527620.9427620466,1942729.2344368987,2089916.1677033505,2089916.1677033505,2371486.0601676004
2025-02-18,1185199.119028367,1027207.346643761,1552329.3661009164,1939815.1405852435,2123719.405122312,2123719.405122312,2409843.534771807
2025-02-19,1183702.0555681554,1025909.8477171822,1550368.5685143399,1934463.2023416946,2121036.866239092,2121036.866239092,2406799.5832173275
2025-02-20,1179509.8274449087,1022276.4603328448,1544877.7453095056,1927612.0601965117,2113524.9502470037,2113524.9502470037,2398275.6030043005
2025-02-21,1176814.7937309768,1020743.0456423454,1541347.8912034729,1923207.7056343583,2108695.8077815347,2108695.8077815347,2392795.840602152
2025-02-24,1174718.6714015643,1017398.8174080441,1538602.4687722158,1919782.121050146,2104939.8349707103,2104939.8349707103,2388533.8336848957
2025-02-25,1172956.593394462,1006247.1640365457,1521737.930387955,1898739.4931283907,2081867.703368224,2081867.703368224,2362353.243611861
2025-02-26,1164558.9390932284,1000541.6122129405,1519455.323492373,1887973.3941372521,2070063.2436927224,2070063.2436927224,2348958.3945739563
2025-02-27,1176935.0042621654,1011174.623373906,1533303.0086338583,1908037.3694146692,2092062.3342906702,2092062.3342906702,2373921.375144956
2025-03-03,1139806.769128078,979275.555844867,1484932.593589528,1847845.379339002,2026064.9920573097,2026064.9920573097,2299032.3535022754
2025-03-04,1116865.767400034,977806.6425110997,1455045.210817073,1810653.615621892,1985286.1848569699,1985286.1848569699,2252759.5056625744
2025-03-05,1134977.1476264077,992174.742377021,1478640.595176484,1840015.6365987968,2017480.0921300119,2017480.0921300119,2289290.8285453706
2025-03-06,1133274.681904968,999299.3263984101,1489258.3812456324,1853228.3756897063,2031967.163624519,2031967.163624519,2305729.711900022
2025-03-07,1133274.681904968,985841.6414690533,1469202.3584466965,1828270.7249404928,2004602.415993382,2004602.415993382,2274678.1709099542
2025-03-10,1133274.681904968,983466.796944078,1465663.121483812,1823866.5097616457,1999773.4263543566,1999773.4263543566,2269198.581924226
2025-03-11,1133274.681904968,953912.6728778778,1421618.5336378536,1769057.565242954,1939678.3096402865,1939678.3096402865,2201006.9799002204
2025-03-12,1133274.681904968,952481.803868561,1432236.473581894,1782270.495815288,1954165.5910840756,1954165.5910840756,2217446.101490167
2025-03-13,1133274.681904968,967245.5579460497,1456618.2240079402,1812611.068215317,1987432.4283779343,1987432.4283779343,2255194.9079386787
2025-03-14,1133274.681904968,945832.4630492735,1424371.2893977785,1772483.0857234022,1943434.212164714,1943434.212164714,2205268.9070615456
2025-03-17,1133274.681904968,953405.4792135494,1435775.8321893888,1786674.8623683,1958994.7466968887,1958994.7466968887,2222925.878810973
2025-03-18,1133274.681904968,956277.9293794554,1440101.5830029654,1792057.8128722801,1964896.8679955835,1964896.8679955835,2229623.1801676364
2025-03-19,1133274.681904968,953666.5770937002,1436169.0311318429,1787164.1578771404,1959531.2334139685,1959531.2334139685,2223534.645224995
2025-03-20,1133274.681904968,952236.0772280596,1434989.1296104866,1784483.4116403246,1957921.3575335313,1957921.3575335313,2221707.8742434336
2025-03-21,1133274.681904968,958887.4090799615,1447179.9914097253,1796947.9586564226,1974554.7578784858,1974554.7578784858,2240582.256699929
2025-03-24,1134037.279402567,960971.9577594062,1450326.0512197153,1800854.3875643192,1978847.2905304434,1978847.2905304434,2245453.1130071073
2025-03-25,1135574.7121116437,962274.7630085802,1452292.281740061,1803295.835028184,1981530.0458560286,1981530.0458560286,2248497.310164765
2025-03-26,1138957.1771221878,965141.0303547011,1456618.1334657783,1808667.1989733186,1987432.3048408085,1987432.3048408085,2255194.7677576626
2025-03-27,1116202.696284685,945859.1086794863,1427517.3120553957,1772533.0194386272,1947726.6941254,1947726.6941254,2210139.705847927
2025-03-28,1101750.506233419,944440.3200164671,1425376.0360873125,1749582.9010109096,1922508.2311660121,1922508.2311660121,2181523.6138289045
2025-03-31,1100097.880474069,913811.1600614449,1425376.0360873125,1695381.4116482488,1862949.5732819166,1862949.5732819166,2113940.7465746463
2025-04-01,1100097.880474069,913811.1736440267,1425376.0360873125,1695381.4368478283,1862949.6009721728,1862949.6009721728,2113940.777995551
2025-04-02,1119014.534611085,930918.8349078146,1449885.987400222,1727121.048018095,1897826.2928360389,1897826.2928360389,2153516.3312440864
2025-04-07,1002272.5951131602,833800.1050424713,1298625.662368972,1546937.989928151,1699834.2959467066,1699834.2959467066,1928849.3001431308
2025-04-08,956714.6688735245,795900.0328771374,1239597.1182108591,1476622.501720594,1622568.9632897764,1622568.9632897764,1841174.176058378
2025-04-09,964940.4420385513,794706.1828278217,1250255.0970651286,1489318.4100668407,1636519.7102270522,1636519.7102270522,1857004.477006302
2025-04-10,1017458.4879105377,836703.9681352613,1318301.7367112343,1570376.3584855467,1725589.2667175455,1725589.2667175455,1958074.1825125457
2025-04-11,1015932.300178672,818231.9933836715,1289197.492769642,1535707.044667079,1687493.3061623927,1687493.3061623927,1914845.6354533972
2025-04-14,1086983.725235166,876770.004663241,1381429.3511955875,1645574.7069312735,1808220.071907438,1808220.071907438,2051837.6576588224
2025-04-15,1058277.1070312574,853615.0105339023,1344946.5924938733,1602116.020530366,1760466.0144843052,1760466.0144843052,1997649.799195651
2025-04-16,1056664.3405844346,852314.1398655806,1342896.9547168382,1599674.4681763924,1757783.1439014792,1757783.1439014792,1994605.4712523932
2025-04-17,1040536.9456109592,851035.6686557822,1322400.919442839,1575259.3526222934,1730954.8863833568,1730954.8863833568,1964162.7005298093
2025-04-18,1041182.0149709434,850287.8270564406,1323220.7272529756,1576235.917218766,1732027.9727023295,1732027.9727023295,1965380.3614513942
2025-04-21,1039620.241948487,846863.5626563386,1317891.8756739812,1569888.12725195,1725052.7796698273,1725052.7796698273,1957465.415723339
2025-04-22,1017398.6696135281,830005.2499617198,1291656.9137302642,1567533.295061072,1722465.2005003225,1722465.2005003225,1918498.6145497747
2025-04-23,1035157.2202731484,844492.8748421369,1314202.603460762,1592505.609805186,1749905.7296796413,1749905.7296796413,1951985.7379896308
2025-04-24,1058404.626177748,863458.369416784,1343716.7688118687,1628269.8624147791,1789204.8506208183,1789204.8506208183,1995823.141508934
2025-04-25,1073257.1702255502,862163.1818626588,1362573.085198752,1651119.2994401637,1814312.6810262422,1814312.6810262422,2023830.437006059
2025-04-28,1077131.723456444,863979.6975942755,1367492.0944502593,1657079.986024622,1820862.5101400274,1820862.5101400274,2031136.6437345315
2025-04-29,1075516.0258712594,865792.5653277524,1370361.4700857247,1660556.9969391369,1824683.1819693795,1824683.1819693795,2035398.5287000716
2025-04-30,1078402.601588737,869418.4389865082,1376100.4400842446,1667511.2838147525,1832324.816871353,1832324.816871353,2043922.6235073425
2025-05-02,1105065.4728593966,890914.2995165958,1410123.7156544356,1708739.521429558,1877627.9723406562,1877627.9723406562,2094457.4105316678
2025-05-05,1121769.9610719387,904381.6168658129,1408008.5300809538,1734569.320563692,1906010.7379792805,1906010.7379792805,2126117.8324570474
2025-05-06,1091894.6052472917,903025.0444405142,1368457.2862475088,1688373.6855826683,1855249.2173656286,1855249.2173656286,2069494.3454908922
2025-05-07,1103780.6170184196,911487.8514384015,1383353.869978628,1706752.7758396012,1875444.8607271865,1875444.8607271865,2092022.1920729496
2025-05-08,1102124.946092892,912814.1456901104,1385366.7704061393,1709236.24985641,1878173.796427486,1878173.796427486,2095066.2666630994
2025-05-09,1104631.7295212555,916262.6771744881,1390600.5641063284,1715693.5939386638,1885269.371688556,1885269.371688556,2102981.24258296
2025-05-12,1122541.3637780473,931118.243054762,1413146.6732165804,1743510.5069812392,1915835.6536630085,1915835.6536630085,2137077.334426961
2025-05-13,1156761.1977925047,959502.6863842529,1456225.3927684382,1796660.1209523082,1974238.47086226,1974238.47086226,2202224.5388150658
2025-05-14,1163157.480347161,958063.4323546764,1464277.5552140553,1806594.708843244,1985154.9738656504,1985154.9738656504,2214401.6851663953
2025-05-15,1169873.4647264932,962151.9910391564,1472732.1844057012,1817025.8517016936,1996617.110352153,1996617.110352153,2227187.4750344236
2025-05-16,1168118.6545294034,958732.6927894937,1467498.3849361166,1810568.5005012813,1989521.5272693797,1989521.5272693797,2219272.4903896055
2025-05-19,1168929.0224260334,960836.8984625911,1470719.2184907328,1814542.296887844,1993888.0858689924,1993888.0858689924,2224143.301408723
2025-05-20,1163809.2727082057,956628.563871349,1464277.668867605,1806594.849066592,1985155.1279483982,1985155.1279483982,2214401.8570426973
2025-05-21,1157729.3374594394,951630.9754676034,1456628.036215845,1797156.8939302494,1974784.3439035208,1974784.3439035208,2202833.449554211
2025-05-22,1165089.2145351428,950203.529004402,1465888.0618061938,1794461.158589354,1987338.3749295012,1987338.3749295012,2216837.226501372
2025-05-23,1169569.0435640006,952428.4686189919,1471524.4781513195,1798662.961252381,1994979.7950294411,1994979.7950294411,2225361.081701161
2025-05-26,1167814.6899986546,941484.018504347,1454615.0442418542,1777994.3465468276,1972055.2840915404,1972055.2840915404,2199789.2365198997
2025-05-27,1166065.5021012686,941483.9462337937,1454614.9325821425,1777994.2100637513,1972055.1327118848,1972055.1327118848,2199789.0676588444
2025-05-28,1167679.183419903,942786.8362113241,1456627.928368644,1780454.720246284,1974784.197692574,1974784.197692574,2202833.2864587493
2025-05-29,1171552.1188214344,945913.853088825,1461459.2432972149,1786360.0975235165,1981334.123167162,1981334.123167162,2210139.6006758194
2025-06-02,1148960.2146415995,944494.9823091917,1433276.846068042,1751912.3973268485,1943126.5949320034,1943126.5949320034,2167519.847546307
2025-06-03,1145732.853944232,940431.3052933604,1429250.8569149803,1746991.379919708,1937668.468251395,1937668.468251395,2161431.413606132
2025-06-04,1144014.2546633156,949968.14095678,1427106.9806296078,1764707.474228699,1957318.203057,1957318.203057,2183350.309833097
2025-06-05,1159502.123612648,964273.2224902277,1446427.4093765153,1791281.2962477207,1986792.4509548626,1986792.4509548626,2216228.2589470367
2025-06-06,1158865.0691592023,963743.4308337776,1445632.7122354193,1790297.1292471518,1985700.8660813395,1985700.8660813395,2215010.6172942417
2025-06-09,1168421.281900364,971690.6349544668,1457553.6632687675,1805060.2459311243,2002075.3176215435,2002075.3176215435,2233275.998869815
2025-06-10,1177977.6731494335,970233.0990020351,1469474.8369828032,1819823.6383868002,2018450.0750328244,2018450.0750328244,2251541.7216386134
2025-06-18,1210469.203226263,995501.2693527055,1510006.577907331,1870018.8634992454,2074123.9072423663,2074123.9072423663,2313644.7964551914
2025-06-19,1208653.4994214235,995501.3030711885,1510006.629052551,1870018.9268383908,2074123.9774947246,2074123.9774947246,2313644.874820328
2025-06-20,1196680.2375828838,987118.0462789655,1497290.6503890844,1854271.2338703962,2056657.4871258999,2056657.4871258999,2294161.3452138957
2025-06-23,1182452.3729006515,975381.7598870263,1479488.6945326587,1832224.9767575085,2032204.9696483559,2032204.9696483559,2266885.0385165936
2025-06-24,1201761.6532646397,991309.6063654241,1503648.5361066603,1862144.9520367875,2065390.5899873555,2065390.5899873555,2303902.951258627
2025-06-25,1217006.216991198,989822.641955876,1522722.5894921664,1885766.5972376452,2091590.442831522,2091590.442831522,2333128.3765040217
2025-06-26,1227169.0091669355,996593.4136377942,1535438.3118954329,1901513.9728484736,2109056.581204921,2109056.581204921,2352611.513466417
2025-06-27,1225328.255653185,997006.1301573843,1536074.1787870447,1902301.441657806,2109929.999070123,2109929.999070123,2353585.7940732306
2025-06-30,1224758.9966505375,998037.7587192168,1537663.5952891079,1899447.9894953193,2112113.1993380734,2112113.1993380734,2356021.1114242943
2025-07-01,1225012.2292810315,998244.1141962241,1537981.5244475096,1896995.228783267,2112549.9023815556,2112549.9023815556,2356508.245158504
2025-07-02,1229823.1258301337,1002164.4417238658,1544021.5212995326,1904445.1526139644,2120846.357545222,2120846.357545222,2365762.7792060683
2025-07-03,1249573.239609414,1000661.19506128,1568817.4452684687,1935029.2322759368,2154905.691761772,2154905.691761772,2403755.3027509213
2025-07-04,1250839.3013627466,1000174.7980998382,1570406.9637556253,1936989.794830342,2157089.0321150203,2157089.0321150203,2406190.7763644047
2025-07-07,1248963.0424107024,988431.7520837977,1551968.8254678699,1914247.6098277732,2131762.663351333,2131762.663351333,2377939.7055876753
2025-07-08,1237640.9756165573,980940.6538335894,1540206.808587766,1899739.9648738191,2115606.5215402017,2115606.5215402017,2359917.8442603
2025-07-09,1235086.4338526914,978915.9520683272,1537027.7585279797,1895818.8236249709,2111239.8228596826,2111239.8228596826,2355046.8769836617
2025-07-10,1251690.4779168793,992076.1351597864,1534722.2168901877,1921305.508947061,2139622.5482204338,2139622.5482204338,2386707.2539798585
2025-07-11,1260886.6906123105,990588.0209570468,1543682.3499145408,1935421.40614761,2155342.4281656113,2155342.4281656113,2404242.4736979594
2025-07-14,1266761.8804582278,993713.1654720989,1550875.2459416497,1944439.637744176,2165385.397167278,2165385.397167278,2415445.2098944485
2025-07-15,1264861.7376375406,988903.9130390246,1543369.508059636,1935029.1746611549,2154905.6276002494,2154905.6276002494,2403755.2311799936
2025-07-16,1283440.9899555785,1004934.8312342435,1568388.7541183003,1966397.5351209952,2189838.360072017,2189838.360072017,2442722.0134571055
2025-07-17,1294957.322866714,1013952.1247140863,1582461.927071217,1984042.0461092829,2209487.8085262366,2209487.8085262366,2464640.5902646803
2025-07-18,1315430.965763399,1029982.9956541224,1607481.0993793306,2015410.3141029535,2244420.438024947,2244420.438024947,2503607.2576773544
2025-07-21,1316968.3024116438,1028438.0211606412,1609359.7533488325,2017765.712613223,2247043.4793575974,2247043.4793575974,2506533.2091641403
2025-07-22,1311813.986996852,1022878.6299198292,1603061.084072251,2009868.6349865892,2238249.0605229517,2238249.0605229517,2496723.2063462865
2025-07-23,1309846.2660163569,1016849.798976453,1593612.6666500058,1998022.500103824,2225056.854917756,2225056.854917756,2482007.5580932326
2025-07-24,1318223.44446375,1024888.135505065,1606210.3924141116,2013817.1408302516,2242646.2332242937,2242646.2332242937,2501628.166799252
2025-07-25,1318223.4255010188,1024888.1207619815,1606210.3693086691,2013817.1118613589,2239282.263874457,2239282.263874457,2501628.1308131656
2025-07-28,1323392.9269301,1028907.2881522998,1612509.2308210037,2021714.430507262,2244696.71413953,2244696.71413953,2511438.4330328773
2025-07-29,1319515.742191788,1027363.9272200713,1607785.0132036183,2018681.858861501,2238120.357514752,2238120.357514752,2504080.595035093
2025-07-30,1313053.9210398789,1020801.6048773524,1599911.5041018743,2005787.4592098666,2227160.023352551,2227160.023352551,2491817.8228394347
2025-07-31,1311084.340158319,1026829.9125801767,1609359.7247922928,2017632.5659698977,2240312.43794521,2240312.43794521,2506533.164688121
2025-08-01,1301435.0990698526,1020801.6195041792,1599911.5270266312,2005787.4879503248,2227160.0552650047,2227160.0552650047,2491817.858544108
2025-08-04,1297592.2794996211,1017787.4419677363,1595187.379559661,1999864.8880312587,2220583.7962932535,2220583.7962932535,2484460.1298036515
2025-08-05,1312963.5988700157,1029844.1843426957,1614084.0199406366,2023555.3510351086,2246888.902497114,2246888.902497114,2513891.123438224
2025-08-06,1309120.701230439,1028299.4180661817,1609359.7764995792,2017632.6307946248,2240312.5099244416,2240312.5099244416,2506533.2452207864
2025-08-07,1323211.0559554384,1037810.5156352608,1626681.6705844498,2039348.8556208839,2264425.4873832962,2264425.4873832962,2533511.6151464703
2025-08-08,1321226.2393715053,1055894.292230001,1624241.6480785732,2074884.3686535424,2303882.9451873438,2303882.9451873438,2577657.880151738
2025-08-11,1314226.501900401,1051875.709877071,1615636.5622973582,2066987.6561041907,2295114.69687416,2295114.69687416,2567847.6836715657
2025-08-12,1326778.8687949763,1061922.3265133784,1631067.7401566703,2086729.753367075,2317035.6684103734,2317035.6684103734,2592373.567305948
2025-08-13,1334310.267653715,1067950.2794647515,1640326.4207142668,2098574.978259207,2330188.2141730087,2330188.2141730087,2607089.0559117966
2025-08-14,1335565.4424347922,1066348.3540455543,1641869.4623934971,2100549.0906173037,2332380.2032122114,2332380.2032122114,2609541.5233133677
2025-08-15,1334310.230927113,1063750.5364480542,1640326.3755646362,2098574.920496384,2330188.150035081,2330188.150035081,2607088.9841522328
2025-08-18,1332308.7655807224,1059747.680278469,1634153.8846209545,2090678.0562598736,2321419.733293495,2321419.733293495,2597278.599228981
2025-08-19,1339106.720067665,1066752.6551008509,1644955.707574376,2104497.5223633125,2336764.4111696742,2336764.4111696742,2614446.7153125466
2025-08-20,1320263.6620386266,1051741.990243848,1621808.9371276891,2074884.3717894317,2303882.948669331,2303882.948669331,2577657.884047497
2025-08-21,1300164.576760593,1035730.7550942273,1597119.265610355,2043297.2887470485,2268809.6968732383,2268809.6968732383,2538416.8088602363
2025-08-22,1307701.7444904589,1034177.158961586,1606377.9056353723,2055142.4617832482,2281962.185056762,2281962.185056762,2553132.233044734
2025-08-25,1317751.3998455715,1040563.9387773141,1618722.8798542402,2070936.1804454706,2299499.0076463474,2299499.0076463474,2572752.9907031455
2025-08-26,1315774.7727458032,1042547.7932197017,1621809.005037443,2074884.4586707428,2303883.045139464,2303883.045139464,2577657.9919813653
2025-08-27,1315774.7727458032,1051475.4291987605,1635697.0210293224,2071772.1319827368,2323611.8569014748,2323611.8569014748,2599731.2171904007
2025-08-28,1315774.7727458032,1047507.5837196092,1629524.558173868,2060862.802796988,2314843.4800610053,2314843.4800610053,2589920.8769097934
2025-08-29,1313804.0666458344,1047507.5837196092,1629524.558173868,2060862.802796988,2314843.4800610053,2314843.4800610053,2589920.8769097934
2025-09-01,1297630.4009086976,1045936.3223440298,1609464.1959147945,2035492.4245581436,2286346.4570795796,2286346.4570795796,2558037.4967222796
2025-09-02,1301362.7419326848,1047373.6616560115,1614093.4564814738,2041347.0591866733,2292922.6167247524,2292922.6167247524,2565395.114332986
2025-09-03,1291409.77688721,1039363.2329660588,1601748.6926159963,2025734.6128862717,2275386.0929555637,2275386.0929555637,2545774.6910043852
2025-09-04,1307583.3647927793,1052380.1954477215,1621808.9583397843,2051104.8690367576,2303882.9788024644,2303882.9788024644,2577657.917761409
2025-09-05,1305621.9897455901,1055384.210732488,1626438.4058730032,2056959.740122225,2310459.4040455213,2310459.4040455213,2585015.832531518
2025-09-08,1305621.9897455901,1069402.6102912384,1623998.7482641938,2084281.8122359281,2341148.6476032804,2341148.6476032804,2619351.9391717454
2025-09-09,1305621.9897455901,1067798.5063758015,1626121.243072559,2090136.3855432924,2347724.738370069,2347724.738370069,2626709.479719113
2025-09-10,1305621.9897455901,1083123.0166283748,1651932.709857841,2123313.1773243425,2384990.2370919995,2384990.2370919995,2668403.3108397555
2025-09-11,1305621.9897455901,1106019.8714291356,1686854.0094863763,2168199.3008498834,2435408.1252926565,2435408.1252926565,2724812.4557108134
2025-09-12,1308360.2296427127,1110002.00132527,1692927.3829899735,2176005.716882477,2444176.603830465,2444176.603830465,2734622.909773655
2025-09-15,1314227.3158742944,1114979.588775159,1700518.9856042783,2185763.5900523537,2455137.0370314987,2455137.0370314987,2746885.792777124
2025-09-16,1317747.601002338,1117966.1695721245,1705073.9903760338,2191618.369485516,2461713.3593270234,2461713.3593270234,2754243.5923662423
2025-09-17,1328308.211747046,1116289.2203177663,1718738.688144856,2209182.300911749,2481441.8691972937,2481441.8691972937,2776316.47980915
2025-09-18,1325961.521870796,1112648.127056845,1715702.234222702,2205279.392163243,2477057.966077935,2477057.966077935,2771411.6288725855
2025-09-19,1323972.57958799,1122494.5395340563,1730885.3918404803,2224795.0773063716,2498978.763741507,2498978.763741507,2795937.3179726987
2025-09-22,1321989.6663613324,1122494.5999608543,1730885.4850185388,2224795.197072872,2498978.8982680277,2498978.8982680277,2795937.46848527
2025-09-23,1341703.4712805934,1139233.4899307431,1756696.8356345803,2257971.8395356853,2536244.229269746,2536244.229269746,2837631.111955178
2025-09-24,1361417.350864779,1155972.4432982337,1782508.2840096566,2291148.607653161,2573509.7014118037,2573509.7014118037,2879324.9133374086
2025-09-25,1353299.8724416506,1154238.4846332863,1771880.0424015233,2287711.884741681,2558165.0978927934,2558165.0978927934,2862156.88044702
2025-09-26,1342863.1497079188,1143621.5019715598,1758215.2064722825,2266668.9220102443,2538436.3885523817,2538436.3885523817,2840083.7698305435
2025-09-30,1340848.8549833568,1136708.3412084428,1747586.8435414133,2252966.9702477045,2523091.6098727616,2523091.6098727616,2822915.540964866
2025-10-01,1346983.08463267,1143621.5144094825,1758215.22559447,2266668.9466623277,2538436.4161601835,2538436.4161601835,2840083.8007190344
2025-10-02,1372573.4160519077,1165348.3303626985,1791618.251098374,2309731.7068592026,2586662.284708426,2586662.284708426,2894040.4439374814
2025-10-03,1377226.23910349,1169298.6906940467,1797691.5748279884,2317561.3593957913,2595430.6913846736,2595430.6913846736,2903850.8175993115
2025-10-07,1419101.319372653,1167544.7426580056,1852351.0613072198,2388027.6816295176,2674345.734860414,2674345.734860414,2992143.4906722563
2025-10-08,1419101.3577965996,1165796.0801505167,1852351.1114619463,2388027.7462883596,2674345.807271676,2674345.807271676,2992143.571688291
2025-10-09,1416972.7057599048,1182040.7029241433,1849572.5847947535,2421303.385632077,2711611.1056759646,2711611.1056759646,3033837.178687152
2025-10-13,1370243.3225218174,1144773.5715777813,1849572.5847947535,2344965.040363156,2626119.9995021317,2626119.9995021317,2938186.9964709934
2025-10-14,1414850.3615263274,1182040.6456217708,1849572.5847947535,2421303.2682533534,2711610.97422385,2711610.97422385,3033837.031614324
2025-10-15,1395406.2261583349,1165795.988978969,1849572.5847947535,2388027.5595316966,2674345.598123395,2674345.598123395,2992143.337686509
2025-10-16,1420569.3748428987,1164047.2949955005,1849572.5847947535,2431090.4980630553,2722571.666387943,2722571.666387943,3046100.2043539425
2025-10-17,1419425.5846636381,1161367.9949616818,1849572.5847947535,2429133.073465693,2720379.551881257,2720379.551881257,3043647.5965753407
2025-10-20,1417296.4462866427,1166982.9428454381,1849572.5847947535,2440877.3747288496,2733531.9630671307,2733531.9630671307,3058362.934612407
2025-10-21,1439005.80045853,1186635.4219915234,1849572.5847947535,2481982.7670562193,2779565.7806380615,2779565.7806380615,3109867.041130947
2025-10-22,1420848.01890878,1171662.1211439164,1849572.5847947535,2450664.407616605,2744492.4346988695,2744492.4346988695,3070625.8606133778
2025-10-23,1409499.374817089,1162303.7828616907,1849572.5847947535,2431090.3801484345,2740375.6960468213,2740375.6960468213,3046100.056609648
2025-10-27,1446949.9080104898,1160560.3271873982,1849572.5847947535,2495684.684058446,2808974.2789618555,2808974.2789618555,3127035.226442755
2025-10-28,1442410.4058249614,1155186.532511379,1849572.5847947535,2487854.996233765,2800161.7106705504,2800161.7106705504,3117224.808565761
2025-10-29,1440246.790216224,1157913.1709835613,1849572.5847947535,2493727.191723436,2806771.057675356,2806771.057675356,3124582.5337904473
2025-10-30,1458407.9819984287,1174272.9699027254,1849572.5847947535,2489986.6009358508,2846427.062345114,2846427.062345114,3168728.7990200957
2025-10-31,1458408.0856366155,1174273.0533495543,1849572.5847947535,2486257.3917929525,2846427.264619473,2846427.264619473,3168729.024198037
2025-11-03,1455021.5518467831,1171546.302577378,1849572.5847947535,2480484.1142374785,2839817.6454004967,2839817.6454004967,3161370.9959362936
2025-11-04,1456150.4728390686,1169788.983123512,1849572.5847947535,2482408.6703267265,2842021.000910995,2842021.000910995,3163823.838010822
2025-11-05,1421157.7647804543,1139967.8675790073,1849572.5847947535,2422753.982502087,2773724.480025052,2773724.480025052,3087794.0828602137
2025-11-06,1419026.0281332836,1147211.450766774,1849572.5847947535,2438148.644505163,2791349.2785675544,2791349.2785675544,3107414.542297717
2025-11-07,1401244.386605547,1134535.1382756932,1849572.5847947535,2411207.8969238917,2760505.7791383737,2760505.7791383737,3073078.6247550827
2025-11-10,1404599.2322896817,1137251.4312710667,1851223.9775249776,2416980.78742313,2767114.9552304936,2767114.9552304936,3080436.159714591
2025-11-11,1423610.5465914817,1152644.1809629642,1876280.3780061204,2449694.731980973,2804567.9816267444,2804567.9816267444,3122130.0028213533
2025-11-12,1407954.1330495658,1150915.2146915197,1855645.6464153915,2422753.772694618,2773724.2398239765,2773724.2398239765,3087793.815461103
2025-11-13,1404599.2002603002,1146453.0855041503,1851223.9353111153,2416980.732308192,2767114.8921313705,2767114.8921313705,3080436.0894707367
2025-11-14,1402492.3014599096,1125459.206058471,1817324.2732871897,2372720.9167447025,2716443.4105048864,2716443.4105048864,3024027.0617310368
2025-11-17,1408342.0320361247,1131848.6745628517,1827641.6052205972,2386191.352177293,2731865.2307911487,2731865.2307911487,3041195.099064876
2025-11-18,1392441.3485397266,1119069.699618802,1807006.8800981448,2359250.4013359984,2701021.4986568294,2701021.4986568294,3006858.9224678352
2025-11-19,1366318.9463403618,1098075.7893092427,1773107.16823707,2314990.5207045143,2650349.9425363233,2650349.9425363233,2950449.811799134
2025-11-20,1398120.1773765124,1096428.6756252788,1814376.4420475464,2368872.1920321425,2712037.1430797973,2712037.1430797973,3019121.8714063773
2025-11-21,1365183.0822283814,1068995.374656528,1771633.1282228478,2313065.9959373754,2648146.6228853883,2648146.6228853883,2947997.0096445577
2025-11-24,1363135.3076050389,1068995.4036490738,1771633.176271844,2313066.058670736,2648146.6947065713,2648146.6947065713,2947997.089598073
2025-11-25,1374681.9698997266,1079667.5811653482,1789320.0472222276,2336158.254858613,2674584.125137583,2674584.125137583,2977428.0377109046
2025-11-26,1383740.7745307917,1086782.315990149,1801111.2113497506,2351552.943725855,2692208.954435909,2692208.954435909,2997048.5313867223
2025-11-27,1399593.8486402426,1099233.2323130236,1821745.9646492423,2378493.931355438,2723052.7286878256,2723052.7286878256,3031384.754870348
2025-11-28,1402990.8999589547,1097584.3824645542,1826167.6506530659,2374926.190458405,2729662.0388615583,2729662.0388615583,3038742.4390935684
2025-12-01,1399593.7786834307,1093286.824685208,1821745.873591726,2365627.2402471597,2723052.5925797056,2723052.5925797056,3031384.6033506677
2025-12-02,1397494.3880154055,1093286.8520970119,1821745.9192680658,2365627.299560149,2723052.6608543633,2723052.6608543633,3031384.6793560837
2025-12-03,1408948.8500603072,1103901.2708441045,1839432.7450090223,2388594.5187386503,2749490.023708635,2749490.023708635,3060815.552240442
2025-12-04,1408948.9215177514,1103901.326830497,1839432.8382992526,2388594.6398806344,2749490.163154102,2749490.163154102,3060815.7074753577
2025-12-05,1410077.8325544281,1104785.8204925659,1840906.6717368371,2390508.485592091,2751693.1740248404,2751693.1740248404,3063268.165886469
2025-12-08,1422496.4674782322,1103128.641761827,1838145.3117292318,2411561.8285207185,2775927.490855872,2775927.490855872,3090246.541226886
2025-12-09,1440559.8791073458,1115463.4018221274,1858698.745406681,2442184.775553305,2811177.2943290533,2811177.2943290533,3129487.689859461
2025-12-10,1438399.0392886847,1113715.0808768782,1855785.5149571702,2438357.018597502,2806771.197153246,2806771.197153246,3124582.6890614578
2025-12-11,1438399.0392886847,1124205.3454068496,1873265.4622947443,2461324.3022257895,2833208.634195097,2833208.634195097,3154013.644533675
2025-12-12,1419492.1409466702,1111092.478471426,1851415.4676810768,2432615.1182747637,2800161.7464781124,2800161.7464781124,3117224.8484278237
2025-12-15,1396038.7264456016,1092734.566021674,1820825.6439514044,2392422.4824406444,2753896.358868154,2753896.358868154,3065720.8179691196
2025-12-16,1387104.0815206012,1091095.4641726415,1809172.3636441587,2377110.983564379,2736271.427939924,2736271.427939924,3046100.211155815
2025-12-17,1388220.9654065936,1090338.4968039284,1810629.093162049,2379025.0122145205,2738474.6493897648,2738474.6493897648,3048552.9039899595
2025-12-18,1380403.0972915685,1084198.175643852,1800432.402715566,2365627.3584898543,2723052.7286878256,2723052.7286878256,3031384.754870348
2025-12-19,1378332.492645631,1094724.3548727874,1817912.301304505,2388594.5780662475,2749490.092000108,2749490.092000108,3060815.628264577
2025-12-22,1396118.0411513827,1110513.5928563846,1844132.0979417514,2423045.340097389,2789146.059461594,2789146.059461594,3104961.8520728513
2025-12-23,1400529.2237566803,1114022.3780015965,1849958.828341713,2430701.2081121528,2797958.66141822,2797958.66141822,3114772.3074270994
2025-12-24,1410454.2321232078,1112351.344434594,1863068.7703104876,2447926.6464806083,2817786.7111673616,2817786.7111673616,3136845.4928249167
2025-12-26,1415968.008011534,1115027.2297087985,1870351.91600219,2457496.13027693,2828802.0593244536,2828802.0593244536,3149108.111951315
2025-12-29,1425893.218204957,1122842.999248529,1883462.1245640784,2474721.918927886,2848630.512280683,2848630.512280683,3171181.746211472
2025-12-30,1423754.3783776495,1127184.9934811592,1890745.4060982803,2471009.8360494943,2859646.0658919136,2859646.0658919136,3183444.594055638
2025-12-31,1426002.8706749764,1130658.5703883427,1896572.0003290132,2474912.2272676397,2868458.4619002407,2868458.4619002407,3193254.8201420046
2026-01-02,1445717.2405819343,1146289.8301519062,1922791.94892699,2509127.680924134,2908114.659193783,2908114.659193783,3237401.2998062833
2026-01-05,1491717.174784544,1144570.3954066783,1983971.480202654,2588963.2843108634,3000645.258692418,3000645.258692418,3340409.1651054397
2026-01-06,1521288.6936412489,1165511.8744202016,2023301.355214954,2640286.402309001,3060129.4822098697,3060129.4822098697,3406628.803978534
2026-01-07,1542098.3083540802,1181454.8398489803,2050977.9703281547,2676402.718030818,3101988.805665264,3101988.805665264,3453227.8703994825
2026-01-08,1539785.160891549,1168868.3827789854,2047901.5033726625,2647890.051463877,3068942.219695798,3068942.219695798,3416439.410208106
2026-01-09,1540790.044713165,1171385.648289492,2049237.9905276697,2653592.5260969196,3075551.4688783367,3075551.4688783367,3423797.0265340824
2026-01-12,1556242.0244800302,1183133.0160756947,2069788.995562895,2680204.366018554,3106394.969738253,3106394.969738253,3458132.9456694545
2026-01-13,1569486.6194223817,1181358.3165515813,2087404.1970747078,2703014.584886984,3132832.337742686,3132832.337742686,3487563.8242871272
2026-01-14,1566175.48538294,1177100.363309477,2083000.416242507,2697312.0554799982,3126223.025076368,3126223.025076368,3480206.1372890864
2026-01-15,1560656.966231223,1172952.7751502688,2075660.8315041736,2687807.904524217,3115207.57898017,3115207.57898017,3467943.4091339097
2026-01-16,1558315.980781876,1190372.7962330927,2106487.3542863564,2727725.6841274016,3161472.853126655,3161472.853126655,3519447.3132816395
2026-01-19,1554897.7315472495,1189543.292477277,2105019.461893748,2725824.8857330005,3159269.800760307,3159269.800760307,3516994.808676359
2026-01-20,1559235.0631693262,1192861.4809559218,2110891.3384113587,2733428.476781634,3168082.4709002743,3168082.4709002743,3526805.3399343677
2026-01-21,1557066.398520243,1191072.1887344879,2107955.4017256075,2729626.6832942916,3163330.347193924,3163330.347193924,3521900.0769335683
2026-01-22,1581242.5562706164,1207754.0202528434,2140685.0671857973,2772008.8741614674,3207635.0874001896,3207635.0874001896,3576583.687036462
2026-01-23,1585640.895459962,1211113.4743842175,2146639.5357053247,2779719.414973874,3216557.353661039,3216557.353661039,3586532.2101977468
2026-01-26,1583262.4341167721,1213633.1536215942,2151105.5442029997,2785502.5240249922,3223249.2887697387,3223249.2887697387,3593993.865059454
2026-01-27,1584173.2947392697,1216152.8612905147,2155571.6030941983,2791285.6983315265,3229941.2993888617,3229941.2993888617,3601455.604116944
2026-01-28,1609336.2484272684,1235470.191173428,2189810.6277008792,2835622.3835858055,3281245.5750014945,3281245.5750014945,3658661.0000649253
2026-01-29,1627934.9765384742,1233616.9858866679,2215117.7644284833,2831368.950010427,3319166.173866517,3319166.173866517,3700943.302012563
2026-01-30,1600583.9714819342,1211074.32274503,2177901.476278854,2779629.555044248,3263400.72124509,3263400.72124509,3638763.5955585926
2026-02-02,1565574.6426665853,1184584.679002346,2130264.569831587,2718831.1422078963,3192020.855557359,3192020.855557359,3559173.4750350914
2026-02-03,1563226.2807025854,1208590.8238625918,2173435.345851665,2773929.4863004093,3256708.6034353506,3256708.6034353506,3631301.736981207
2026-02-04,1548055.8539696205,1198657.2719607775,2155571.6219287454,2751130.2295295577,3229941.3276108336,3229941.3276108336,3601455.6355850636
2026-02-05,1540572.1100254746,1192862.6205099656,2145150.973325908,2737830.4805947863,3214326.8691347577,3214326.8691347577,3584045.170882639
2026-02-06,1526673.9048259705,1191073.3265792006,2141933.2468659193,2713131.260368001,3185328.9571806234,3185328.9571806234,3551711.8611303326
2026-02-09,1583336.066640816,1233429.603303628,2218103.4668724975,2813828.5225756834,3303551.7316937274,3303551.7316937274,3683532.855488661
2026-02-10,1596165.356519896,1243423.7076884245,2236076.083651621,2836628.1180290575,3330319.4051456144,3330319.4051456144,3713379.4002480693
2026-02-11,1593771.1084851162,1264244.5626247094,2273518.6830458036,2884126.8283950253,3386084.8669083933,3386084.8669083933,3775559.1168948486
2026-02-23,1644849.3347353984,1306719.0479423925,2349901.4801543187,2981024.0635096245,3499846.2515453487,3499846.2515453487,3902405.5633954047
2026-02-24,1634365.997404153,1298390.7614012135,2334924.5400836263,2962024.7058235547,3477540.2153099105,3477540.2153099105,3877533.8422836447
2026-02-25,1684686.4260176676,1296443.1752591117,2406814.4373427695,3053222.3647307986,3584610.0603954457,3584610.0603954457,3996919.0749775623
2026-02-26,1703556.565862652,1309001.1083516818,2433773.1189776324,3087421.4489701698,3624761.2078640545,3624761.2078640545,4041688.4876879132
2026-03-02,1666864.701625721,1280807.3330957892,2381353.5664635077,3020923.3643641933,3546689.6904308237,3546689.6904308237,3954637.0282589067
2026-03-03,1664364.4045732825,1289668.2595157302,2397828.3306119097,3041822.82282311,3571226.524011648,3571226.524011648,3981996.1374859577
2026-03-04,1606856.416032878,1246974.6284107456,2318449.7792326068,2941125.251547612,3453003.3866400714,3453003.3866400714,3850174.73853245
2026-03-05,1625540.8246676896,1261474.357995789,2345408.5433401177,2975324.4404096454,3493154.656940038,3493154.656940038,3894944.2882024674
2026-03-06,1594400.1922488364,1259582.1464587953,2300477.3400065294,2918325.8813334266,3426235.9776283614,3426235.9776283614,3820328.488629657
2026-03-09,1518624.70820775,1197922.3456492717,2191144.824360834,2779629.487966988,3263400.6424935963,3263400.6424935963,3638763.5077489447
2026-03-10,1575715.770362774,1242956.94749838,2273518.556779476,2884126.668216837,3386084.6788525376,3386084.6788525376,3775558.9072084324
2026-03-11,1573352.1967072298,1249507.5115397053,2285500.3305129097,2879800.4782145116,3403929.8379972815,3403929.8379972815,3795456.652229482
2026-03-12,1587467.4742281265,1262608.503252194,2309463.6285422617,2905636.5135535034,3439619.784784831,3439619.784784831,3835251.728038747
2026-03-13,1547317.5337535583,1230674.8371637545,2251053.091810328,2832147.67995291,3352625.5427885302,3352625.5427885302,3738251.234431397
2026-03-16,1570995.669065268,1228828.8249080088,2285500.2809224604,2875487.1849515983,3403929.7641393137,3403929.7641393137,3795456.5698762233
2026-03-17,1574084.0674005067,1229400.4615546584,2289993.3138453257,2881140.064848007,3410621.5018849005,3410621.5018849005,3802918.0046737175
2026-03-18,1600850.7177924758,1250305.909381535,2328933.705722152,2930132.663428487,3468617.713936679,3468617.713936679,3867585.056966882
2026-03-19,1598449.4417157872,1231812.6141841211,2325440.3051635684,2886793.0231806287,3417313.3324813126,3417313.3324813126,3810379.5430019246
2026-03-20,1598449.4417157872,1225380.1134134557,2309832.1542888614,2871718.24790025,3399468.190783887,3399468.190783887,3790481.817435019
2026-03-23,1539502.4228266976,1181961.2917727944,2227988.00713067,2769964.8237643857,3279015.0338956253,3279015.0338956253,3656173.8976623323
2026-03-24,1581393.6315707162,1180188.3498351353,2288613.5113858115,2845337.9916953887,3368239.9037126442,3368239.9037126442,3755661.5903612394
2026-03-25,1599197.3657847433,1191687.6807898579,2314379.3079983057,2877371.534983977,3406160.41054763,3406160.41054763,3797943.7896933616
2026-03-26,1598150.1644831887,1190907.328772609,2312863.784601706,2875487.34777797,3403929.956889098,3403929.956889098,3795456.784796473
2026-03-27,1559400.6218336606,1162031.998185115,2256784.940538292,2805766.8533606427,3321396.5805069515,3321396.5805069515,3703430.254483239
2026-03-30,1557061.5209009103,1144082.633540897,2221925.4393502283,2762427.4853946264,3270092.5213720147,3270092.5213720147,3646225.0999126513
2026-03-31,1555789.8871315664,1144862.9971674576,2223440.9852932976,2764311.700631721,3272323.008213047,3272323.008213047,3648712.141808758
2026-04-01,1590787.1723501952,1143145.7026717064,2273456.9925785526,2826494.5222456143,3345933.4761773683,3345933.4761773683,3730789.4329415523
2026-04-02,1609876.6232016673,1155130.7584034374,2300738.483325456,2860412.4650114267,3386084.687952241,3386084.687952241,3775558.9173548017
2026-04-07,1593968.7934121985,1143716.452968828,2278003.973329259,2832147.594296936,3352625.441391132,3352625.441391132,3738251.1213710676
2026-04-08,1656539.6624181431,1188612.7725545212,2367426.4819751647,2943322.8800745844,3484231.9622880775,3484231.9622880775,3884995.2873756695
2026-04-09,1654054.852924516,1206875.8215941929,2403802.017335775,2988547.0702730995,3537767.226810014,3537767.226810014,3944688.2850369248
2026-04-10,1666156.3597182417,1217529.2057073973,2425020.957813799,3014927.6964405496,3568995.95183371,3568995.95183371,3979509.000437325
2026-04-13,1678652.3541405872,1215702.9118988363,2443208.355524801,3010405.3048958885,3595763.039596727,3595763.039596727,4009354.8921407587
2026-04-14,1702603.5305784896,1231201.8774706705,2478068.2919812044,3048784.8857302982,3647067.739332702,3647067.739332702,4066560.760995596
2026-04-15,1751546.7473880546,1266594.1337083376,2549303.0988549665,3136425.5707095684,3751906.7249682373,3751906.7249682373,4183458.536326212
2026-04-16,1765084.2761284667,1276383.512446349,2569006.4062432707,3160666.6886637197,3780904.8348938474,3780904.8348938474,4215792.0668210685
2026-04-17,1762436.649714274,1268100.1679889509,2552334.3286359766,3140154.914074085,3756367.9015954514,3756367.9015954514,4188432.846406731
2026-04-20,1767112.1704153689,1273371.473172169,2562944.005627962,3153208.0744572408,3771982.5683935457,3771982.5683935457,4205843.543392789
2026-04-21,1786967.2221457805,1271461.4159624106,2559099.5896195197,3188637.1267173383,3814364.09361617,3814364.09361617,4253099.8763648225
2026-04-22,1792192.3476126832,1273269.2889095598,2562738.3370160596,3197960.7611125545,3825517.3653262467,3825517.3653262467,4265536.01968176
2026-04-23,1831902.7638824512,1301481.6923122762,2619522.0892114984,3268819.4238042715,3910281.083476639,3910281.083476639,4360049.430131752
2026-04-24,1830857.6874516364,1300739.214125885,2618027.686315554,3266954.6053194916,3908050.319552498,3908050.319552498,4357562.079281884
2026-04-27,1828111.400920459,1376467.1564707984,2770447.0548820077,3457153.952973772,4135573.72014358,4135573.72014358,4611255.67621553
2026-04-28,1822419.8167859807,1374239.9797830493,2765964.3652179134,3451560.1451928695,4128882.2031417596,4128882.2031417596,4603794.487552192
2026-04-29,1785990.9979943999,1372178.6198133747,2710674.7915881695,3382566.0210512527,4046348.914047429,4046348.914047429,4511768.054566793
2026-04-30,1796821.1839574995,1378431.814494454,2727112.2272255006,3403077.781234583,4040279.390676358,4040279.390676358,4539127.255765568
2026-05-04,1821435.2274704552,1397314.4840469582,2764470.011976123,3449695.388669949,4089491.5693233083,4089491.5693233083,4601307.219348911
2026-05-05,1858848.5216486547,1426016.1019044924,2821253.7659328915,3520554.0535595743,4173492.004153397,4173492.004153397,4695820.632730539
2026-05-06,1856060.2488661818,1450941.1576314156,2870565.907108404,3582089.127292209,4246439.652248298,4246439.652248298,4777897.960467673
2026-05-07,1856060.2488661818,1479642.6484299721,2927349.409689597,3652947.47849814,4330439.715217489,4330439.715217489,4872410.955448576
2026-05-08,1856060.2488661818,1477423.1844573272,2909417.77248768,3630571.1510651154,4303913.372430727,4303913.372430727,4842564.738504828
2026-05-11,1856060.2488661818,1464602.8096755745,2888497.4874948743,3604465.38382702,4272965.910987742,4272965.910987742,4807744.082845256
2026-05-12,1857115.356907955,1467633.540364601,2894474.710754787,3611924.173188975,4281808.041314163,4281808.041314163,4817692.839901165
2026-05-13,1818764.978066902,1437326.1595853423,2834702.3324313895,3606506.2869291916,4193386.522479453,4193386.522479453,4718205.026792097
2026-05-14,1858074.1422020136,1468391.2452914033,2895969.060460299,3678935.6937416755,4284018.63882321,4284018.63882321,4820180.102218505
2026-05-15,1872455.474882971,1479756.4661535344,2918383.609775797,3707410.3368798904,4317176.571468097,4317176.571468097,4857487.878080443
2026-05-18,1802466.1606628008,1477536.831454304,2809299.217532847,3568833.419836129,4155807.592788738,4155807.592788738,4675922.94904474
2026-05-19,1799762.4614218066,1480817.0499447833,2819759.330728812,3582121.5741616096,4171281.2801659754,4171281.2801659754,4693333.228105569
2026-05-20,1771353.5942085476,1459628.8321378578,2779412.905176229,3530866.915710011,4111596.651128645,4111596.651128645,4626178.837439085
2026-05-21,1805638.0320465574,1487879.8567360023,2775243.7858184646,3599206.623649596,4191176.3467136887,4191176.3467136887,4715718.23900084
2026-05-22,1834208.1837096242,1511422.2015520278,2775243.7858184646,3656155.955287141,4257492.264825221,4257492.264825221,4790333.850157324
2026-05-25,1896110.285533632,1562430.7031226165,2775243.7858184646,3779546.3862309745,4401177.001395919,4401177.001395919,4952001.285946267
2026-05-26,1935156.1725632984,1560087.0570679326,2775243.7858184646,3857377.1655617375,4491808.786532672,4491808.786532672,5053975.988713835
2026-05-27,1932253.4383044534,1570016.266001171,2775243.7858184646,3887750.4200141346,4527177.599425253,4527177.599425253,5093771.345017593
2026-05-28,1959505.5822443068,1594547.723306655,2775243.7858184646,3948496.4043126716,4597914.614320972,4597914.614320972,5173361.370280494
2026-05-29,1944432.4904381991,1582281.9944205484,2775243.7858184646,3918123.411585535,4562546.106200201,4562546.106200201,5133566.356891914
2026-06-01,1983057.3148033742,1613712.946346732,2775243.7858184646,3995954.2590733105,4653177.970703906,4653177.970703906,5235541.148959515
2026-06-02,2002840.922386746,1629811.8575806194,2775243.7858184646,4035819.163830462,4699599.547277008,4699599.547277008,5287772.56496772
2026-06-03,2021682.3614666052,1627367.1397942484,2775243.7858184646,4073785.554502181,4743810.356822599,4743810.356822599,5337516.527924231
2026-06-04,2018649.8379244052,1616600.591126691,2775243.7858184646,4052903.920973106,4719494.273396675,4719494.273396675,5310157.192829059
2026-06-05,2018649.8379244052,1590098.9536940935,2775243.7858184646,3986462.902175801,4642125.548687989,4642125.548687989,5223105.473680315
2026-06-08,1882211.2047123318,1484849.6079078238,2775243.7858184646,3722597.177668221,4334861.22660157,4334861.22660157,4877385.836043664
2026-06-09,1959956.6436997764,1546181.8772663902,2775243.7858184646,3876360.448775445,4513914.293636786,4513914.293636786,5078848.085330568
2026-06-10,1969554.7872068763,1553753.7159566921,2775243.7858184646,3895343.452298605,4536019.475049009,4536019.475049009,5103719.815493815
2026-06-11,1919644.201639419,1551423.085382757,2775243.7858184646,3889500.437120157,4421071.98051084,4421071.98051084,4974386.198466194
2026-06-12,1982032.6104421758,1599445.1455119369,2775243.7858184646,4009894.303644177,4564756.755966085,4564756.755966085,5136053.678006235
2026-06-15,1979059.5615265125,1628103.4784605347,2820738.5848600115,4081742.273150964,4646546.568707657,4646546.568707657,5228079.801414838
2026-06-16,1979059.5615265125,1642819.9107883975,2846235.249567058,4118637.1540582897,4688546.717372229,4688546.717372229,5275336.430750793
2026-06-17,1979059.5615265125,1626554.3528672508,2818054.677853129,4077858.532649098,4642125.422075886,4642125.422075886,5223105.331222218
2026-06-18,1979059.5615265125,1657536.2940695,2871731.8292991063,4155531.91200277,4730546.726059178,4730546.726059178,5322592.902590384
2026-06-22,1979059.5615265125,1655049.9896283958,2937486.3934776885,4250681.879355614,4838862.911827247,4838862.911827247,5444465.276967091
2026-06-23,1979059.5615265125,1691073.3629546016,3005925.06735086,4349715.880509032,4951600.578110516,4951600.578110516,5571312.497206645
2026-06-24,1979059.5615265125,1630677.8074713943,2898570.4615954,4194368.683543856,4774757.471242904,4774757.471242904,5372336.793129895
2026-06-25,1976095.5082751105,1630677.8816374077,2898570.5934273372,4194368.874310912,4774757.688407032,4774757.688407032,5372337.037472953
2026-06-26,1928522.815145908,1591420.802143599,2828790.1558032404,4093393.2774874344,4659809.761383424,4659809.761383424,5243002.933832671
2026-06-29,1891013.5738793479,1560468.1028260589,2773770.961001303,4013777.8978619804,4569177.736071979,4569177.736071979,5141027.960831621
2026-06-30,1955053.6762955643,1558127.4006718197,2867706.0754157617,4149706.455544257,4723915.181756023,4723915.181756023,5315131.394928544
2026-07-01,2009030.4127999314,1598747.3477298974,2946880.07308215,4264274.978463686,4854336.933407242,4854336.933407242,5461875.932057443
2026-07-02,2006016.8671807314,1560889.8520704904,2877099.5041048755,4163299.1915659425,4739388.790008157,4739388.790008157,5332541.584961458
2026-07-03,2006016.8671807314,1545601.3787181098,2848919.1305555776,4122520.8569103535,4692967.821144469,4692967.821144469,5280310.852719845
2026-07-06,2006016.8671807314,1587826.9368157203,2926751.1006347192,4235147.402376076,4821178.877443024,4821178.877443024,5424568.017442283
2026-07-07,2006016.8671807314,1580546.6447225327,2913331.7522141603,4215728.969905824,4799073.451689458,4799073.451689458,5399696.012357432
2026-07-08,2006016.8671807314,1578175.8247554488,2855628.7069962616,4132229.931668246,4704020.372967342,4704020.372967342,5292746.674051843
2026-07-09,2002071.1430565189,1575071.6402763133,2854286.8611829565,4130288.217250038,4701809.977047275,4701809.977047275,5290259.638553123
2026-07-13,2014307.5545135734,1584698.2835310253,2871731.909812236,4155532.028509081,4730546.858686855,4730546.858686855,5322593.051816927
2026-07-14,1986069.5343993907,1562482.8368853587,2831473.8949673283,4149298.7304663174,4664230.631531097,4664230.631531097,5247977.09293814
2026-07-15,1982304.571052138,1559520.8607260678,2827226.684124877,4135230.1195791364,4655388.716851529,4655388.716851529,5238028.578518121
2026-07-16,1983245.7896097763,1560261.3372383933,2824332.5815022253,4137193.569285852,4657599.1431993805,4657599.1431993805,5240515.648252781
2026-07-17,1980270.9209253616,1557920.9452325357,2758650.545587772,4040979.9369457313,4549283.077236627,4549283.077236627,5118643.408675487
2026-07-20,1980270.9209253616,1514770.3129594298,2686265.9790394353,3934948.173830908,4429913.886318937,4429913.886318937,4984334.702904444
2026-07-21,1985366.5422956897,1520946.1130969475,2697218.030093531,3950991.169435695,4447974.883787834,4447974.883787834,5004656.10389856
2026-07-22,2074708.0366989956,1589388.6881863102,2818592.8414477403,4128785.7720603007,4648133.7535582865,4648133.7535582865,5229865.628573995
2026-07-23,2069744.6203432563,1585586.322903568,2811849.7963725063,4118908.294136712,4637013.816348817,4637013.816348817,5217353.988314249
2026-07-24,2035993.449712808,1559730.2853965114,2765997.172173478,4051741.564830986,4561398.379065844,4561398.379065844,5132274.987277957
2026-07-27,2011176.3679341117,1557390.6899684167,2732281.946797309,4002354.17521304,4505798.693018496,4505798.693018496,5069716.785979224
2026-07-28,2008159.6033822105,1509772.531406571,2652713.8914407073,3885799.7548526647,4374583.230334624,4374583.230334624,4922079.201819242
2026-07-29,1976608.7568198112,1488281.0837147299,2614952.797863117,3830485.8181932247,4368021.355489122,4368021.355489122,4852013.939999671
2026-07-30,1904231.7350623002,1433785.0424492743,2519201.681263639,3690225.8125402797,4201775.872650973,4201775.872650973,4674348.877406247
2026-07-31,2038791.9742535371,1535101.7334319924,2697218.030093531,3950991.169435695,4498689.297651415,4498689.297651415,5004656.10389856
2026-08-03,2079567.8137386078,1565803.7681006324,2751162.390695402,4030010.9928244087,4588663.083604444,4588663.083604444,5104749.225976531
2026-08-04,2052044.1531956817,1563455.0624484813,2714749.9884454203,3976672.6723243673,4527930.846730701,4527930.846730701,5037186.4449388925
2026-08-05,2048966.0869658883,1609195.3502424904,2798363.7062220387,4099153.3382895333,4667390.146313343,4667390.146313343,5192330.707794756
2026-08-06,2036037.4953639705,1601440.1919280689,2784877.616071571,4079398.3824423547,4644896.699825086,4644896.699825086,5167307.427275264
2026-08-07,2046883.2758573699,1609970.9134076624,2799712.397549647,4101128.9544489323,4669639.62825127,4669639.62825127,5194833.188576688
2026-08-10,2048855.1949158662,1611521.921403682,2802409.57442346,4105079.8853310277,4674138.248904372,4674138.248904372,5199837.768315596
2026-08-11,2051813.1487275006,1613848.4925648733,2806455.442624881,4111006.432372521,4680886.351495399,4680886.351495399,5207344.8288364345
2026-08-12,2070546.6054548852,1611427.719826026,2832078.931598208,4104839.9227239625,4723623.762533986,4723623.762533986,5254888.909093488
2026-08-13,2067440.7855467028,1632766.3596524277,2827830.8132008105,4159196.5032757097,4793353.583936684,4793353.583936684,5332461.231433899
2026-08-14,2067440.7855467028,1641194.459116314,2838170.4037512816,4180665.6630316214,4818096.169140114,4818096.169140114,5359986.610910366
2026-08-17,2067440.7855467028,1630467.7445577607,2819620.3510013064,4153341.169591501,4786605.481345656,4786605.481345656,5324954.17091306
2026-08-18,2067440.7855467028,1631233.871647703,2820945.2392374985,4155292.748943143,4788854.62006083,4788854.62006083,5327456.269870034
2026-08-19,2067440.7855467028,1579132.55303482,2730844.7519600056,4022573.4404458227,4635899.458518885,4635899.458518885,5157298.267797449
2026-08-20,2067440.7855467028,1576763.8542052677,2761319.809737764,4067463.63712393,4687634.1108636735,4687634.1108636735,5214851.507532316
2026-08-21,2067440.7855467028,1568358.5722360609,2750719.895126584,4051849.811052227,4669639.62825127,4669639.62825127,5194833.188576688
2026-08-24,2067440.7855467028,1581201.562159777,2773245.016945957,4085029.638176557,4707878.418636757,4707878.418636757,5237372.689094835
2026-08-25,2067440.7855467028,1554760.064850335,2726869.6828906084,4016718.106761614,4629151.355927858,4629151.355927858,5149791.20727661
2026-08-26,2067440.7855467028,1572891.3311807832,2758669.8310849685,4063560.180606004,4683135.490210572,4683135.490210572,5209846.92779341
2026-08-27,2067440.7855467028,1609153.9791174594,2822270.3296541013,4157244.6261094264,4791104.101998757,4791104.101998757,5329958.750651967
2026-08-28,2075974.3481246445,1606740.248148783,2838170.4037512816,4180665.6630316214,4818096.169140114,4818096.169140114,5359986.610910366
2026-08-31,2046899.0767282643,1581864.0868778445,2798420.1174181253,4122112.9218188124,4750615.829675343,4750615.829675343,5284916.7693518875
2026-09-01,2064344.269142988,1595345.9061249536,2822270.3296541013,4157244.6261094264,4791104.101998757,4791104.101998757,5329958.750651967
2026-09-02,2083727.7834072413,1610325.6798913851,2848770.520542872,4196279.786917966,4836090.994975272,4836090.994975272,5380005.311690952
2026-09-03,2072097.704425585,1601337.838488847,2832870.446445692,4172858.7499957704,4809098.927833914,4809098.927833914,5349977.451432552
2026-09-04,2068989.5578689466,1613321.5889300301,2854070.4778484623,4204086.699953817,4845088.236281472,4845088.236281472,5390014.471168767
2026-09-07,2068989.5578689466,1610901.606546635,2889845.897292631,4256784.405297058,4905820.816377969,4905820.816377969,5457577.634031363
2026-09-08,2083887.8774595903,1622501.3397942656,2915020.9977647993,4293867.688939313,4948558.227416556,4948558.227416556,5505121.714288416
2026-09-09,2082940.5978832806,1621763.7941718036,2913695.9073481965,4291915.81177303,4946308.745478629,4946308.745478629,5502619.233506484
2026-09-10,2057365.6392031906,1601851.3002356063,2877920.690084438,4285477.938055371,4885576.508604886,4885576.508604886,5435056.452468844
2026-09-11,2034632.3747174595,1584151.3306331336,2873603.809049311,4231777.044866699,4831592.374322171,4831592.374322171,5375000.731952045
2026-09-14,2013793.5248497776,1567926.3397419231,2839912.2854974736,4188434.882613075,4782106.860692556,4782106.860692556,5319949.591174153
2026-09-15,2010772.8345625028,1565574.4502323102,2851934.409910087,4206165.671521608,4802350.825242885,4802350.825242885,5342470.390911713
2026-09-16,1996476.38104441,1554443.3259341596,2835904.842750935,4182524.5194390453,4775358.7581015285,4775358.7581015285,5312442.530653314
2026-09-17,2029390.4989587269,1580070.0407837264,2882657.865864215,4251478.05503776,4854085.820810428,4854085.820810428,5400024.012471538
2026-09-18,2061364.156106397,1604964.5190910043,2928075.0067863134,4318461.3693739455,4930563.4015814,4930563.4015814,5485103.01350783
2026-09-21,2067006.6337179465,1609357.714897517,2936089.892279392,4330282.095722006,4944059.606763456,4944059.606763456,5500117.13454951
2026-09-22,2131894.4087799336,1659878.9080543618,3028260.056314771,4466218.945656906,5099264.250243328,5099264.250243328,5672777.617404026
2026-09-23,2128696.567166764,1657389.0896922802,3013566.3713467997,4444548.014836873,5074521.665039898,5074521.665039898,5645252.237927559
2026-09-24,2110433.7206290225,1643169.75798233,2992193.479249927,4413026.278317752,5038532.013369584,5038532.013369584,5605214.836366387
2026-09-29,2106665.146489797,1640235.5710444697,2986850.3581392113,4405145.99449475,5029534.772063384,5029534.772063384,5595205.676888573
2026-09-30,2119855.2997389734,1650505.3372590367,3005551.4858537214,4432727.288488814,5061025.459857842,5061025.459857842,5630238.11688588
2026-10-01,2114202.2947682478,1646103.9449201901,2997536.600360643,4420906.5621407535,5047529.254675786,5047529.254675786,5615223.995844201
2026-10-02,2126450.3763635615,1655640.22036632,3014902.0497109764,4446517.9354858445,5076770.803755071,5076770.803755071,5647754.336884533
2026-10-05,2123260.7007990163,1653156.7600357707,3092378.5287783844,4560783.854600713,5207232.862031513,5207232.862031513,5792889.440262583
2026-10-07,2124215.9097180404,1653900.4793921064,3098410.377364581,4569679.905775983,5217389.84633487,5217389.84633487,5804188.778831605
