Date,AI 5 日,固定 5 日基準,AI 20 日,固定 20 日基準,AI 60 日,固定 60 日基準,Buy & Hold
2020-01-03,1000000.0,1000000.0,1000000.0,1000000.0,1000000.0,1000000.0,1000000.0
2020-01-06,985804.9428123278,985804.9428123278,985804.9428123278,985804.9428123278,985804.9428123278,985804.9428123278,985804.9428123278
2020-01-07,979710.1606058793,979710.1606058793,979710.1606058793,979710.1606058793,979710.1606058793,979710.1606058793,979710.1606058793
2020-01-08,967013.2373021997,967013.2373021997,967013.2373021997,967013.2373021997,967013.2373021997,967013.2373021997,967013.2373021997
2020-01-09,978186.9340659394,978186.9340659394,978186.9340659394,978186.9340659394,978186.9340659394,978186.9340659394,978186.9340659394
2020-01-10,990376.0615557415,990376.0615557415,990376.0615557415,990376.0615557415,990376.0615557415,990376.0615557415,990376.0615557415
2020-01-13,988890.4974634078,988890.4974634078,993931.1300407563,993931.1300407563,993931.1300407563,993931.1300407563,993931.1300407563
2020-01-14,993968.4764858367,993968.4764858367,1000533.5453348879,1000533.5453348879,1000533.5453348879,1000533.5453348879,1000533.5453348879
2020-01-15,995986.859226926,995986.859226926,1002565.2593052591,1002565.2593052591,1002565.2593052591,1002565.2593052591,1002565.2593052591
2020-01-16,980345.7886670035,980345.7886670035,986820.8809367612,986820.8809367612,986820.8809367612,986820.8809367612,986820.8809367612
2020-01-17,985895.8214784424,985895.8214784424,992407.5711959801,992407.5711959801,992407.5711959801,992407.5711959801,992407.5711959801
2020-01-20,984382.2054291348,984382.2054291348,990883.9578541929,990883.9578541929,990883.9578541929,990883.9578541929,990883.9578541929
2020-01-30,982905.6321209911,982905.6321209911,964981.6763606208,964981.6763606208,964981.6763606208,964981.6763606208,964981.6763606208
2020-01-31,982905.6321209911,966923.6436174277,950715.0670324296,950715.0670324296,950715.0670324296,950715.0670324296,950715.0670324296
2020-02-03,958156.1383523047,943990.440043053,928166.2935926663,928166.2935926663,928166.2935926663,928166.2935926663,928166.2935926663
2020-02-04,1049641.1084860663,1034122.8660194768,1016787.8263989065,1016787.8263989065,1016787.8263989065,1016787.8263989065,1016787.8263989065
2020-02-05,985222.7871440501,970656.9265171143,954385.7687736221,954385.7687736221,954385.7687736221,954385.7687736221,954385.7687736221
2020-02-06,992260.1407509511,977590.2375529765,961202.8564617006,961202.8564617006,961202.8564617006,961202.8564617006,961202.8564617006
2020-02-07,992260.0841316992,976123.852196647,961202.8016146051,961202.8016146051,961202.8016146051,961202.8016146051,961202.8016146051
2020-02-10,990771.6940055016,957114.8946432779,943898.1420258018,943898.1420258018,943898.1420258018,943898.1420258018,943898.1420258018
2020-02-11,1004127.0278179577,971471.5687414112,958056.5655157514,958056.5655157514,958056.5655157514,958056.5655157514,958056.5655157514
2020-02-12,1011271.8034118408,978383.9873520108,956619.4806674777,956619.4806674777,964873.5308769281,964873.5308769281,964873.5308769281
2020-02-13,1022264.0251707977,989018.7283960128,965569.2940983049,965569.2940983049,975361.4173036672,975361.4173036672,975361.4173036672
2020-02-14,1020065.4618487869,986891.6650860524,963492.6630298197,963492.6630298197,973263.7265065856,973263.7265065856,973263.7265065856
2020-02-17,1014569.4878424215,985411.3275884233,958301.4955710782,958301.4955710782,968019.9138864388,968019.9138864388,968019.9138864388
2020-02-18,1013047.6336106579,974341.2604762921,948957.2830770984,948957.2830770984,958580.938975554,958580.938975554,958580.938975554
2020-02-19,1008763.5933633558,971676.2355571336,946361.6885875649,946361.6885875649,955959.0217961959,955959.0217961959,955959.0217961959
2020-02-20,1022044.1552231357,984468.5353971482,958820.7176699971,958820.7176699971,968544.4015699147,968544.4015699147,968544.4015699147
2020-02-21,1014296.9419295412,977006.1496620727,951552.7453694411,951552.7453694411,961202.7226170705,961202.7226170705,961202.7226170705
2020-02-24,998803.269478508,962082.1046021392,937017.5082537804,937017.5082537804,946520.0793716523,946520.0793716523,946520.0793716523
2020-02-25,990502.7210606431,960638.981445236,929230.4300239419,929230.4300239419,938654.0300830794,938654.0300830794,938654.0300830794
2020-02-26,989016.9669790522,955449.1310056236,925596.5796255292,925596.5796255292,934983.3277352224,934983.3277352224,934983.3277352224
2020-02-27,989016.9669790522,957592.5926397429,927673.0698254955,927673.0698254955,937080.8762351958,937080.8762351958,937080.8762351958
2020-03-02,989016.9669790522,937765.5687540082,908465.5318234732,908465.5318234732,917678.5489210681,917678.5489210681,917678.5489210681
2020-03-03,1002772.0952763925,952234.1106548968,922482.0110488358,922482.0110488358,931837.1733993081,931837.1733993081,931837.1733993081
2020-03-04,1002207.5641424624,951698.0309167517,921962.6808658554,921962.6808658554,931312.5765356584,931312.5765356584,931312.5765356584
2020-03-05,1013493.9143452512,950270.4838703766,932345.3541387892,932345.3541387892,941800.5435627651,941800.5435627651,941800.5435627651
2020-03-06,1011800.9712187937,947262.2559586499,930787.9617988523,930787.9617988523,940227.3572474347,940227.3572474347,940227.3572474347
2020-03-09,979635.3763556149,917148.3750462369,901197.8058942959,901197.8058942959,910337.1188381276,910337.1188381276,910337.1188381276
2020-03-10,978165.9232910814,898129.2420732202,882509.4438237308,882509.4438237308,891459.2325718161,891459.2325718161,891459.2325718161
2020-03-11,978165.9232910814,913450.0213035491,897563.7720029278,897563.7720029278,906666.2311364589,906666.2311364589,906666.2311364589
2020-03-12,978165.9232910814,892846.1029523758,877318.1863200589,877318.1863200589,886215.3289935668,886215.3289935668,886215.3289935668
2020-03-13,978165.9232910814,891506.8337979472,876002.2090405788,876002.2090405788,818045.1402622336,818045.1402622336,818045.1402622336
2020-03-16,978165.9232910814,912996.3740365754,876002.2090405788,897118.0143340818,839020.5513528055,839020.5513528055,839020.5513528055
2020-03-17,978165.9232910814,847945.4672433255,876002.2090405788,833198.4391938482,779240.4150502203,779240.4150502203,779240.4150502203
2020-03-18,978165.9232910814,855363.3414021351,876002.2090405788,840487.3055302053,786057.2535871286,786057.2535871286,786057.2535871286
2020-03-19,978165.9232910814,810284.244401757,876002.2090405788,796192.2008189432,744630.7048128741,744630.7048128741,744630.7048128741
2020-03-20,978165.9232910814,810284.2458729115,876002.2090405788,796192.2022645123,744630.7061648278,744630.7061648278,744630.7061648278
2020-03-23,978165.9232910814,809068.8195041021,876002.2090405788,796192.250658899,744630.7514251886,744630.7514251886,744630.7514251886
2020-03-24,978165.9232910814,840284.8806183642,876002.2090405788,828151.8662037919,774520.65869163,774520.65869163,774520.65869163
2020-03-25,978165.9232910814,873850.9998267876,876002.2090405788,861233.3185836305,805459.7525140706,805459.7525140706,805459.7525140706
2020-03-26,978165.9232910814,880677.8125152523,876002.2090405788,867961.5577779561,811752.2701853905,811752.2701853905,811752.2701853905
2020-03-27,988057.7246952635,890918.1312151757,876002.2090405788,878054.0147975592,821191.1385592214,821191.1385592214,821191.1385592214
2020-03-30,942629.913447728,849956.4953812647,876002.2090405788,837683.8308979631,783435.332285734,783435.332285734,783435.332285734
2020-03-31,969129.5965439848,848681.5606381928,876002.2090405788,861233.21728701,805459.6577774307,805459.6577774307,805459.6577774307
2020-04-01,965344.0049346674,844100.3098953359,876002.2090405788,857869.0880181758,802313.3898964379,802313.3898964379,802313.3898964379
2020-04-06,971022.526792051,849065.6300662416,876002.2090405788,862915.4013968088,807032.9034560696,807032.9034560696,807032.9034560696
2020-04-07,969565.993001863,866168.2638822544,876002.2090405788,880297.0096043344,823288.8767713549,823288.8767713549,823288.8767713549
2020-04-08,968113.8671963693,866168.3040791074,876002.2090405788,880297.0504568696,823288.9149782754,823288.9149782754,823288.9149782754
2020-04-09,984762.969579585,881064.2014155147,876002.2090405788,895435.9263859409,837447.3956083846,837447.3956083846,837447.3956083846
2020-04-10,974280.1342259068,879742.6051133914,876002.2090405788,885903.9804496721,828532.7395574192,828532.7395574192,828532.7395574192
2020-04-13,974280.1219258413,878424.9565719827,876002.2090405788,885903.9692653354,827289.9404480831,827289.9404480831,828532.7290973814
2020-04-14,974896.8630948695,878981.0192714339,876002.2090405788,886464.7663475662,827289.9404480831,826573.7728761211,829057.2088978228
2020-04-15,973434.5178002273,903443.6115213988,876002.2090405788,885135.0691980448,827289.9404480831,849577.8386375679,852130.3902390669
2020-04-16,959415.5078893399,891768.2311861773,863386.3798030344,872387.7122051958,827289.9404480831,838598.5763305767,841118.14080328
2020-04-17,992911.0591651978,922902.0499208678,893529.3184128046,902844.9094323725,827289.9404480831,867876.111853363,870483.6405087321
2020-04-20,995902.0217550077,921517.6968459865,896220.9117228015,905564.5642529995,827289.9404480831,870490.4295801949,873105.812937743
2020-04-21,988724.3316141698,913505.8525068284,889761.6457894425,899037.9565117313,827289.9404480831,864216.6090259592,866813.1427266838
2020-04-22,957022.9288424981,884216.1748498421,861233.2770601052,870212.1620459784,827289.9404480831,836507.2891187888,839020.5703314084
2020-04-23,955587.3944492344,896926.7717160871,873613.4950473695,882721.451396796,827289.9404480831,848532.0713271328,851081.4809269203
2020-04-24,950040.9021206032,893058.3429348642,869845.6160025285,878914.2899026053,827289.9404480831,844872.368004606,847410.7820473625
2020-04-27,965913.9514096506,907979.3416663489,884378.7822123737,893598.9732813227,839852.3184394287,858988.2873406652,861569.1125797469
2020-04-28,974732.3987632886,906617.3726538493,892452.8427642817,901757.2108651635,847519.8683740583,866830.5417964067,869434.9290427113
2020-04-29,976496.0459662434,906897.4287334103,894067.616174817,903388.8192786156,849053.3416095873,868398.9550987805,871008.0546335944
2020-04-30,992957.0841730275,922185.2256330313,909139.1377135849,918617.4706706572,863366.0462575653,883037.773594423,885690.8553730005
2020-05-04,991467.648546768,899799.7261173058,887070.3242460473,896318.5762910395,842408.3474426382,861602.5552633159,864191.2350549403
2020-05-05,1003198.4347038933,911811.5902501999,898912.2574028226,908283.9688619563,853654.0661511341,873104.506786502,875727.7441235868
2020-05-06,1000795.512311694,909627.5632303355,896759.1276557918,906108.3914171029,851609.3415983572,871013.1933458998,873630.1473440963
2020-05-07,1003198.2090668048,908263.12188549,898912.0552215417,908283.7645728115,853653.8741492217,873104.3104098411,875727.5471569133
2020-05-08,1016414.0978426433,918850.0838281037,910754.103616065,920249.2735829006,864899.7022935066,884606.373862302,887264.1684911256
2020-05-11,1021220.036911548,923194.7082540231,915060.4475934106,924600.5138366816,868989.2316288032,888789.0828012774,891459.4443544194
2020-05-12,1019688.2068561807,918850.1267982317,910754.1462075836,920249.316618462,864899.742740639,884606.4152310191,887264.2099841348
2020-05-13,1007329.2898477196,909074.9666809168,901065.1149422677,910459.2712612931,855698.5322013594,875195.5558345922,877825.0757161995
2020-05-14,1008532.9480176347,910161.2207209201,902141.798007236,911547.1794073911,856721.0067185296,876241.3273530724,878873.9892490342
2020-05-15,1011541.6015687393,908795.9788898388,900788.5853102251,910179.8586382801,859276.7751782871,878855.328795809,881495.8444436761
2020-05-18,999506.5494306523,896638.4091483888,900788.5853102251,898003.7758147452,849053.3293266483,868398.9425359757,871008.0420330446
2020-05-19,1015753.9620445798,911213.6555109342,900788.5853102251,912601.2168048398,862855.0595710943,882515.1441165629,885166.655657959
2020-05-20,1014230.3311015129,906895.0723384977,900788.5853102251,908276.0574591664,858765.665916841,878332.5739501127,880971.5189841315
2020-05-21,1014230.3311015129,908514.5920980393,900788.5853102251,909898.0433614391,860299.2368967582,879901.0872239729,882544.7448468647
2020-05-22,1008499.1192376192,904735.8297771844,895698.4099637798,906113.5268858878,856721.0155128414,876241.3363477619,878873.9982707481
2020-05-25,1000676.6450599082,903378.7260325187,888750.8801649882,899085.2117084806,850075.8158359019,869444.7263197779,872056.9678680524
2020-05-26,1013914.9048222129,913958.8633401996,900508.439486158,910979.4870868482,861321.7308107787,880946.8785812589,883593.678278111
2020-05-27,1019330.196796079,918840.2928108097,905318.0306082091,915845.0037897939,865922.026785907,885651.9919377099,888312.9281198691
2020-05-28,1021737.0480147325,921009.8664047745,907455.6753204792,918007.5048815871,867966.6493154655,887743.2010305026,890410.4202380376
2020-05-29,1020204.4424427104,904737.9299366552,891423.2074446577,901788.6126182496,852631.8535773485,872059.0031797658,874679.0993074352
2020-06-01,1031501.2226292347,916128.2772619572,902645.9268760629,913141.829026943,863366.2028640441,883037.9337691681,885691.0160289897
2020-06-02,1038218.8070824258,914754.0848460642,908524.3496176891,919088.60564694,868988.8189642819,888788.6607342276,891459.0210192717
2020-06-03,1052265.467198429,925741.7070751742,920816.2987320141,931523.4846646814,880745.8691172263,900813.5943485347,903520.0834756449
2020-06-04,1068754.88512394,940248.4474129335,935245.8559642207,946120.8277543103,894547.5067977896,914929.7012561784,917678.6021431715
2020-06-05,1071197.790071872,942397.618954923,937383.5928399713,948283.4220812543,896592.2174802239,917021.0005104033,919776.1846936616
2020-06-08,1069590.9933867643,955292.4644701555,950209.8313353419,961258.803158675,908860.3067686799,929568.6172466583,932361.5006703376
2020-06-09,1076398.2467805753,962814.3402352545,957691.6869637584,968827.6572681622,916016.5804436067,936887.9460534047,939702.820357281
2020-06-10,1076999.0458914002,961370.1187249016,958226.2291888999,969368.4151119903,916527.8614203989,937410.8765269679,940227.3219723655
2020-06-11,1086609.5813908787,968496.1023700293,966776.9026804712,978018.5152221498,924706.4420626421,945775.8054847304,948617.383309807
2020-06-12,1048166.9474991263,934232.1480237561,932573.7710670215,943417.6720454177,891991.7008912484,912315.6615134361,915056.7085334515
2020-06-15,1058378.4332152514,943333.654475425,941659.1212254149,942002.5455373495,900681.691101573,921203.6524659933,923971.4034023638
2020-06-16,1056790.8655654285,943869.1822310232,942193.6983533865,941125.6291825245,901193.0054623568,921726.6170841997,924495.9392646787
2020-06-17,1067777.0356802586,955111.965023234,953416.5238234781,952335.732476788,911927.4561733379,932705.6514088318,935507.9600331348
2020-06-18,1065981.6081286182,953679.2970756992,951813.38923839,950734.4152023337,910394.0839193936,931137.3413889003,933934.9380350055
2020-06-19,1065382.5862235331,951715.8090601938,950385.6691545325,950200.155758942,909882.4934807133,930614.0944023844,933410.1189560071
2020-06-22,1063587.03858332,950111.8302668395,947362.8877871529,948598.7313791323,908349.0186659694,929045.6794848135,931836.9917450739
2020-06-23,1072564.9564896629,958131.8847659453,955359.7379983006,956606.0135548596,916016.5462157151,936887.9110456334,939702.7852443291
2020-06-24,1070956.1090549284,960270.7467402542,957492.4116394555,958741.4692883755,918061.39305746,938979.349561548,941800.5074749199
2020-06-29,1062802.6660777512,954389.4176565926,951628.0989057012,952869.5065047757,912438.5817931319,933228.4229855998,936032.3022740195
2020-06-30,1066375.1304109246,952957.8335301076,954826.8652903703,956072.4457095854,915505.6180301569,936365.3414016247,939178.6455429095
2020-07-01,1071138.2430130776,955780.6810045439,959091.7320762137,960342.8760533389,919594.8510047679,940547.7472273597,943373.617382261
2020-07-02,1079474.0277081972,963218.733024979,966555.5512737877,967816.4318716375,926751.2985825833,947867.2538993583,950715.1154688518
2020-07-03,1096740.7469204727,978625.8914894175,982016.0837910387,983297.1327956166,941575.1424560763,963028.8578874951,965922.2724066785
2020-07-06,1095095.635800092,990314.2788580399,993744.9625069881,995041.3119416219,952821.0078040109,974530.959391288,977458.9319065476
2020-07-07,1114573.5922941475,1009440.4309211577,1012937.3720992066,1014258.7582085032,971223.0442819733,993352.2848204507,996336.8058968683
2020-07-08,1108707.466059104,1007926.2702747759,1007606.1687277929,1008920.6002333058,966111.3881118192,988124.1599672219,991092.9731733772
2020-07-09,1122786.2089805324,1019196.4647405973,1020401.0931328639,1021732.2157348297,978379.397738414,1000671.6952265266,1003678.2074283059
2020-07-10,1121026.4620008718,1017599.0743503675,1018801.8147240977,1020130.8510526842,976845.9800883204,999170.6876836868,1002105.1388601795
2020-07-13,1119266.6056386058,1016001.5846693167,1017202.4369071547,1018529.3868326831,975312.4671238326,996107.9660695668,1000531.9725130311
2020-07-14,1117587.705730148,1020261.5941798456,1021467.4814904939,1022799.9952058706,979401.8705739634,1000284.5633042563,1004727.1192360367
2020-07-15,1133386.3805205866,1036236.4540760319,1037461.2227019704,1038814.6003997163,994736.9647828746,1015946.6306076411,1020458.7463552529
2020-07-16,1129891.5986095879,1034682.0993949178,1034262.2247461312,1037256.3784991167,991669.7065111385,1012813.9726119126,1017312.1753103066
2020-07-17,1130474.3096316308,1033665.2108773785,1034795.6175059179,1036236.9599727336,992181.1333320133,1013336.3040159573,1017836.8265406912
2020-07-20,1132221.472482164,1035262.7539979488,1036394.9076847367,1037838.4777652111,993714.5622674505,1014902.4285447404,1019409.9066859764
2020-07-21,1139860.4438898035,1042247.5557963523,1043387.3479972053,1044840.6576832584,1000419.0430717886,1021749.8615087176,1026287.7510999024
2020-07-22,1138150.6532239688,1057266.997853098,1041822.2669752095,1059897.467967275,1014835.7099819843,1036473.9189133834,1041077.202344444
2020-07-23,1139905.6017926647,1060485.5753361403,1043428.6839210545,1063124.0532401155,1013313.4564170113,1039629.197214843,1044246.4941585067
2020-07-24,1141635.4358134614,1058894.846973136,1045012.111910954,1064737.369424131,1013313.4564170113,1041206.8593927703,1045831.1631950062
2020-07-27,1173924.0742421742,1087212.5316780359,1074567.9728947852,1094851.1157781745,1013313.4564170113,1070655.0972082634,1075410.189236557
2020-07-28,1236771.8697932211,1145418.094039935,1132096.5897346702,1153465.6212585925,1013313.4564170113,1127974.2323477904,1132983.8953983313
2020-07-29,1185455.8484619656,1097892.5149234026,1085123.745213571,1105606.1349045956,1013313.4564170113,1081172.4322891072,1085974.2348746406
2020-07-30,1183677.6646892726,1112844.2925123828,1099901.62981923,1120662.9613292287,1013313.4564170113,1095896.5054776848,1100763.7019731947
2020-07-31,1178502.0624150939,1109640.3750748427,1096734.9747578998,1117436.5336721286,1013313.4564170113,1092741.381308685,1097594.5649761392
2020-08-03,1173397.6841774336,1107975.9145122305,1091984.7496066913,1112596.6450488078,1013313.4564170113,1088008.4533792145,1092840.6167312313
2020-08-04,1163189.3913760313,1096691.7386098073,1082484.7308074676,1102917.3074502528,1013313.4564170113,1078543.0274522137,1083333.152082809
2020-08-05,1180770.6613338352,1113267.9158514026,1098846.1732506566,1119587.5823574872,1013313.4564170113,1094844.8921935286,1099707.4181672642
2020-08-06,1196082.9609129627,1127704.8360744128,1113096.0715138677,1134106.4563670794,1013313.4564170113,1109042.9016215464,1113968.4851024335
2020-08-07,1194288.8364715932,1128774.5167283856,1114151.8950730325,1135182.2092565894,1013313.4564170113,1110094.8805599539,1115025.1361865925
2020-08-10,1176117.960517231,1113267.829246584,1098846.0877677535,1119587.495261041,1013313.4564170113,1094844.8070218985,1099707.332617362
2020-08-11,1190805.233932616,1111597.9275027143,1112568.3957965958,1133568.8204404588,1013313.4564170113,1108517.1473550682,1113440.3958076835
2020-08-12,1174988.0415113757,1095190.0424769362,1097790.4053270803,1118511.8861537224,1013313.4564170113,1093792.9686881213,1098650.8227622993
2020-08-13,1182896.6839115445,1102561.578271492,1105179.4437166972,1126040.3972665246,1013313.4564170113,1101155.101019312,1106045.652473674
2020-08-14,1172728.7890450133,1093084.224615659,1095679.587520293,1124351.3366706248,1013313.4564170113,1091689.8371030372,1096538.3505555147
2020-08-17,1170969.6958614457,1100455.510261191,1103068.3751669452,1130238.1169754174,1013313.4564170113,1099051.7196043057,1103932.9293273995
2020-08-18,1182642.2029386577,1113092.2526784504,1115735.1216147875,1143216.8587975167,1013313.4564170113,1111672.3420232793,1116609.603617058
2020-08-19,1174810.1692885067,1111422.6142994328,1108346.1792994966,1135645.9190109323,1013313.4564170113,1104310.3054165747,1109214.8700553095
2020-08-20,1161383.944295088,1097075.1961646725,1106683.6600305473,1122667.2795506248,1013313.4564170113,1091689.7825349474,1096538.2957450722
2020-08-21,1142922.3071901542,1079635.8263095042,1087460.3611926127,1104821.091813608,1013313.4564170113,1074336.0205036001,1079107.4605874573
2020-08-24,1150754.5526186023,1087034.3806222556,1094912.5356658793,1112392.236318508,1013313.4564170113,1081698.2561798757,1086502.3941029026
2020-08-25,1149028.4207896744,1093375.8635229869,1101299.9777252069,1118881.6505185282,1013313.4564170113,1088008.6094838704,1092840.7735291936
2020-08-26,1149028.4207896744,1099188.9739433955,1107155.2179862114,1124830.3665994522,1013313.4564170113,1093793.1840261566,1098651.0390567137
2020-08-27,1149028.4207896744,1097540.1904824805,1118865.4003232364,1136727.4958159504,1013313.4564170113,1105362.0385244796,1110271.2742171611
2020-08-28,1133662.0072113182,1082862.349464213,1105558.2223544992,1123207.8757754972,1013313.4564170113,1092215.462213976,1097066.310121108
2020-08-31,1136391.0180735171,1085469.0727160783,1108219.580306346,1125911.7209021752,1013313.4564170113,1094844.7007712207,1099707.2258947939
2020-09-01,1118378.9535111003,1068264.132948591,1090654.0396497047,1108065.755661398,1013313.4564170113,1077491.1550968257,1082276.6080550358
2020-09-02,1131478.67304119,1080776.851005156,1103429.0136233442,1121044.6753509098,1013313.4564170113,1090111.950475358,1094953.4560724166
2020-09-03,1132024.4663364026,1081298.1871760925,1103961.2765565552,1121585.4355808801,1013313.4564170113,1090637.7896341302,1095481.630636492
2020-09-04,1130326.429636898,1079676.2398953284,1085863.6778336612,1103198.9182476834,1013313.4564170113,1072758.607195423,1077523.0415260114
2020-09-07,1134719.2187897859,1083872.187146395,1091718.796840269,1109147.5111384485,1013313.4564170113,1078543.0619467073,1083333.1867305029
2020-09-08,1136932.1289866026,1085985.9363235177,1093847.8483426846,1111310.5518242226,1013313.4564170113,1080646.4183541483,1085445.884758146
2020-09-09,1125867.2209533693,1075416.8493882094,1083202.2473119088,1100494.9993925595,1013313.4564170113,1070129.2969441044,1074882.0537398371
2020-09-10,1137485.2888745705,1086514.308988478,1094380.046121089,1111851.2458592241,1013313.4564170113,1081172.193144454,1085973.9946678758
2020-09-11,1141911.3602598456,1090742.0470873713,1098638.3906061812,1116177.572566138,1013313.4564170113,1085379.14452522,1090199.630348587
2020-09-14,1140198.493219456,1089105.9340167402,1101832.2608441252,1114503.306207289,1013313.4564170113,1088534.4685847326,1093368.9681239277
2020-09-15,1140198.493219456,1097456.2922482109,1111945.6142531137,1123048.3903596322,1013313.4564170113,1098525.7659626377,1103404.6397719763
2020-09-16,1140198.493219456,1119521.1100624143,1134301.7459470113,1145627.7480113674,1013313.4564170113,1120612.0859932231,1125589.0516012984
2020-09-17,1133148.08025024,1114267.4534453275,1128978.7271849662,1140251.5789110612,1013313.4564170113,1115353.3096755194,1120306.919521863
2020-09-18,1126202.8515383073,1107437.9468298005,1127285.2590941887,1133262.8118269471,1013313.4564170113,1108517.1476898794,1113440.3961439815
2020-09-21,1124066.0354926588,1105336.73462712,1123461.197531787,1131112.6004712037,1013313.4564170113,1106413.8878510105,1111327.7951137996
2020-09-22,1114449.4343967482,1103678.7295251794,1113849.7709409443,1121435.7146568196,1003139.6554500693,1096948.3042727506,1101820.1721139431
2020-09-23,1105901.3106514886,1093572.8606616517,1105306.2467739768,1112834.004282738,995445.307331704,1088534.4188530399,1093368.9181713618
2020-09-24,1104242.4586855113,1072969.4421609824,1084481.7658519559,1091867.696927469,976690.6573223086,1068025.9269264545,1072769.3420415383
2020-09-25,1093902.4578825855,1064516.6617457545,1075938.292132329,1083266.037344303,968996.3546371149,1059612.0911886005,1064318.1380014655
2020-09-28,1100416.9600367767,1070856.1630752776,1082345.8125390755,1089717.196570603,974767.0052049048,1065922.3843970248,1070656.4570652843
2020-09-29,1115617.6057196914,1085648.4697221406,1097296.8318347458,1104770.0407207834,988231.9811255053,1080646.5381306834,1085446.0050666437
2020-09-30,1115617.4820670383,1084019.9970175573,1097296.710212728,1104769.918270451,988231.8715920006,1080646.4183541483,1085445.884758146
2020-10-05,1123217.8870478512,1089770.4810209498,1104772.3006510187,1112296.421686225,994964.4323126603,1088008.5747855252,1092840.7386767427
2020-10-06,1121533.0602172795,1095564.3379715795,1110645.916044779,1118210.0397059664,1000254.2448852889,1093793.064412607,1098650.9189119257
2020-10-07,1121533.0602172795,1095564.2682843637,1110645.8453982463,1118209.968578291,1000254.181260606,1092152.3748159881,1098650.8490283769
2020-10-08,1121533.0602172795,1110838.9761317663,1126130.8254231575,1133800.4100307438,1014200.0453547542,1105720.9315547738,1113968.5909728901
2020-10-12,1133128.0261716498,1124006.8664040356,1139479.9853464344,1147240.4852448204,1026222.3773023306,1118828.152503364,1127173.5797137115
2020-10-13,1140030.8945862572,1122320.8561044296,1146421.5490693792,1154229.3249228143,1032473.9904219679,1125643.9079492707,1134040.1744157006
2020-10-14,1136845.0517537831,1117508.2420230897,1143217.847404415,1151003.8042467528,1029588.7178581087,1122498.2698853482,1130871.0727899845
2020-10-15,1131004.0568096153,1111766.597652423,1137344.1096804657,1145090.063063685,1024298.7951141921,1116730.9872560021,1125060.7715457808
2020-10-16,1122508.244446491,1103415.2921479244,1128800.67246645,1143372.4279690895,1016604.5253061666,1108342.3905302074,1116609.603617058
2020-10-19,1120824.4820798212,1102893.4182580176,1128266.7922474048,1141119.9758944726,1016123.7096405746,1107818.1863082696,1116081.4893145883
2020-10-20,1120824.4820798212,1110722.726186131,1136276.2227103428,1149220.6495645633,1023337.0498275153,1115682.454573349,1124004.4177753571
2020-10-21,1120824.4820798212,1109056.6420968517,1132004.466032933,1144900.2291549158,1019489.8806370745,1111488.1188300343,1119778.796151755
2020-10-22,1120824.4820798212,1104261.3438910216,1130306.4593338836,1141659.8766969703,1016604.470662957,1108342.3309560232,1116609.543598505
2020-10-23,1120824.4820798212,1112619.077765731,1130306.4593338836,1150300.665834119,1024298.7630228635,1116730.9522687688,1125060.7362975748
2020-10-26,1120824.4820798212,1108440.2108283765,1124374.5987648976,1145980.271265545,1020451.6168429104,1112536.641612396,1120835.13994804
2020-10-27,1120824.4820798212,1104783.7915305698,1120665.6165927195,1142200.01831385,1017085.4461213395,1108866.7093903697,1117137.8334128475
2020-10-28,1120824.4820798212,1102172.009517495,1118016.2888939187,1139499.7818639355,1014680.9888019036,1106245.2750892106,1114496.8456270015
2020-10-29,1103233.773770641,1100518.751503219,1102120.3580738818,1123298.3992169292,1000254.2769886447,1090516.704282601,1098650.954173342
2020-10-30,1098460.066847212,1094115.6190879084,1097351.4689146897,1118437.8723975848,995926.1636904718,1085798.024284656,1093897.0771700628
2020-11-02,1094216.8094463125,1089889.1439175732,1093112.4939329003,1114117.4424404735,992078.9859983793,1081603.6792725048,1089671.446208487
2020-11-03,1105355.249066406,1100983.5306216707,1104239.692314912,1125458.4580008134,1002177.7267493077,1092613.7251523004,1100763.6168866863
2020-11-04,1113841.5304708674,1109436.2484880984,1112717.4091167052,1134099.0802728776,1009871.8705222363,1101002.1844696566,1109214.64638203
2020-11-05,1112170.7681751612,1122115.8346149607,1125434.4951529524,1147060.5343305685,1021413.549800187,1113585.3789009466,1121891.6998505325
2020-11-06,1112170.7681751612,1120432.6608630382,1127024.0573114005,1148680.641077495,1022856.19291614,1115158.2053836298,1123476.258169688
2020-11-09,1112170.7681751612,1133481.8845549547,1141860.273390512,1163801.9457970883,1036321.1366300862,1129838.21863635,1138265.7707961712
2020-11-10,1112170.7681751612,1136111.77324527,1144509.6015004967,1166502.182666088,1038725.5943227013,1132459.6533443641,1140906.758991907
2020-11-11,1112170.7681751612,1126644.217633594,1134972.064300833,1156781.3747793906,1030069.5865591078,1123022.5319285807,1131399.2453450426
2020-11-12,1112170.7681751612,1146631.2207625872,1155106.8059037745,1177303.0200294228,1048343.3270420445,1142945.2852772214,1151470.6040782803
2020-11-13,1112170.7681751612,1142423.264734619,1150867.745812931,1172982.5033278253,1044496.0721073038,1138750.8560520853,1147244.8882755684
2020-11-16,1128911.2321165667,1140709.6298375172,1169942.965099903,1171223.0295728336,1061808.219130552,1157625.24224585,1166260.0600008443
2020-11-17,1175949.3820680082,1186459.6920574594,1218690.7772053997,1218196.8825804729,1106050.3993925857,1205859.8139138476,1214854.41713364
2020-11-18,1161633.460720538,1172015.8189686635,1203854.5252549304,1203366.643266867,1092585.4231227767,1191179.7651674403,1200064.8687487196
2020-11-19,1170325.1766109716,1180785.219009233,1212862.1527559825,1212370.6202776642,1100760.499345118,1200092.5560290662,1209044.1408185724
2020-11-20,1167257.4711217429,1177690.0952177034,1209682.9475589606,1209192.7035062115,1097875.139708623,1196946.8230351186,1205874.9435547409
2020-11-23,1165506.5849150603,1182848.7771130113,1207868.4231376222,1214489.3775063124,1102684.2050387317,1202189.855926973,1211157.0846414173
2020-11-24,1165506.5849150603,1181074.5039473418,1219734.6107080763,1228260.2407305771,1115187.3307542684,1215821.2572238385,1224890.1636329703
2020-11-25,1161251.6746173436,1176762.759908948,1217104.6529657987,1225611.9002626734,1112782.7949406093,1213199.737345178,1222249.0896312937
2020-11-26,1144691.1592506631,1159981.0422207206,1199747.6228328259,1208133.5489702418,1096913.49031165,1195898.3948952064,1204818.6951068507
2020-11-27,1149207.6891095596,1164557.9003283463,1204481.385226179,1212900.3991405799,1101241.5070798255,1200616.969652337,1209572.466084316
2020-11-30,1152218.8029320128,1167609.2342377487,1207637.3252553937,1216078.3983758106,1104126.9415885317,1203762.7842749255,1212741.745585663
2020-12-01,1142182.0530383838,1157438.4213437783,1197117.83558472,1205485.3801882197,1094509.1103785725,1193277.04496371,1202177.7923199877
2020-12-02,1140468.7799588263,1155702.2637117626,1209741.0341503953,1218196.8116528608,1106050.3349945277,1205859.743704542,1214854.3464006376
2020-12-03,1143216.6286727472,1158486.816024655,1214474.7713115346,1222963.6364146187,1110378.3286932216,1210578.293310413,1219608.0920392382
2020-12-04,1147672.6618192086,1163002.3693524068,1219208.554656506,1227730.5076830215,1114706.3646171861,1215296.8889519412,1224361.8840568794
2020-12-07,1173418.6619031897,1189092.2642284895,1246559.3355845974,1255272.4635084819,1139712.8243088862,1242559.9185996295,1251828.2707875562
2020-12-08,1172923.3966980001,1188590.3836607498,1246033.199870923,1254742.6502420045,1139231.7853377888,1242035.4709212133,1251299.911212647
2020-12-09,1188271.9394687898,1204143.9401776753,1262338.4367822874,1271161.8565497566,1154139.449241779,1258288.3946858337,1267674.0668142834
2020-12-10,1186489.5315595868,1202337.7242674087,1253397.0892257744,1262158.011282266,1145964.4926345334,1249375.734233308,1258694.9261262622
2020-12-11,1181232.2931000525,1197010.2637570251,1249715.153911944,1258450.3401911797,1142598.1475471733,1245705.611910814,1254997.4280726279
2020-12-14,1179740.7329014558,1195498.7804720176,1248137.1193508788,1256861.2755759435,1141155.3712788417,1244132.6402601504,1253412.7235026725
2020-12-15,1172780.678519843,1188445.7591655708,1240773.5504038048,1254975.9836625797,1134422.9569267184,1236792.696327848,1246018.0303511284
2020-12-16,1172283.4598364055,1187941.8990265592,1240247.5050805183,1252565.0693918325,1133942.0005983652,1236268.338749814,1245489.7615486677
2020-12-17,1184712.4628652888,1200536.918889075,1253397.0892257744,1265845.2491220124,1145964.4926345334,1249375.734233308,1258694.9261262622
2020-12-18,1182935.394170991,1198736.1135107414,1247085.2570190441,1259470.730718527,1144245.5458955816,1243084.1526863042,1252356.415177526
2020-12-21,1182935.394170991,1193911.6870234017,1243929.3442133064,1256283.4748471621,1144245.5458955816,1239938.3651998497,1249187.1630147237
2020-12-22,1182935.394170991,1201988.9790728912,1242063.4501969866,1264782.7370904079,1144245.5458955816,1248327.0462119733,1257638.4158584739
2020-12-23,1182935.394170991,1189873.0930053438,1227702.0657909792,1252033.8984491355,1144245.5458955816,1235744.0787053925,1244961.5910073302
2020-12-24,1182935.394170991,1195426.1681854865,1233431.6867986568,1257877.0748408416,1144245.5458955816,1241511.2313646185,1250771.7613119567
2020-12-25,1188146.8921929142,1202493.7341590084,1240723.9479623167,1265313.8613606754,1144245.5458955816,1248851.2601912057,1258166.5399910184
2020-12-28,1187648.0698629706,1200689.9935577698,1240203.0520911026,1264782.6418518915,1144245.5458955816,1248326.9522125754,1257638.321157927
2020-12-29,1197624.2610187219,1208962.292855316,1250620.702768575,1275406.7599941003,1144245.5458955816,1258812.8432910542,1268202.42732291
2020-12-30,1197125.404185623,1208458.7132933617,1250099.7708673957,1274875.5037412734,1144245.5458955816,1258288.499046446,1267674.1719533298
2020-12-31,1218573.7927612802,1230110.155965725,1272497.278722593,1297716.9079034638,1144245.5458955816,1280832.7208743908,1290386.5529054955
2021-01-04,1216745.9320721382,1230613.7582250754,1273018.234103275,1298248.1881011338,1144245.5458955816,1278911.4717930793,1290914.8320846625
2021-01-05,1234807.8191654335,1250754.8274056606,1293853.3240328734,1319496.208769965,1144245.5458955816,1297896.1702391286,1312042.83001698
2021-01-06,1253697.6614445064,1248878.6951645522,1313646.4325991555,1339681.5970422432,1144245.5458955816,1317751.1254555609,1332114.1979964606
2021-01-07,1258171.8017196583,1251458.4500527836,1318334.5153739366,1344462.5929502202,1144245.5458955816,1322453.85687506,1336868.1877083746
2021-01-08,1298437.2372545835,1291509.0373226337,1360525.3460456321,1387489.6038811312,1144245.5458955816,1364776.5193676823,1379652.153902252
2021-01-11,1304402.3583443637,1297442.3297260955,1366775.704709126,1393863.8384305513,1144245.5458955816,1371046.4082502057,1385990.3826003168
2021-01-12,1302445.7548068473,1308320.2707126972,1378234.9465706777,1405550.1910571118,1144245.5458955816,1382541.456297533,1397610.7230536041
2021-01-13,1304918.4999071916,1312770.3750685062,1382922.8578385522,1410331.0120590858,1144245.5458955816,1387244.015674225,1402364.5388474986
2021-01-14,1327035.762834229,1310801.2195059035,1406362.2285400946,1408215.515540997,1144245.5458955816,1410756.6263398016,1426133.429569371
2021-01-15,1348169.9522630344,1329682.3363213032,1428759.7603745067,1428499.8128505538,1160727.55208848,1433224.1427504595,1448845.8348378611
2021-01-18,1323103.7060084331,1304959.8265022142,1402195.1244158905,1401940.0100427119,1139146.3837748622,1406576.501449807,1421907.7426336568
2021-01-19,1329001.6654171983,1310776.9064875757,1408445.6472505087,1408189.3956616975,1144224.3221871238,1412846.555016433,1428246.1378108289
2021-01-20,1327008.1629190724,1338892.9478491056,1438656.6739153557,1438394.9257540659,1168767.8262801955,1443151.98073894,1458881.8831358973
2021-01-21,1327898.8415973892,1341801.290917935,1436498.6889044826,1441519.4070049953,1171306.623584411,1446286.7952640238,1462050.8661527063
2021-01-22,1354877.592825118,1339788.588981558,1463488.6164400068,1470806.5727538168,1195103.9107113893,1475670.8194314365,1491755.166935716
2021-01-25,1345073.906422613,1328101.9313988802,1452899.0373332354,1460164.0420378465,1186456.3221609055,1464993.0917727575,1480961.0554060838
2021-01-26,1328897.7484208304,1312129.882144041,1435426.1503221062,1442603.7844640855,1172187.734510928,1447374.758972693,1463150.688323393
2021-01-27,1306839.1797401335,1290349.6457355863,1411599.301070104,1418657.7926099726,1152730.4183411126,1423349.5730127906,1438863.6353978058
2021-01-28,1304878.9209705233,1258405.5797316853,1376653.562608078,1383537.3132004966,1124193.2720801074,1388112.9432689003,1403242.9374794844
2021-01-29,1318960.652751472,1273893.7684731379,1393597.1224211338,1400565.596754564,1138029.6042295247,1405197.5427065366,1420513.7536740745
2021-02-01,1284884.0755300266,1271982.9278204283,1357592.2424736528,1364380.6797807747,1108627.549203911,1368892.9550939086,1383813.4574823573
2021-02-02,1327980.835136084,1312677.9484613372,1403127.7328974097,1410143.863625516,1145812.4251710167,1414807.4867902966,1430228.4431238773
2021-02-03,1357547.2551459433,1341903.6620672955,1434367.2378516174,1441539.5770598936,1171323.0127629305,1446307.0320252615,1462071.3234882725
2021-02-04,1337000.9478011816,1321594.1185406272,1412658.2697089298,1419722.0564633629,1153595.1859569075,1424417.3565961095,1439943.0574861267
2021-02-05,1334995.4463794797,1335463.9431122073,1427483.7914826577,1434621.7110451297,1165701.9005914351,1439366.287266683,1455054.9267962377
2021-02-17,1374528.691572762,1377073.5785008853,1471960.529617886,1479320.8484686054,1202022.1856172236,1484213.253530968,1500390.710878432
2021-02-18,1389856.0796364336,1375007.968133134,1488374.381427735,1495816.7752936862,1215425.9512956373,1500763.735631188,1517121.5880247273
2021-02-19,1379967.3644955778,1363180.1259323247,1477784.716428222,1485174.1582554802,1206778.2926040192,1490085.921364789,1506327.388943378
2021-02-22,1382439.4797793024,1365622.1680490372,1480432.064675383,1487834.744172277,1208940.151745017,1492755.306362611,1509025.8693975597
2021-02-23,1356234.4619050848,1339735.932993839,1452369.535151431,1485602.9920560184,1186023.9237663462,1464459.181970019,1480421.3261545291
2021-02-24,1354200.110212227,1338270.8223939396,1450781.2505137518,1481755.730325015,1184726.9097954205,1462857.6763167148,1478802.3645936346
2021-02-25,1360561.1660951264,1346573.8895469473,1459782.3689314665,1490949.0244829452,1192077.3406091253,1471933.720805246,1487977.3351106509
2021-02-26,1328977.5070799913,1344554.028712627,1425895.4186600854,1456338.580813318,1164404.8146075746,1437764.6926944277,1453435.875347203
2021-03-02,1337366.9242094185,1351015.2526463978,1434896.6480912457,1465531.988354854,1171755.3360763087,1446840.8491204898,1462610.9590218344
2021-03-03,1320094.7134359714,1333566.7725176967,1432744.3031191088,1446604.5145704567,1156622.0134456586,1428154.7730337682,1443721.2105867052
2021-03-04,1326016.6861414262,1339549.1811641154,1432744.3031191088,1453094.0129099933,1161810.6441737716,1434561.5054439432,1450197.774363805
2021-03-05,1324027.661112214,1296675.6219277654,1432744.3031191088,1406586.342184278,1124625.777671805,1388646.9854347648,1403782.8005368812
2021-03-08,1359657.423090671,1333566.6908677947,1471299.6445182771,1446604.4259996258,1156621.9426295015,1428154.6855925543,1443721.1221924096
2021-03-09,1327127.4149294232,1331566.340831493,1436098.579433055,1411994.197728378,1128949.5888481427,1393985.8701329622,1409179.8773980194
2021-03-10,1344917.45814518,1347394.7953222385,1455349.3729158794,1430921.8737867628,1144083.0732054736,1412672.145913904,1428069.827703973
2021-03-11,1342375.869576895,1344848.5251492863,1452599.0931075073,1428217.7564043168,1141921.0160157052,1410002.5163726672,1425371.1000409306
2021-03-12,1374905.757871032,1377438.3334787744,1487800.0284832644,1462827.8571432247,1169593.2678295185,1444171.2059264446,1459912.2175571723
2021-03-15,1372843.3992342255,1377438.6613182744,1487800.3825895828,1462828.205306,1169593.546200508,1444171.5496488127,1459912.565026006
2021-03-16,1372814.2012342303,1379475.4796333958,1490000.3927632503,1464991.289125349,1171323.0239791186,1446307.0458746024,1462071.337488567
2021-03-17,1371800.9418565088,1377406.2664139457,1488900.639519571,1463909.9948317353,1170458.483069416,1445239.5422197164,1460992.1983798104
2021-03-18,1369266.998693937,1372802.7651423796,1486150.3938533494,1461205.9110183762,1168296.4527195648,1442569.9458194324,1458293.5042189467
2021-03-19,1352543.5982129434,1356036.1809445645,1467999.450147628,1443359.6241667515,1154027.5851590454,1424951.267396017,1440482.7877457193
2021-03-22,1341901.6986003378,1345366.8014674522,1456449.1365011975,1432003.178248435,1144947.6222449727,1413739.6596071671,1429148.9769605214
2021-03-23,1339888.8460524373,1360608.8416692289,1472949.6598277583,1448226.7464144751,1157919.0570002764,1429756.3152159385,1445340.209074619
2021-03-24,1339888.8460524373,1339270.0676615788,1449849.0162385625,1425513.838555035,1139759.118361213,1407333.0838197835,1422672.5715133522
2021-03-25,1339888.8460524373,1337261.1625600865,1442148.8296275446,1423375.5677972024,1133705.8274290583,1399858.7004544137,1415116.71972166
2021-03-26,1357781.8667702589,1355119.0929080562,1463599.5523994109,1442383.4792361786,1150568.725979765,1420680.3939484116,1436165.363121677
2021-03-29,1379722.6786028978,1377016.876164682,1487250.3045293652,1465691.3943607977,1169161.1173903896,1443637.6022900483,1459372.7978090765
2021-03-30,1385845.5371356262,1383127.7270339837,1493850.3433332583,1472195.760201472,1174349.557237589,1450044.0990074174,1465849.123324393
2021-03-31,1385845.7300422664,1383127.919562311,1493850.5512739292,1472195.9651278728,1174349.7207044556,1450044.3008503558,1465849.327367356
2021-04-01,1384825.0859992243,1382109.2771252315,1492750.3641222853,1471111.7260892661,1173484.8386898835,1448976.3760115898,1464769.762483948
2021-04-07,1382747.8483702254,1380036.1132095435,1514751.201393922,1492793.6432215502,1190780.1946966657,1470332.0522353372,1486358.208857412
2021-04-08,1382747.8483702254,1374466.8238231058,1512479.0745918313,1488999.4622308621,1187753.630643877,1466594.9610788187,1482580.3845834357
2021-04-09,1395754.9692475835,1389477.141498143,1526706.5406991758,1505260.5713086915,1200724.8853927208,1482611.3944221637,1498771.3920094837
2021-04-12,1387713.4261552384,1381471.767664361,1517910.5294315135,1496588.1194700194,1193806.9942723748,1474069.4342069873,1490136.327116313
2021-04-13,1379168.9505588105,1372965.723416691,1508564.3998691426,1487373.2769645718,1186456.445854272,1464993.2445048254,1480961.2098028832
2021-04-14,1380676.7126656165,1374466.7039099599,1510213.622204722,1488999.332325501,1187753.5270202234,1462795.7546380681,1482580.2552380965
2021-04-15,1387713.181883368,1372405.003854095,1517910.262241734,1496587.8560335112,1193806.78413283,1468048.6616600493,1490136.0648154798
2021-04-16,1385631.6121105428,1378787.1856098368,1527256.5499441526,1505802.8544575798,1201157.4569249926,1477087.9345962252,1499311.3373753654
2021-04-19,1387042.4487023973,1382261.3398532995,1531104.8050477842,1509597.0523085834,1204184.0344270144,1480809.7789602454,1503089.1784369724
2021-04-20,1383058.3588472845,1378290.9830798814,1526706.915764286,1505260.9411051825,1200725.1803741066,1476556.3552649384,1498771.760211782
2021-04-21,1384054.0673247913,1379283.2593692695,1527806.0414873408,1506344.6271769458,1201589.6212949157,1477619.3759762838,1499850.774512187
2021-04-22,1380069.8650928894,1375312.7906064226,1523408.0281552656,1502008.393667505,1198130.6696802243,1473365.8323072526,1495533.2345082175
2021-04-23,1373595.3533898825,1373249.8214205129,1516261.054399642,1494961.8149624765,1192509.7143657235,1466453.6283925315,1488517.033608557
2021-04-26,1371534.9603597976,1392074.2888319404,1539351.4843815975,1517727.8887951623,1190720.9497941749,1488785.564393875,1511184.9628821842
2021-04-27,1371534.9603597976,1404006.0303937674,1552545.5676512967,1530736.631989088,1199128.1601836495,1501546.237252959,1524137.6253757635
2021-04-28,1369965.8463665047,1404503.3673012133,1553095.5212801057,1528440.5270411044,1199552.9238085249,1502078.125539659,1524677.516143123
2021-04-29,1367541.1839623903,1402017.577950932,1550346.7430310468,1523450.2096293808,1197429.8702420306,1499419.6414842368,1521979.0340885553
2021-05-03,1361721.830573844,1396051.515766676,1543749.4897429675,1516967.4102492547,1192334.3984166414,1493039.1003540296,1515502.4950612937
2021-05-04,1340869.1795758763,1393957.438493026,1520109.3683796087,1493737.4147604639,1174075.652375553,1470175.5296988671,1492294.9324692006
2021-05-05,1329230.57403431,1379788.349840157,1506914.976571598,1480771.9287772786,1163884.7973674021,1457414.5584365993,1479341.9670828374
2021-05-06,1327236.7281732585,1372237.5669566114,1498668.5032531552,1472668.5212252857,1157515.5296406534,1449438.9722509729,1471246.384883398
2021-05-07,1343236.5152569502,1390863.0071558799,1519009.9960515022,1492657.1151363677,1173226.53828536,1469112.2704831613,1491215.6760760376
2021-05-10,1356362.6236089685,1404454.5216266206,1516731.481057425,1507243.361715544,1184691.309000033,1483468.436820668,1505787.836911509
2021-05-11,1319901.255462016,1366700.3602634692,1473748.498508298,1466726.0589367817,1152844.7620618606,1443590.245054086,1465309.6611514387
2021-05-12,1292190.397876685,1364650.3097230738,1442807.6727535236,1435932.6668040773,1128641.1961607826,1413282.5811082222,1434546.0057866564
2021-05-13,1227532.235066064,1294424.7864762386,1370612.976397164,1364081.9795463255,1072166.650044319,1342565.2507698562,1362764.7037789228
2021-05-14,1225690.9367134648,1317493.7958253857,1395039.7981769315,1388392.407056619,1091274.6142397886,1366492.2109497231,1387051.655033731
2021-05-17,1225690.9367134648,1283659.2273310225,1359213.7701885342,1352737.0907716707,1063249.5823203598,1331399.3137726043,1351430.7706119886
2021-05-18,1225690.9367134648,1315955.9143929018,1393411.3990072424,1386771.7672398854,1090000.793465605,1364897.1347485962,1385432.580247245
2021-05-19,1260566.197095243,1355429.6332807578,1435208.490579965,1428369.694877831,1122696.7101283232,1405838.905835785,1426990.3373214905
2021-05-20,1252461.1280881285,1353396.4888308367,1425980.523113796,1419185.6988518126,1115478.1012757148,1396799.776140778,1417815.210157897
2021-05-21,1263426.5410175368,1363200.7989735766,1438465.1143833913,1431610.8008070136,1125244.2151453502,1409028.8872737275,1430228.3133579218
2021-05-24,1254368.2372587745,1353427.1504705579,1428151.848412286,1421346.677744037,1117176.6278558131,1398926.668227801,1419974.102221638
2021-05-25,1267240.6604080289,1367316.1237919962,1442807.6523206565,1435932.6464685732,1128641.180177103,1413282.561093486,1434545.9854707902
2021-05-26,1265339.7994174168,1387378.571692006,1463977.7773932267,1457001.8954933009,1145201.5823263233,1434019.4684235158,1455594.8882028507
2021-05-27,1250795.952535667,1373489.1561621693,1449321.506861484,1442415.4623688613,1133736.6649873178,1419663.1184832696,1441022.5410022603
2021-05-28,1263912.8862486938,1371428.922427926,1464520.3521214377,1440251.8391753081,1145626.0132479346,1434550.9400997558,1456134.3560916723
2021-05-31,1272345.2929366308,1378510.8740628485,1474291.145145395,1447689.1869666104,1153269.2492344421,1444121.7871676947,1465849.2005373884
2021-06-01,1285462.2079879707,1392722.2757419455,1489489.9687816908,1462613.764588426,1165158.5805798792,1459009.5876030214,1480960.9941269618
2021-06-02,1291083.8201438545,1398812.9600315567,1496003.8397166256,1469010.0999044545,1170254.07821444,1465390.1610514296,1487437.565958665
2021-06-03,1289147.1944136387,1400335.4590704779,1497632.123463825,1470609.0030667612,1171527.8086989897,1466985.1241920306,1489056.5259835823
2021-06-04,1278352.0734168673,1390692.178486047,1487318.8184016189,1460481.7902230786,1163460.1908303064,1456882.8668549496,1478802.2759800376
2021-06-07,1280218.117332154,1388606.140218318,1489489.8965332883,1462613.6936436663,1165158.5240633213,1459009.516833084,1480960.9222922612
2021-06-08,1281151.295725572,1387537.0194329054,1487255.6616884884,1463679.8240774942,1166007.8330559393,1460073.0201052742,1482040.4264138397
2021-06-09,1271820.2461694952,1377431.1273868866,1474212.1674655117,1453019.3587458318,1157515.411505636,1449438.8243225059,1471246.2347292856
2021-06-10,1269020.878387445,1374399.302463818,1470967.3205164724,1449821.1586921534,1154967.6368810735,1446248.5052824672,1468007.9160113942
2021-06-11,1267117.3470698637,1395621.8030534857,1493680.9560451577,1472208.2701670348,1172801.82910659,1468580.4503737816,1490675.8545117548
2021-06-15,1269800.3363779143,1400674.7525241415,1499088.9357568992,1477538.5064697063,1177048.0427789493,1473897.5518930443,1496072.954036493
2021-06-16,1270716.3342599524,1398573.7403953553,1500170.335919429,1478604.3607648914,1177897.1317918864,1474960.7797070532,1497152.1785555074
2021-06-17,1262470.7926146337,1387417.4196614,1490435.8919318973,1469009.8560710195,1170253.8839699815,1465389.9178188497,1487437.3190665497
2021-06-18,1272090.7048445914,1397989.4137871535,1501792.8774151572,1480203.5771163031,1179171.1117715398,1476556.0552649978,1498771.4556982173
2021-06-21,1254225.505492877,1378356.097173976,1480701.7484273978,1459415.647540531,1162610.8720800194,1455819.3513642228,1477722.7594560897
2021-06-22,1252344.1672346378,1365267.3730611675,1466641.16080548,1445557.1904874241,1151570.8418683736,1441995.0443602768,1463690.4599992263
2021-06-23,1244935.3367048101,1359226.277971103,1460151.5025229692,1439160.8254836367,1146475.3205837228,1435614.4412972664,1457213.8581073568
2021-06-24,1263839.9904511233,1357187.4385541463,1482324.2674518041,1461014.8417436616,1163884.8344157394,1457414.6048284643,1479342.0141726872
2021-06-25,1267528.6347034522,1359109.8619388395,1486650.580063001,1465278.9606505507,1167281.749481948,1461668.2160814535,1483659.6227774436
2021-06-28,1263378.7184162342,1354660.1067240406,1481783.2537662277,1460481.6055000343,1163460.0436748199,1456882.6825871002,1478802.0889398018
2021-06-29,1271678.232869347,1363559.2760474766,1491517.5332437465,1458290.8830917843,1171103.1623274782,1466453.3827297932,1488516.7842497206
2021-06-30,1269770.7155200432,1365537.0251629108,1493680.8770263346,1458218.7058407248,1172801.7670629385,1468580.3726828273,1490675.7756519075
2021-07-01,1269770.7155200432,1374436.0340966375,1503414.981062956,1467721.707994076,1180444.747963686,1478150.9003328125,1500390.2958738941
2021-07-02,1269770.7155200432,1372374.3800454927,1495843.8594896777,1460330.3359331791,1174500.0880993472,1470707.0073883922,1492834.4064617795
2021-07-05,1269770.7155200432,1374777.7737018599,1500711.1763649927,1465082.095578766,1178321.786508976,1475492.5316196096,1497691.9308969176
2021-07-06,1269770.7155200432,1385676.94825586,1512608.745106083,1476697.198616587,1187663.4670900935,1487190.1681124826,1509565.5631996922
2021-07-07,1269770.7155200432,1383200.2123704203,1509905.1334422322,1474057.774652477,1185540.657201057,1484531.9891895575,1506867.390868467
2021-07-08,1269770.7155200432,1378741.1136449862,1507640.275742069,1469305.77339815,1181718.7644727323,1479746.2216328008,1502009.6194468557
2021-07-09,1256479.6260060233,1366355.860789768,1491859.3307140346,1456106.9767966194,1171103.3664426715,1466453.6383224903,1488517.0436879161
2021-07-12,1266958.0616117558,1364306.3269985833,1504300.7198190764,1468250.208469958,1180869.805116996,1464253.9578650065,1500930.5597270885
2021-07-13,1275613.6516087456,1371569.6253545173,1514577.7847492022,1478280.9839175239,1188937.2583205497,1472049.3577355235,1511184.6004349736
2021-07-14,1277436.1998220442,1373529.2718093446,1516741.7558167863,1480393.0954981693,1190635.9666035345,1474152.5658059644,1513343.7234500132
2021-07-15,1284269.5126427168,1380876.6095346506,1524855.1714903957,1488312.0734639666,1197004.9641444522,1482038.1616806958,1521438.9622329567
2021-07-16,1282343.1083737528,1369610.2664734717,1512414.131239585,1476169.1822845803,1187238.7993192475,1469946.4583062138,1509025.79426646
2021-07-19,1282343.1083737528,1361772.5825190218,1503759.2428680037,1467721.707994076,1180444.747963686,1461534.5939589702,1500390.2958738941
2021-07-20,1269368.6182427073,1359729.9236452433,1490777.3255021144,1455050.901799754,1170253.9968539304,1448917.200971262,1487437.4625463542
2021-07-21,1274462.2152453894,1363141.4014661293,1496759.3694944703,1460889.5863281437,1174949.8764944747,1454731.272790856,1493406.104666554
2021-07-22,1272615.3392096814,1361166.0167450025,1494590.3534360316,1458772.5506596635,1173187.4516797329,1452623.1613898482,1491241.9479632045
2021-07-23,1274924.1478291044,1363635.4760820856,1497301.874336497,1461419.0900616106,1173555.5425779452,1455258.5444254428,1493947.3941078666
2021-07-26,1272153.4285035883,1360671.965528949,1494047.8742876155,1458243.0720040603,1171005.1218121888,1452095.9147274108,1490700.6841579394
2021-07-27,1270245.1983608329,1348324.6524593702,1480490.2517951166,1445010.3574352853,1160378.9259241337,1438918.982064419,1477173.4354847602
2021-07-28,1264625.8837132596,1346302.1654806812,1476151.7657098274,1442842.8418991324,1156978.5064903144,1434702.31804115,1472844.6691266983
2021-07-29,1262302.9652691262,1341816.4958353192,1473440.3075568133,1438035.5137191142,1154853.3193129804,1432066.9959910961,1470139.285588911
2021-07-30,1269272.0228405378,1349224.5402327685,1481575.0348084539,1445974.774388367,1161229.1573568305,1439973.3050276532,1478255.788204492
2021-08-02,1272988.581169237,1353175.20771149,1485913.2380746752,1450208.7364501916,1164629.3551226682,1444189.6941732424,1482584.2723770998
2021-08-03,1281815.982906579,1362558.654944386,1496217.142833406,1460265.0522011865,1172705.3515179593,1454204.2715260787,1492865.0927829805
2021-08-04,1279893.2589322191,1369472.7814251957,1503809.5019078332,1467674.9770728885,1178656.0921306256,1461583.4417553965,1500440.4423158844
2021-08-05,1283506.8240577609,1367418.572253058,1510317.3400811302,1474026.4406257325,1183756.8067489504,1467908.5437737356,1506933.700654041
2021-08-06,1280280.4311123763,1361938.3401005985,1508051.8640710085,1470321.1323093267,1180781.1586738813,1464218.6142140874,1503145.67228534
2021-08-09,1273828.3341013324,1355074.7201624617,1498204.58402642,1462911.306811326,1174830.4978659537,1456839.5429460234,1495570.4243446295
2021-08-10,1276132.8008334825,1357526.1687043055,1500914.9669951575,1465557.8411585237,1176955.8688643603,1459475.0929419876,1498276.0418883946
2021-08-11,1265993.6080251574,1346740.2853245742,1488989.823914966,1453913.6192456055,1167604.6614715941,1447879.1999780093,1486371.8657251627
2021-08-12,1264094.6176131195,1345269.6157490034,1487363.8147606929,1452325.9140669361,1166329.6118791576,1446298.0845159465,1484748.715437964
2021-08-13,1256681.4970039185,1343251.7113253798,1480859.3226474973,1445974.648586299,1161229.0563280766,1439973.1797477223,1478255.6595939253
2021-08-16,1246561.94074427,1330439.3804917221,1468934.551523005,1434330.7898669017,1151878.140607692,1428377.6484698425,1466351.8547324156
2021-08-17,1245641.7546500135,1329457.2778162232,1467850.2145931628,1433271.9967141028,1151027.8481251278,1427323.2498021885,1465269.4242956203
2021-08-18,1229082.3267858566,1311783.6153781319,1448336.7712992101,1414218.2325393688,1135726.2073849142,1408348.5676307688,1445790.2897510373
2021-08-19,1237361.934782348,1320620.3335335006,1458093.368112884,1423744.9927341375,1143376.9298658725,1417835.7873297913,1455529.7324095096
2021-08-20,1235505.8918801746,1298037.2784364428,1433159.4775520412,1399398.4710286546,1123824.79701723,1393590.315038616,1430639.6808876912
2021-08-23,1234122.0836543872,1296090.2225187882,1433701.6220868982,1399927.8442387118,1124249.9244935387,1394117.491103082,1431180.872218099
2021-08-24,1261650.8473332897,1323016.744303466,1465682.2775368192,1431155.129854934,1149327.840930916,1425215.1689272712,1463105.2989299146
2021-08-25,1261184.139168098,1322527.3357491447,1465140.0943425156,1430625.718896133,1148902.6831394571,1424687.9552707362,1462564.0690080319
2021-08-26,1282647.1401550241,1345034.2834904508,1490074.0451544889,1428479.7803177887,1168454.8632345616,1448933.4861495239,1487454.1806750468
2021-08-27,1275648.3602344436,1337695.087353743,1481943.4377715848,1418557.426659727,1162079.1748796785,1441027.3627336214,1479337.8686149474
2021-08-30,1273734.887694092,1356776.77799799,1503082.774006847,1438792.586549689,1178655.7740828958,1461583.04736275,1500440.037438092
2021-08-31,1278706.9775087016,1354741.612830993,1511213.5603247494,1446575.6010844326,1185031.6027512553,1469489.3447733016,1508556.5281185843
2021-09-01,1285586.8236625998,1359990.5634181357,1519344.365101443,1454358.6332884433,1191407.4458942402,1477395.6601330019,1516673.0372254127
2021-09-02,1292466.2531213658,1367268.1420098078,1527474.6774155586,1462141.1940935943,1197782.902868299,1485301.4966268886,1524789.0547355167
2021-09-03,1290172.9331729936,1364842.0954517084,1524764.3643687842,1459546.8071533912,1195657.5866998243,1482666.0146223605,1522083.506990777
2021-09-06,1301639.4285971634,1376972.2178870959,1522477.2178222311,1472518.6238418925,1206284.0708666015,1495843.3047631697,1535611.1226455183
2021-09-07,1299686.9694542678,1385705.3953312906,1529838.4746073934,1481857.785710841,1213934.6920644268,1505330.3988668204,1545350.4363695965
2021-09-08,1288198.469482797,1383626.8372382936,1518590.0384507221,1470962.1369397428,1205009.00016381,1494262.1631233734,1533987.9454846366
2021-09-09,1269113.6837831603,1361086.6410212365,1496091.9792339066,1449169.6897192101,1187156.6745485708,1472124.523747249,1511261.7647765083
2021-09-10,1278656.0618065442,1371320.5573497456,1507340.9913642036,1460065.896399536,1196082.8234872196,1483193.3262372005,1522624.8374752405
2021-09-13,1289107.1786186986,1382529.0689736784,1519661.2682917137,1471999.7695437772,1205859.0265481235,1495316.2318179337,1535070.0371758218
2021-09-14,1289107.227148822,1382529.121020791,1519661.3255013467,1471999.824959131,1205859.0719442614,1495316.2881110662,1535070.0949655382
2021-09-15,1287173.5663080988,1377168.2510465016,1513768.7141652806,1466292.0249975969,1201183.2545645616,1489518.0766527199,1529117.7348630226
2021-09-16,1280698.0216806917,1375102.498669932,1508412.4388747194,1461103.7398462736,1196933.0225934195,1484247.6091142106,1523707.1490430338
2021-09-17,1274331.028603342,1366216.8482518431,1500913.3630633114,1453839.859337828,1190982.4673962602,1476868.6688079692,1516132.0355458378
2021-09-22,1247043.2066371627,1336961.4340105762,1468773.6319270313,1422708.1342534707,1165479.425560444,1445243.8174959605,1483666.4201487626
2021-09-23,1255229.3836123792,1345737.8764382314,1478415.35149496,1432047.4582713495,1173130.179590322,1454731.076316979,1493405.9029693105
2021-09-24,1262506.2455668314,1353539.4375565161,1486986.07535199,1440349.3764722084,1179931.0930193185,1463164.4968227558,1502063.5306027532
2021-09-27,1260612.4861984812,1363778.6186548201,1498234.7462763272,1451245.2526478982,1188856.9712092846,1474232.9635728807,1513426.2586358308
2021-09-28,1253324.5057483858,1361732.9507268379,1491807.3594743437,1449068.3847689263,1183756.8067489504,1467908.5437737356,1506933.700654041
2021-09-29,1232173.0525847804,1336746.8462060175,1466631.2033006465,1422479.783751137,1163779.3974345936,1443135.7106649259,1481502.2681368815
2021-09-30,1226772.66728323,1330888.133418068,1460203.231534436,1416245.319444514,1158678.7688021387,1436810.7152727048,1475009.1192595572
2021-10-01,1226772.7282673728,1330888.199577899,1460203.3041226547,1416245.3898475391,1158678.8264012632,1436810.786698057,1475009.192583792
2021-10-04,1212371.5462387835,1315264.7978016855,1443061.8621123505,1399619.9732676072,1145077.0040692298,1419943.9512988848,1457693.9430784963
2021-10-05,1210552.9889194253,1288901.069538784,1414136.5150165616,1371565.393909725,1122124.592489573,1391481.989461875,1428475.3043146287
2021-10-06,1227054.2174993663,1286967.7179344757,1435562.9402761357,1392346.7987381553,1139126.5710521776,1412565.1625011477,1450118.9851177416
2021-10-07,1227512.2642388968,1285519.849993514,1433409.5958657216,1392866.547500975,1139551.795304164,1410446.314757396,1450660.2996445098
2021-10-08,1242163.6140124055,1300863.5671291805,1448345.9775349284,1409491.5341261877,1153153.2658755258,1425143.4149734853,1467975.1013551166
2021-10-12,1215149.9859495151,1272573.3772004314,1416848.4524889877,1378838.985918237,1128075.3670605333,1394150.4815836442,1436050.6970767647
2021-10-13,1221559.817663437,1279286.113311849,1424322.2295943617,1386112.265729391,1134025.8862121494,1401504.5284701702,1443625.7646876404
2021-10-14,1219727.477936942,1280245.254122577,1425390.110785141,1387151.499117823,1134876.118616433,1402555.3021600335,1444708.118644212
2021-10-15,1219727.477936942,1278324.886241393,1437668.4365455522,1399100.4370656456,1144651.9537205563,1414636.9286331027,1457152.8499323037
2021-10-18,1219727.477936942,1295843.2020298978,1459556.4708607139,1420401.2861337613,1162078.9073943484,1436174.3157317692,1479337.528103572
2021-10-19,1219727.477936942,1291103.7260005535,1454218.222455133,1415206.2456866335,1157828.666997073,1430921.586286796,1473926.9315570353
2021-10-20,1225501.3936068064,1299161.3440636108,1463293.8178398502,1424038.372167687,1156091.9239965773,1439851.790257471,1483125.5265484152
2021-10-21,1222371.6010307816,1295843.4322677364,1459556.730186168,1420401.5385023514,1151412.2769754326,1436174.570902819,1479337.790943609
2021-10-22,1218347.654362427,1291577.622380149,1454751.9896009366,1415725.6935843555,1147621.9225595326,1431446.8024608113,1474467.9327350096
2021-10-25,1216112.201006897,1289640.255946579,1452082.775928654,1413128.0862914769,1145516.2384647834,1428820.3497021373,1471762.543779688
2021-10-26,1221924.5690253482,1293863.253989278,1459022.9575006862,1419882.0852135625,1150991.1954165816,1435649.3492778712,1478796.784150878
2021-10-27,1220091.6821718102,1296703.8170488575,1462226.1141738323,1422999.3115416002,1153518.0954282489,1438801.191248415,1482043.3525225604
2021-10-28,1222712.0240429929,1301437.9287667132,1467564.5281510653,1420864.8125742876,1157729.4530725519,1444054.0836125757,1487454.1168847068
2021-10-29,1219153.7393165282,1297650.5392479121,1463293.6840414652,1414607.96005822,1154360.277870835,1439851.6586025415,1483125.3909366892
2021-11-01,1211592.3532521592,1289602.3035025247,1454218.1030759397,1405834.3357229282,1147200.7511951863,1430921.4688200625,1473926.8105599212
2021-11-02,1216929.681981524,1287667.900047271,1460624.2511829955,1412027.342775705,1152254.4208649127,1437224.9901690525,1480419.7798245968
2021-11-03,1213371.5731772094,1281979.9939552387,1456353.6182245922,1407898.7994468233,1148885.412235742,1433022.7729275643,1476091.2678894633
2021-11-04,1211551.5158174436,1289968.8848055392,1465429.1499413862,1416672.3761719544,1156044.9000601473,1441952.914250279,1485289.7983500427
2021-11-05,1208414.998760646,1288559.3015025312,1463827.8365408618,1415124.3405946577,1154781.659056549,1440377.2539567694,1483666.7826908717
2021-11-08,1218110.0617067395,1298897.35883437,1461632.0947860505,1426477.8239366268,1164046.4239634974,1451933.340365457,1495570.179176325
2021-11-09,1235297.5080149367,1317224.7081574227,1480035.5663061533,1446605.3245455557,1180471.0361894968,1472420.0165001631,1516672.5680021078
2021-11-10,1239704.9102813231,1315248.8710951866,1485316.1663777528,1451766.649282796,1184682.8237844268,1477673.4451484764,1522083.884766051
2021-11-11,1226043.2460014338,1298806.4955448399,1468947.8430402735,1435768.044767516,1171627.5080536683,1461389.3453151176,1505310.3777265532
2021-11-12,1224204.1811324316,1306275.9269749192,1477395.756740728,1444025.1415688307,1178365.5335894355,1469793.7901226566,1513967.4122316807
2021-11-15,1228050.3376530972,1312345.5031768514,1484260.436660778,1450734.765816868,1183840.7775651973,1476623.1477078767,1521002.021372081
2021-11-16,1231545.0946245922,1316080.1453617986,1488484.3103486006,1454863.2329335483,1187209.7240030468,1480825.2873771554,1525330.4534036268
2021-11-17,1234603.2030675686,1319348.1668266489,1492180.4368295413,1458475.8733114193,1190157.7411697782,1484502.3953723614,1529118.074302157
2021-11-18,1238534.834999538,1317369.144576409,1496932.3313970612,1463120.4346581507,1193947.8351591972,1489229.8389803397,1533987.5979140678
2021-11-19,1253825.4771998138,1331635.602099438,1515413.084647272,1481183.7546634197,1208688.0173787952,1507615.4991800636,1552925.8262436513
2021-11-22,1251944.7389840141,1324211.7276343827,1506964.6498912573,1472926.1485758652,1201949.57625099,1499210.5359980648,1544268.2577846833
2021-11-23,1251944.7389840141,1317715.9863550821,1499572.438903795,1465700.9088464472,1196053.5753961727,1491856.3617660922,1536693.059001083
2021-11-24,1251944.7389840141,1309364.5780126806,1490068.4623974937,1456411.6030139632,1188473.2379706912,1482401.2881429961,1526953.8197677857
2021-11-25,1251944.7389840141,1303796.526033807,1483731.9700331576,1450218.2359072063,1183419.2744866898,1476097.400314858,1520460.473009688
2021-11-26,1251944.7389840141,1301840.8312447565,1473699.8530781192,1448042.9085533456,1175417.6941418033,1466116.903799267,1510180.0196671581
2021-11-29,1251944.7389840141,1281727.0146925554,1453107.1611878762,1425670.2277130086,1158993.037270701,1445630.171978025,1489077.5734812194
2021-11-30,1260971.1077636175,1292904.5622104292,1465779.2623112474,1438103.0597688288,1169100.2594782985,1458237.0685756071,1502063.3615192277
2021-12-01,1254611.761052136,1286384.1682653734,1458387.024317731,1430850.3987779422,1163204.2370835498,1450882.8674765404,1494488.1350610617
2021-12-02,1272781.5667504906,1305014.1150875043,1479507.9875411526,1451572.5652172284,1180050.2412670166,1471895.1524012508,1516131.9294806065
2021-12-03,1289588.361033116,1322246.5329203578,1499044.5577081686,1470740.2544164008,1195632.5392561147,1491331.1967927164,1536152.110562547
2021-12-06,1278232.266505067,1320263.1631209773,1485843.995254694,1457788.9392060344,1185103.81819529,1478198.5580723737,1522624.7795907978
2021-12-07,1276314.9181053094,1324376.0871145467,1483615.229261812,1464523.78311497,1190578.8832179233,1485027.6924465536,1529659.1588117066
2021-12-08,1276314.9181053094,1340772.7335990933,1499733.7603551403,1482655.5501965284,1205319.0323719468,1503413.3114030682,1548597.3446585452
2021-12-09,1276314.9181053094,1334682.3081612762,1492921.2585678305,1475920.625736812,1199843.9018658712,1496584.095350365,1541562.8813043223
2021-12-10,1276314.9181053094,1328592.2696441829,1486109.1895742805,1469186.1291424183,1194369.1191912366,1489755.3131532674,1534528.864844931
2021-12-13,1277998.3274470144,1332340.1477092877,1490301.4132995077,1473330.6139424418,1197738.361904544,1493957.8223715662,1538857.677532034
2021-12-14,1261371.7688128983,1330341.6374877237,1470912.8246773072,1454162.8127692684,1182155.9728866194,1474521.6644384195,1518837.3794959967
2021-12-15,1259124.741302063,1325982.7718101926,1468292.5174333921,1451572.3442600507,1180050.0616407427,1471894.9283505857,1516131.6986962557
2021-12-16,1270358.9953331945,1337813.5514071493,1481393.0233576891,1464523.6682433432,1190578.7898334838,1485027.575966679,1529659.038831111
2021-12-17,1272156.3067227267,1339706.2978999496,1483488.906933147,1466595.684955818,1192263.2277183365,1487128.6017285772,1531823.2094495674
2021-12-20,1270248.0722626427,1342072.795130505,1486109.3860600423,1469186.3233906997,1194369.2771046173,1489755.510121101,1534529.067732495
2021-12-21,1270248.0722626427,1331661.6313680413,1474580.854788606,1457789.0732073328,1185103.9271311215,1478198.6939497432,1522624.9195518664
2021-12-22,1279613.7271854936,1329664.1389209891,1487681.2535694519,1470740.2912672698,1195632.5692138846,1491331.2341595122,1536152.1490523757
2021-12-23,1286825.39677448,1335155.1507761006,1496065.553789542,1479029.1153135372,1202370.9363131237,1499736.1050045204,1544809.6223992296
2021-12-24,1289079.217451696,1337493.618989157,1498685.8498204204,1481619.5727374067,1204476.8385472097,1502362.8298518066,1547515.2916205963
2021-12-27,1290881.8656618616,1339363.969892141,1500781.6119180515,1479397.1433783006,1206161.1788017096,1504463.733837836,1549679.3368032954
2021-12-28,1300798.035554987,1349652.5648654476,1512310.169125436,1488528.6385117765,1215426.5496196332,1516020.576008775,1561583.5117649047
2021-12-29,1298846.8385016543,1360408.2292600232,1524362.0860876644,1500391.0354680947,1225112.5387432629,1528102.0619817574,1574028.0983302777
2021-12-30,1301359.9390407717,1358367.616916133,1529602.4967394313,1505549.0390919335,1229324.1974142815,1533355.3298212565,1579439.249452411
2022-01-03,1301805.5976379623,1356797.601735468,1530126.3183836252,1506064.6234837954,1229745.1869352255,1533880.436645881,1579980.1379945753
2022-01-04,1316963.8684924406,1372596.2014489193,1547943.1638617122,1523601.2937274454,1244064.383794862,1531579.6159909123,1598377.4831280366
2022-01-05,1338363.5829898582,1394899.9012951963,1573096.1255771995,1548358.7175821995,1264279.534161965,1554135.478619208,1624349.966213086
2022-01-06,1322314.1086061506,1378172.4510580485,1570736.4813888336,1529791.0100545401,1249118.4656337486,1535498.4969574774,1604870.9819488297
2022-01-07,1320330.6374432414,1378171.905986998,1568383.2852303262,1529790.4050179266,1249117.9716039097,1535497.8896635368,1604870.3472178776
2022-01-10,1297906.5879097532,1376104.6481280176,1544059.0129099558,1506064.6749906002,1229745.2289920165,1511683.6414709815,1579980.192029261
2022-01-11,1312130.5273899827,1389101.9181890774,1560980.5711778002,1522569.8480053067,1243222.1786247739,1528250.3935237352,1597295.4155135478
2022-01-12,1327687.6827050596,1405571.6777432014,1579488.1942249797,1540622.0578343,1257962.32841954,1546369.9542199327,1616233.6021836146
2022-01-13,1329465.547902542,1407453.8349711234,1581603.2376398777,1542685.056817251,1259646.826568144,1548440.6500317957,1618397.8502291106
2022-01-14,1340577.7638902809,1419217.9089116969,1594822.923408561,1555579.448536883,1257757.3563282916,1561383.149350033,1631925.0803963093
2022-01-17,1338566.8972444455,1422040.898200563,1597995.2114709858,1558673.676768943,1258371.6243849043,1564488.9218172159,1635171.168959075
2022-01-18,1338566.8972444455,1419907.836853262,1609628.906920239,1570021.1043019742,1267532.7984203384,1575878.685390661,1647075.512132643
2022-01-19,1338566.8972444455,1387972.2794806503,1575786.4175672152,1537011.3700222734,1240882.8885866338,1542745.7953172391,1612445.7069375894
2022-01-20,1332077.0945759101,1383314.8080506034,1570498.7181454217,1531853.7839167248,1236718.9894316818,1537568.9668086728,1607034.9938249516
2022-01-21,1319125.091446762,1369864.6122658222,1555228.5026341951,1516959.319412023,1224694.1687315737,1522618.9326473789,1591409.530138634
2022-01-24,1302624.5472330272,1352729.3824471459,1535774.610932362,1497984.1255636956,1209374.8329002047,1503572.9443770302,1571503.0607033423
2022-01-25,1306749.8271671,1357013.3393167546,1540638.2534909146,1502728.0894847456,1213204.800438843,1508334.6075208953,1576479.8516416247
2022-01-26,1293915.72612488,1354977.8193077794,1525507.0427543675,1500473.9973505186,1201289.4416838367,1493520.6635233918,1560996.6265541913
2022-02-07,1291974.8525356925,1366847.139751655,1541178.4685403472,1513617.8336838358,1213630.2030210237,1508863.4955013907,1577032.634320527
2022-02-08,1296372.4162057538,1373556.7995418601,1548743.8962309475,1521047.970105858,1219587.7424828745,1516270.2935479619,1584774.065053055
2022-02-09,1298181.7187605891,1375473.825695422,1550905.425011726,1523170.8446316787,1221289.8792999925,1518386.5000343407,1586985.879905711
2022-02-10,1301800.4654521632,1379308.0280140575,1555228.6517176637,1527416.7598029196,1224694.2861301776,1522619.0786049096,1591409.6826903988
2022-02-11,1309037.6086899654,1386976.061658769,1563874.6868195988,1535908.1793160273,1231502.7703844549,1531083.8262071058,1600256.8602182202
2022-02-14,1302252.686075748,1384895.5975662807,1555768.9084539004,1527947.3552189781,1225119.7215394222,1523148.0073981325,1591962.508025912
2022-02-15,1300299.3070466344,1370813.4883860673,1553435.2550912194,1514679.261043514,1214481.2634890962,1509921.5888724546,1578138.5314287152
2022-02-16,1309270.1924089543,1382341.2639034004,1564152.5488063577,1527416.867326209,1224694.3723431628,1522619.1857904638,1591409.794718503
2022-02-17,1313819.329622249,1387144.2909039047,1569587.2899379437,1532723.9681459283,1228949.6458355563,1527909.6167801218,1596939.242773404
2022-02-18,1305630.5661086468,1378498.5081076345,1559804.3777509592,1523170.8174015367,1221289.8574666593,1518386.47288973,1586985.8515347305
2022-02-21,1305175.8512042363,1378018.4153205818,1559261.1411594308,1522640.3392627628,1220864.5160912266,1517857.6610054187,1586433.1483899716
2022-02-22,1297442.0752733354,1375951.387697601,1550021.7913259494,1513617.9847682754,1213630.3241616674,1508863.6461112676,1577032.791734827
2022-02-23,1295495.9121604254,1366664.4945239902,1541869.3614718197,1505657.0228541745,1207247.1648138824,1500927.689918132,1568738.2959514598
2022-02-24,1295495.9121604254,1359438.6707846872,1533717.1951722864,1497696.3183048274,1200864.2118230998,1492991.9902813565,1560444.0683154457
2022-02-25,1295495.9121604254,1339687.8465731766,1511434.3372817324,1475936.7955394564,1183417.2622406506,1471300.815105194,1537772.9047333456
2022-03-01,1293555.4207861756,1339687.6829321212,1511434.1526620758,1475936.6152557766,1183417.1176878354,1471300.635387793,1537772.7168964688
2022-03-02,1302393.0426733247,1348840.4822620712,1521760.330678038,1486020.2726897206,1191502.2703243946,1481352.6196235954,1548278.8410268482
2022-03-03,1307044.525660187,1346817.221538678,1527195.2816155073,1491327.5783878227,1195757.7080898217,1486643.2548481044,1553808.502543753
2022-03-04,1288439.0161808254,1325657.0703239823,1505455.9714917138,1470098.8376281972,1178736.3435256365,1465481.1944687655,1531690.3587042475
2022-03-07,1273554.2923191884,1310342.3839638247,1488064.1538425328,1453115.484149604,1165118.962525283,1448551.1864279127,1513995.4676426398
2022-03-08,1271643.9608807096,1267749.1893964068,1439694.0432446566,1450935.8109233796,1127246.3123902038,1401465.4603768722,1464782.449490529
2022-03-09,1267342.6547435885,1265356.248819144,1436976.5480778373,1446028.0542712968,1125118.5780843569,1398820.1235895816,1462017.5986907291
2022-03-10,1296102.2760550352,1294070.7929117784,1469585.6464944843,1478842.5571927538,1150650.729247316,1430563.3438518292,1495194.9500026542
2022-03-11,1302333.6853907474,1292129.6867224108,1476651.130358202,1485952.546494669,1156182.835647283,1437441.2160235676,1502383.5584499096
2022-03-14,1294185.0543148487,1282121.7189331008,1467411.8045048683,1476655.0221861857,1148948.6624936112,1428447.2244728133,1492983.2261927961
2022-03-15,1276449.9307290667,1264551.9076750565,1447302.8335216523,1456419.3849218516,1133203.8148343784,1408872.2124006762,1472523.8321210213
2022-03-16,1274535.2558329732,1265026.8041467345,1447846.3612368195,1456966.3363146612,1133629.3841527202,1409401.307678342,1473076.8314625998
2022-03-17,1294123.3848987757,1286395.5025341178,1445674.5916949643,1481577.2568890112,1152778.5312803765,1433208.7648419682,1497959.888809514
2022-03-18,1305110.8001158775,1297317.306192631,1455765.0650916006,1494156.200046682,1162565.8950853578,1445377.0480024954,1510677.9244071792
2022-03-21,1307021.762260936,1295371.330233342,1457896.6173944713,1496343.9652056554,1164268.1409149433,1447493.3900202182,1512889.8809143673
2022-03-22,1307021.6599067473,1293431.0821682578,1457896.503225121,1496343.8480254547,1164268.0497399343,1447493.276665555,1512889.762438439
2022-03-23,1314665.2077148722,1300995.1513924613,1466422.3769451438,1505094.5643223769,1171076.765136659,1455958.3116389785,1521737.2403206695
2022-03-24,1312693.2099032998,1300049.3805453395,1465356.347196918,1504000.4214582979,1170225.439700878,1454899.8888429375,1520630.9989043702
2022-03-25,1319306.6331958377,1308559.0021593831,1474948.004430086,1513845.0278905577,1177885.2838914157,1464423.1021344003,1530584.462679595
2022-03-28,1305960.9674359565,1295322.0558494872,1460027.9224832184,1498531.4766310253,1165970.1893207023,1449609.4865878825,1515101.5808822766
2022-03-29,1305960.8526186736,1293379.0727657129,1460027.7941206996,1498531.344883357,1165970.086811108,1449609.3591413302,1515101.4476778002
2022-03-30,1315970.0647877087,1301339.8452442235,1471217.8140472076,1510016.4656990469,1174906.3745706065,1460719.5295639508,1526713.5659254573
2022-03-31,1320736.5632853284,1306053.352476054,1476546.6263720219,1515485.808359434,1179161.9344948654,1466010.3166642135,1532243.3861797298
2022-04-01,1318755.4584404004,1287671.5375198617,1455765.2342422865,1494156.3736581749,1162566.0301681561,1445377.2159461596,1510678.099938392
2022-04-06,1303766.376024578,1274945.3111281483,1441377.715838458,1479389.4305971984,1151076.2378848447,1431092.3636871867,1495747.8704935068
2022-04-07,1302320.711218261,1273531.6041940143,1439779.4624437424,1477749.028394794,1149799.8816011583,1429505.5150747232,1494089.3294425483
2022-04-08,1292680.7278664617,1271621.3067877232,1429121.9877305925,1475532.404852202,1141288.88149108,1418924.0897407632,1483029.8445262301
2022-04-11,1293162.7896722872,1270190.229845897,1429654.9307158934,1473871.8472709234,1141714.4867989647,1419453.2297629546,1483582.890633853
2022-04-12,1273883.4942285258,1251253.423972304,1408340.723400288,1451898.4259687383,1124693.0792242866,1398291.1159101918,1461464.6909050408
2022-04-13,1271972.668987183,1263088.8944087462,1421662.065565591,1465631.775718717,1135331.4290854775,1396193.6792363266,1475288.5269175717
2022-04-14,1292441.1961788475,1285339.5859944278,1446706.1969010741,1491450.4815628193,1155331.5332649518,1418661.16535852,1501277.3469900521
2022-04-15,1264831.2636663285,1257881.3624946682,1415800.7595163977,1459589.1889458243,1130650.622630611,1388354.84337692,1469206.126763153
2022-04-18,1256738.6144288655,1255994.5404509262,1406742.176552779,1450250.4386506323,1123416.4885908293,1379471.865000805,1459805.8453319669
2022-04-19,1259118.748168741,1256488.5321928905,1404632.06328795,1452997.0638920877,1125544.1239302135,1382084.4428999806,1462570.567531357
2022-04-20,1258642.81302952,1256013.5912507686,1401998.128280833,1452447.8445584092,1125118.6787527027,1381562.027875422,1462017.729502624
2022-04-21,1256754.8488099757,1265989.50103624,1413133.5227897423,1463983.9368159685,1134054.9534199287,1392535.108301561,1473629.830737734
2022-04-22,1237450.2518769724,1248412.8682351501,1393513.9848641471,1443658.4064201429,1118310.0617946791,1373201.5528169316,1453170.379535012
2022-04-25,1224265.9290196311,1235111.7449866754,1378666.892421601,1428277.0539196383,1116632.596701987,1358570.877690332,1437687.682415306
2022-04-26,1221911.571463824,1233259.0773691954,1376015.609936175,1425530.367277485,1112816.0023202337,1355958.2413870813,1434922.8984106614
2022-04-27,1196013.6102654054,1205312.6410428914,1346851.4709700025,1395316.7814492632,1089230.2811255786,1327219.21088584,1404510.2413791523
2022-04-28,1199309.531419096,1208634.1880523292,1350563.064396656,1399161.9334246302,1092231.9335265118,1330876.7026026545,1408380.7282828165
2022-04-29,1197510.5671219674,1223344.7481073583,1367001.0729051915,1416191.4497595285,1105525.7354154475,1347075.103949405,1425522.4486549138
2022-05-03,1192470.3193555058,1220023.0595229024,1363289.3212784869,1412346.1338914153,1102523.9550744332,1343417.4563385283,1421651.7967786475
2022-05-04,1190151.2406097911,1217650.397075295,1360638.0391141262,1409599.447581881,1100379.801187034,1340804.820351663,1418887.013108813
2022-05-05,1201282.9357533804,1215823.921479682,1373364.327450749,1422783.680635332,1110671.8481731813,1353345.6050838307,1432158.1144060164
2022-05-06,1172990.0854909772,1185410.4833571801,1341018.5826509017,1389274.0015797804,1084513.0879379641,1321471.3451419754,1398427.646855869
2022-05-09,1164177.4917144536,1176504.5759863716,1330943.602340454,1378836.4816282939,1076365.2157542703,1311543.2218815149,1387921.3561974599
2022-05-10,1162431.225476882,1145100.0380098252,1295416.6101319457,1376768.2269058514,1047633.7063451814,1276534.085699509,1350873.4518978782
2022-05-11,1176843.8715414396,1161036.7464304012,1313445.320387448,1393838.3749992857,1062213.9459359578,1294300.0020713892,1369673.9720283374
2022-05-12,1168767.0858762506,1153068.4464909676,1304431.0266546526,1384272.3364796315,1054923.8757921061,1285417.1043854868,1360273.7759863844
2022-05-13,1160215.039955446,1151338.8438212313,1294886.3071161916,1374143.4059754002,1047204.8378950356,1276011.5125982654,1350320.4465868142
2022-05-16,1173042.9323550728,1162325.1090873815,1309203.1894573087,1389336.592709289,1058783.2354491665,1290119.706183589,1365250.2352874475
2022-05-17,1170192.4205529783,1159500.6417555062,1306021.806201885,1385960.4840901026,1056210.376412841,1286984.6960768339,1361932.6568756448
2022-05-18,1168437.1319221489,1180214.3204757127,1329352.9844013997,1410719.7115993511,1075078.8458298482,1309975.789442679,1386262.6438348307
2022-05-19,1149002.8480041348,1162325.0261406186,1327358.9549247976,1389336.493562353,1058783.1598914408,1290119.614117047,1365250.1378593815
2022-05-20,1151795.2020085028,1165149.7562505212,1328591.8694756057,1392712.9162822377,1061356.258297085,1293254.9158935843,1368568.024926448
2022-05-23,1166221.7651585196,1163402.0316161453,1345232.8612701236,1410157.0424615736,1074650.0479033345,1309453.30227397,1385709.72946061
2022-05-24,1163429.5021854828,1158878.2025745602,1342011.995375783,1406780.729813784,1072077.0333812423,1306318.1027089343,1382391.9505573637
2022-05-25,1151329.9328572094,1146825.9663808448,1328055.1830833994,1392150.3281108127,1060927.5220732696,1292732.5039091664,1368015.1901148995
2022-05-26,1149602.9379579236,1158878.0524930668,1342011.8215773941,1406780.5476274658,1072076.8945410072,1306317.933533113,1382391.771529535
2022-05-27,1140075.677780283,1150997.8362902359,1332886.3201684805,1397214.6275193123,1064786.9146359877,1297435.1458025745,1372991.691846231
2022-05-30,1168543.0567355617,1179737.9385667576,1366168.1283151286,1432102.6959683232,1091374.3536949293,1329831.7477872518,1407274.9201932608
2022-05-31,1179562.7325403646,1177968.3316589075,1379051.4617807725,1445607.8101682584,1101666.3078425087,1342372.4193962966,1420545.9017795806
2022-06-01,1187368.3151038454,1183987.3824358506,1388177.1316135556,1455173.9068288233,1108956.4222942851,1351255.3710710849,1429946.1549544793
2022-06-02,1179562.661155694,1176203.9544390677,1379051.378323461,1445607.7226830958,1101666.2411719665,1342372.338158724,1420545.8158111123
2022-06-06,1177793.3171639603,1174372.6585521563,1376904.2582534833,1443356.977421914,1099950.9971034585,1340282.3256806193,1418334.090795356
2022-06-07,1173278.433570587,1171625.6938414783,1373683.5536672,1439980.8338672975,1097378.1114436004,1337147.2831332823,1415016.4780537842
2022-06-08,1178321.786239306,1176661.9421868885,1379588.3503617742,1446170.6102865979,1102095.205586463,1342895.028191834,1421098.944863607
2022-06-09,1175570.7558048596,1174896.9492736082,1376367.4224427836,1444001.354371168,1099522.1415154824,1339759.7682518363,1417781.1020694438
2022-06-10,1162732.9615116916,1160326.0242333289,1361336.832617469,1426093.030151233,1087514.834423282,1325128.9514999313,1402298.255076838
2022-06-13,1137974.5409094924,1135618.855266263,1332349.4804060129,1395726.8048638338,1064358.05589111,1296912.5845271298,1372438.6990496453
2022-06-14,1136267.5790981282,1121892.650122562,1316245.3956540308,1378856.679505065,1051493.1787769601,1281236.8249127888,1355850.0566165354
2022-06-15,1138267.3599595516,1125552.9324401363,1320539.7724348886,1383355.3316015115,1054923.7760706558,1285416.9828756216,1360273.6474003538
2022-06-16,1148446.882650339,1135618.750031413,1332349.3569406467,1395726.6755254557,1064357.9572598133,1296912.4643456086,1372438.5718693153
2022-06-17,1119758.8456693715,1133915.321906366,1299067.462757371,1360861.6250928289,1037770.4494698227,1264515.7786126453,1338155.254896892
2022-06-20,1118833.432703866,1131281.2875380942,1297118.8615632348,1359736.9552614717,1036912.7949553063,1263470.7327966287,1337049.3505072726
2022-06-21,1119296.2017094395,1131749.2051933547,1295711.8048219152,1360299.3661621783,1037341.6801574836,1263993.3263101014,1337602.3774192783
2022-06-22,1117617.2574068753,1138767.1319291617,1303746.456381849,1368734.5223316585,1043774.1900085511,1271831.2929884854,1345896.7905660195
2022-06-23,1098521.0877038492,1120988.5492263164,1283392.1946996914,1347365.6583899243,1027478.6496475243,1251975.295047838,1324884.472305625
2022-06-24,1087976.0139699124,1110227.8027656376,1271072.4809735261,1334431.8418493662,1017615.5361926646,1239957.162717814,1312166.4602384984
2022-06-27,1098521.094796469,1108562.461061489,1283392.2029859347,1347365.6670892134,1027478.6562814575,1251975.3031312376,1324884.480859764
2022-06-28,1107690.6543575262,1116141.625333327,1294104.9160154976,1358612.3785027864,1036055.2114164623,1262425.7734639547,1335943.5376373807
2022-06-29,1088434.5095843757,1096738.568495925,1271608.137229462,1334994.1990515767,1018044.3804452613,1240479.7063345194,1312719.4343479825
2022-06-30,1086801.857819999,1087498.9590024436,1260895.3174616238,1323747.3755791278,1009467.7398560209,1230029.131876435,1301660.2673812248
2022-07-01,1066273.4126594013,1068557.7824167113,1238934.063460911,1300691.4153060778,991885.6478825702,1208605.4801114367,1278989.0024802312
2022-07-04,1025706.2094750566,1027903.6686041988,1191797.8512214345,1251205.596473503,954148.5851971849,1162623.1424677477,1230328.8688614522
2022-07-05,1037691.9445813645,1026361.8131012926,1205724.4251400204,1265826.3706331293,965298.1444848144,1176208.7997303798,1244705.6911713842
2022-07-06,1023401.2286228371,1010711.0649942255,1189119.626987823,1248393.8703521048,952004.4096050556,1160010.4800338263,1227564.0572044088
2022-07-07,1009110.419548207,996597.4617900499,1172514.72064132,1230961.256483595,938710.5881053691,1143812.054791518,1210422.311545188
2022-07-08,1007596.7539188847,1031653.7057875925,1213759.0180767993,1229114.8145988695,971730.6074024191,1184046.7092206792,1253000.0437996746
2022-07-11,1009195.5233128266,1034840.5826901887,1217508.435694675,1231065.0701347063,974732.3761266562,1182270.6391568482,1256870.680696664
2022-07-12,985220.0777812385,1010255.8878010152,1188584.1028870684,1201818.6725308334,951575.6711553677,1152454.7680924432,1227011.2195227046
2022-07-13,1003423.6574218683,1008740.5039693137,1210545.171144242,1224024.2714750613,969157.6144232849,1173748.2867958376,1249682.2926750397
2022-07-14,1000759.756524044,1004555.6543633533,1207331.4016218511,1220774.7174789764,966584.6834184201,1170632.2060737137,1246364.621463255
2022-07-15,1017631.3946177397,1021491.2868514758,1227685.5958573075,1241355.5502842213,982880.169781888,1190367.694829077,1267376.8700963855
2022-07-18,1016104.9475258131,1038115.3759746678,1247665.3597804024,1261557.7835946016,998875.8887372941,1209740.1348125855,1288002.583024486
2022-07-19,1008388.4799654449,1031777.105248501,1245793.8617407319,1253855.272915942,992777.1968662549,1202353.9996486085,1280138.6121633023
2022-07-20,1025202.3994987224,1048981.0078798765,1264669.2864558867,1274762.1179305802,1009330.8130907817,1222402.1098782085,1301483.7068802638
2022-07-21,1021220.2699858408,1047407.5363680567,1259757.010702247,1269810.6392233544,1007816.8168711455,1217654.0098730437,1296428.4351775867
2022-07-22,1031839.3752525521,1056713.8777303374,1272856.5277215382,1283014.6983700553,1016771.3899506679,1230315.721052606,1309909.2780755637
2022-07-25,1029184.5738688537,1053995.077176632,1269581.6175445374,1279713.652414424,1014155.3567213821,1227150.2633690038,1306539.0355287495
2022-07-26,1027640.7970080505,1056713.9788070426,1272856.6494727018,1283014.821092867,1016771.4872067976,1230315.8387346596,1309909.4033708936
2022-07-27,1016421.3331498277,1046744.8686112566,1260848.4348975925,1270910.7736487885,1007179.1971423272,1218708.9570070107,1297551.6306427964
2022-07-28,1037101.793535636,1068042.302149256,1286502.093729805,1296769.1643093734,1027671.6138287858,1243505.2314310325,1323952.0654043264
2022-07-29,1039741.9162464144,1066440.2386960322,1289777.1082137167,1300070.315404348,1030287.7303795461,1246670.7899354496,1327322.4152944174
2022-08-01,1039301.8957119677,1064392.3308901126,1289231.272363872,1299520.1234518415,1029851.7108725206,1246143.1967522807,1326760.690207225
2022-08-02,1027670.6649138217,1052480.3032959758,1274802.9849308166,1284976.6894938487,1018326.2407598946,1232197.1246929816,1311912.3964964394
2022-08-03,1026129.158916451,1044353.1213902888,1264959.0422745978,1275054.186177274,1010462.7942212066,1222682.1816154881,1301781.897467372
2022-08-04,1030793.8076662045,1050674.2648072273,1272615.444461749,1282771.6911189596,1016578.8100676949,1230082.6951630875,1309661.1769016222
2022-08-05,1045411.848927436,1065574.237663913,1290662.8414663363,1300963.117348005,1030995.263562413,1247526.920631741,1328233.9321702302
2022-08-08,1054271.350270311,1063975.8763074172,1301600.7595594798,1299011.672671983,1039732.5893650623,1258099.2768183951,1339490.2521725215
2022-08-09,1048955.623458515,1057025.6799209043,1295037.9765965636,1290526.154875493,1034490.1682360341,1251755.8320724384,1332736.4271294835
2022-08-10,1045411.8605672305,1053454.653372338,1290662.8558367973,1286166.276730409,1030995.2750416908,1247526.934521919,1328233.946959014
2022-08-11,1043843.7427763797,1069524.204531528,1310350.8155650506,1305785.6449841643,1046722.227563215,1266556.8926056314,1348495.0215992024
2022-08-12,1043843.7427763797,1076220.0300612906,1318554.351685721,1313960.600558837,1053275.2998398333,1274486.254036138,1356937.36199143
2022-08-15,1043843.7427763797,1084254.7198491588,1328398.2264402497,1323770.1799423113,1061138.692137926,1284001.1314813194,1367067.7911421943
2022-08-16,1043843.7427763797,1082628.337769385,1334414.0904922308,1329765.085144752,1065944.2285991611,1289815.9361805706,1373258.7765091292
2022-08-17,1043843.7427763797,1081892.8573736658,1332412.4693564924,1330855.005692001,1066817.9126279796,1290873.1130509193,1374384.3459604012
2022-08-18,1043843.7427763797,1075690.4256546155,1322789.638145605,1323225.2877910999,1060701.904730675,1283472.6091220067,1366505.0767671056
2022-08-19,1043843.7427763797,1074361.2617930546,1321155.1491313514,1321590.2604716318,1059391.261253674,1281886.701719038,1364816.571299956
2022-08-22,1043843.7427763797,1063285.3202250202,1307534.9286762087,1307965.554311399,1048469.650316447,1268671.3125292002,1350746.2309662264
2022-08-23,1043843.7427763797,1050437.398009838,1291735.6820039134,1292161.1042900502,1035800.7492641931,1253341.663910936,1334424.8521436243
2022-08-24,1043843.7427763797,1048861.7419128234,1294459.7619224065,1294886.0813613606,1037985.1001805147,1255984.776511475,1337238.9572218575
2022-08-25,1043843.7427763797,1044646.0268285173,1291190.79420571,1291616.0370376317,1035363.8214952176,1252812.9717108523,1333861.9569401531
2022-08-26,1043843.7427763797,1056547.12339178,1305900.6441728706,1306330.7315702008,1047159.1708300846,1267085.6035585073,1349057.9367686515
2022-08-29,1043843.7427763797,1024811.0602634399,1266674.6178412063,1267091.7864765709,1015705.0985836915,1229025.485071362,1308535.5720797628
2022-08-30,1043843.7427763797,1027455.7845717069,1269943.5181120604,1270361.7633322447,1018326.3231863655,1232197.2244308223,1311912.5026866803
2022-08-31,1036914.4536837533,1022166.2356626069,1263405.5936079433,1263821.6856176623,1013083.7745796014,1225853.6254340042,1305158.513413737
2022-09-01,1032890.3187409493,1020632.986309113,1258502.4749580778,1258916.952166894,1009152.1235135078,1221096.2412627768,1300093.3569188423
2022-09-02,1029313.1389462969,1015574.8946448386,1254143.9389709968,1254556.9807326316,1005657.1555382407,1216867.253225697,1295590.7804079107
2022-09-05,1020370.3623206421,1006751.4772747573,1243247.809621946,1243657.262834993,996919.9044883063,1206294.98749147,1284334.55670974
2022-09-06,1026630.3328534757,1012927.8959697235,1250875.1329357503,1241791.7769407404,1003036.0065000295,1213695.6053008968,1292213.9471508907
2022-09-07,1025090.3873541955,997928.2092267273,1232351.86467224,1221570.6612668808,988182.8013021975,1195722.900675721,1273078.5235049282
2022-09-08,1025090.3873541955,997487.0389323079,1231807.0589137308,1221030.6217296654,987745.9393181793,1195194.288076881,1272515.713052392
2022-09-12,1043926.4316615859,995990.8083739094,1256323.1860486085,1245332.2700611025,1007404.6227540725,1218981.7269499884,1297842.04705622
2022-09-13,1051169.7500346384,1001399.4246885424,1265040.226387853,1253973.049563094,1014394.5333375973,1227439.6723295094,1306847.167397698
2022-09-14,1023554.9541103982,975092.1220378388,1231806.9377715245,1221030.501647269,987745.8421781918,1195194.1705353619,1272515.5879066885
2022-09-15,1027629.2518530466,978973.5117138292,1236710.1901135573,1225890.857993148,991677.6004476778,1199951.6844250495,1277580.8825119978
2022-09-16,1019933.4194888987,971642.0582528604,1234855.1248283868,1216710.2604937633,984251.0070935435,1190965.3432988506,1268013.1825990935
2022-09-19,1018403.5193596653,974229.5481063542,1236289.1193096582,1219950.368748577,986872.0746693183,1194136.8926523128,1271389.9109078404
2022-09-20,1013277.1552688833,972768.2037841947,1231911.0778168312,1215630.1872876633,983377.2878726609,1189908.1238453311,1266887.5678097918
2022-09-21,1015527.8618034146,973468.7281311362,1234647.417325115,1218330.3634357932,985561.580369749,1192551.165757314,1269701.5976263718
2022-09-22,993920.8804188223,952756.6221630541,1208378.3165292938,1192408.4340893223,964592.179606483,1167177.7301206656,1242686.6630137647
2022-09-23,992570.3983352181,951462.0716876436,1206736.4421116833,1190788.25862234,963281.54766162,1165591.8366718376,1240998.172403499
2022-09-26,972763.8697663299,932475.850925164,1182656.2762555468,1167026.3353336155,944059.4718011637,1142332.7025575973,1216234.3210969577
2022-09-27,971304.7239616804,930318.4295408266,1179920.0252972157,1164326.2465651657,941875.2499893825,1139689.7461763886,1213420.382344446
2022-09-28,968050.7476311119,928922.9518965153,1177731.1157944817,1162166.265608196,940127.9453917064,1137575.4692236385,1211169.3251975381
2022-09-29,957704.3810405058,917618.3492039302,1165143.720041737,1149745.2244048892,930080.0131021047,1125417.2503927872,1198224.5473824749
2022-09-30,929364.5742071162,890464.7438972908,1130665.4941791329,1115722.6614801523,902557.6498001084,1092114.5861108878,1162767.4137532522
2022-10-03,922167.163471212,883568.5906700835,1121909.119993616,1107082.0112069484,895567.8437554938,1083656.7672257447,1153762.4280895293
2022-10-04,940610.5161052548,901239.9714561348,1144347.3137864887,1129223.6626735183,913479.2097251057,1105329.9135748069,1176837.688367791
2022-10-05,939199.6003310969,918049.28959844,1165690.9055844096,1150285.1783639842,930516.8058581777,1103671.9187044448,1198787.2686484656
2022-10-06,949240.2388378175,916672.2156640424,1179920.1088967572,1148559.7505964383,941875.3167230063,1115470.8704521067,1213420.4683175504
2022-10-07,945718.05313593,911903.0201042616,1175541.978296211,1142584.1074285922,938380.4587958032,1111331.880773805,1208918.0335818315
2022-10-11,898167.9826150696,866053.1468039041,1116436.5146933265,1085135.7435065014,891199.3176055922,1055454.857883475,1148134.4442656047
2022-10-12,884079.0196325749,852467.9478629809,1098923.7186103237,1068113.941775458,877219.6674301183,1038898.6404383607,1130124.4238715488
2022-10-13,885399.8594371086,853741.559805604,1100565.5426525795,1069709.7351137737,878530.2591626799,1040450.7852655702,1131812.8626761998
2022-10-14,884071.759647953,863930.4370326992,1113700.1113820341,1082476.0588736064,889014.9741775314,1052867.9215641937,1145320.3488345174
2022-10-17,867131.4795869126,862634.5413771502,1093998.3112027578,1063326.6246652238,873287.9438947608,1034242.267140862,1125059.1740143092
2022-10-18,880578.7365947488,874700.0109811882,1092357.3137359535,1079816.426663832,871978.0119789187,1050281.036234144,1142506.308870031
2022-10-19,874505.888262554,868667.704860103,1083199.150853578,1072369.5498392785,864667.4767143714,1043037.8481191375,1134627.0957525598
2022-10-20,851949.025877183,846261.4316261112,1055259.2884584845,1044709.0244081169,842364.384713353,1016133.8998226874,1105360.709326675
2022-10-21,861492.1871238037,855740.8829236685,1067079.8425537073,1056411.3990489722,851800.1829918394,1027516.1883864675,1117742.4776771022
2022-10-24,860199.9488431179,868236.6001680782,1082661.5779315992,1071837.3514601588,864238.3572660862,1042520.2065540513,1134064.0000348985
2022-10-25,840582.4784489647,866934.2452678261,1059557.6682534597,1048964.4298911656,845795.5812835798,1020272.9104637287,1109863.1668658736
2022-10-26,825663.3921672081,850272.0463272886,1040752.0986889618,1030346.8745206131,830783.970195538,1002164.5868043611,1090164.74967073
2022-10-27,839729.9866409284,864757.891505228,1058483.0988263232,1047900.6037868509,844937.8025137346,1019238.1823788221,1108737.5792143918
2022-10-28,840582.5827256524,865635.8989650791,1059557.7996946531,1048964.560018237,845795.686206968,1020273.0370315342,1109863.3045476095
2022-10-31,842713.8312249547,867830.6686980295,1062244.2471858694,1051624.1489632174,847940.1522284979,1022859.8802801789,1112677.298735519
2022-11-01,841449.7604781173,867830.5523345768,1062244.1047543874,1051624.0079557362,847940.0385320738,1022859.743129567,1112677.1495416996
2022-11-02,846564.3319696311,866528.806506075,1070303.7782965694,1059603.102549256,854373.7008732678,1030620.5916691505,1121119.4788923766
2022-11-03,837214.7123104483,855675.1825680683,1058483.1370659412,1047900.6416441572,844937.8330386422,1019238.2192006465,1108737.6192695438
2022-11-04,833814.8275568964,852200.3308192529,1054184.6929193125,1043645.1724528297,841506.585099485,1015099.14659389,1104235.0943234148
2022-11-07,848264.1937309641,866968.303547381,1072452.8984484938,1042079.7046941504,856089.2434837436,1032690.0298300339,1123370.6346050447
2022-11-08,862288.6454997942,881301.9925655702,1090183.888462913,1057721.948198534,870243.0677212664,1049763.6156568765,1141943.4535451487
2022-11-09,860995.2125315445,890857.7525110567,1102004.5079809309,1069190.5901752007,879678.9182237257,1061145.9672177993,1154325.2904245036
2022-11-10,867250.6425421839,889521.4658822902,1111675.9708721663,1078574.0700445194,887399.1969995273,1070458.8454953432,1164455.9333845852
2022-11-11,910005.3562989561,931976.1479297834,1166480.6439313844,1131746.8477493078,931147.2172310129,1123231.5495816732,1221862.6133823015
2022-11-14,920484.4452776795,942708.2396835332,1179913.1521854347,1144779.3819392037,941869.76350408,1136166.0265826073,1235932.8679767177
2022-11-15,932221.0874873822,954728.2465115319,1194957.6416135482,1159375.8980278727,953879.0793367337,1150652.7180342993,1251691.6371129833
2022-11-16,964077.5672940983,987353.8559448818,1193165.205151128,1198994.863292288,986475.6704638904,1189973.5889828433,1294465.2772903352
2022-11-17,962631.4509431572,978338.7605032144,1180500.1861784742,1188047.3665447265,977468.593349066,1179108.461538258,1282646.0820236807
2022-11-18,969203.1639741657,976871.2523624597,1190342.0890381918,1197952.1907126312,985617.8092973571,1188938.7615038152,1293339.581516925
2022-11-21,964563.803306247,970739.0776390278,1184644.1853637884,1192217.8591687162,980899.8753614995,1183247.5752471928,1287148.651681174
2022-11-22,956550.4187314362,962674.3902391328,1174802.4212325881,1182313.174616249,972750.7742821175,1173417.413846602,1276455.3029202982
2022-11-23,975529.5487274347,981775.0273183549,1198111.9378409826,1205771.7137560698,992051.3391423499,1196699.4502148447,1301781.7370044882
2022-11-24,978481.8488989328,984746.2285344591,1201737.8516681711,1209420.8087957364,995053.640141336,1200321.0893509525,1305721.3926001848
2022-11-25,977014.1261255844,990264.2160443807,1208471.7433689535,1216197.7516504514,1000629.3848346397,1207047.042278735,1313037.9520619337
2022-11-28,958406.524893172,988778.8197203141,1187234.1287424995,1194824.3605878635,983044.380157757,1185834.4652693192,1289962.6967497487
2022-11-29,952134.190726785,980836.4580313372,1179464.222136279,1187004.779371446,976610.8024508173,1178073.7188230061,1281520.4784571615
2022-11-30,962588.1661642921,991605.5705580539,1192414.1719728871,1200037.520899487,987333.5193118008,1191008.4016020666,1295590.9568990998
2022-12-01,996876.5960907323,1026927.6317633485,1234889.2524030863,1242784.1532505,1022503.4054385434,1233433.4069736407,1341741.305823483
2022-12-02,980986.8121444049,1010558.8472405468,1215205.6491413834,1222974.708666777,1006205.1411794398,1213773.0092615755,1320354.5268129164
2022-12-05,979515.3319261882,1010558.8975503993,1215205.709639411,1222974.769551581,1006205.1912725467,1213773.0696882803,1320354.5925456956
2022-12-06,973879.1647404501,1009043.0592040737,1210025.6914232834,1221140.3073972536,1001916.0728306159,1208599.1583403028,1314726.3595750292
2022-12-07,954701.7725824241,987691.6906343636,1186198.159173022,1195300.9573905908,982186.5846828509,1184799.717033301,1288837.0871776843
2022-12-08,950949.7728316754,983810.0397529028,1181536.3733406598,1190603.3973535248,978326.5689933957,1180143.4271104578,1283771.9280162365
2022-12-09,950532.7509254296,983378.6075680675,1181018.2318312065,1190081.2796638927,977897.5414859621,1179625.8964525016,1283208.95294447
2022-12-12,952200.3296378959,985103.8098093144,1183090.1655552352,1192169.1132563069,979613.127952149,1181695.387515995,1285460.1662051314
2022-12-13,950772.029143439,987691.7558438733,1186198.2374883515,1195301.0363069065,982186.6495289017,1184799.7952563025,1288837.1722694547
2022-12-14,950772.029143439,986210.2182101074,1182054.2563171114,1191125.2545261919,978755.3824323417,1180660.6995402044,1284334.6221847506
2022-12-15,950772.029143439,986459.1847069449,1180281.1749326359,1193213.0902787424,980470.9706735265,1182730.1927448562,1286585.837774586
2022-12-16,950772.029143439,970924.4819450447,1159954.2432009699,1174422.438849413,965030.5699633748,1164104.6253857014,1266324.7576636677
2022-12-19,950772.029143439,969629.852884251,1158407.562176478,1172856.465957333,963743.799834841,1162552.4102486297,1264636.242375239
2022-12-20,950772.029143439,967903.7826482564,1156345.442483818,1170768.625292196,962028.2075569517,1160482.9121745504,1262385.0214883916
2022-12-21,950772.029143439,956252.7223250082,1142426.0315398604,1156675.5964990614,950447.873974367,1146513.6967874067,1247189.1680366322
2022-12-22,950772.029143439,954818.3432415207,1152221.1511214492,1166592.8913365598,958596.9797585702,1156343.8638633662,1257882.5229712313
2022-12-23,950772.029143439,944430.2656260391,1141394.930584844,1155631.634545055,949590.0436348156,1145478.9064945916,1246063.5127147597
2022-12-26,950772.029143439,945283.3703656814,1142425.9536900176,1156675.5176781917,950447.8092067448,1146513.6186590127,1247189.083047777
2022-12-27,954488.9328922603,950402.2852338302,1148612.438487524,1162939.166961238,955594.6906334917,1152722.2390506086,1253942.8829566196
2022-12-28,946777.547108921,942723.9157753207,1139332.7147280457,1153543.6965163173,947874.3713526214,1143409.3119122933,1243812.1868452982
2022-12-29,935638.9688294615,931633.0273571842,1125928.7776911997,1139972.571174721,936722.8892366327,1129957.4148271875,1229179.0774623943
2022-12-30,947634.4425447005,930235.5778161484,1140363.8851503546,1154587.7288040868,948732.2594858841,1128262.4787049468,1244937.9180047761
2023-01-03,939066.2848165398,920444.0680414223,1130053.1395750581,1144148.3765314666,940154.175705771,1116386.5696856086,1233681.6529680295
2023-01-04,937657.685389315,926323.0010490156,1137270.8586448529,1151456.1227486678,946158.9983861367,1123516.9995309808,1241561.253741522
2023-01-05,944317.0001713324,934301.1687819585,1147065.862825664,1149728.9385645448,954308.0081620027,1133193.5454689746,1252254.4826928223
2023-01-06,943892.5545287972,933881.2249920731,1146550.2869045604,1147490.9292670728,953879.071824282,1132684.2047894823,1251691.6272550533
2023-01-09,967659.6707234419,957396.2569518962,1175420.3036889045,1176384.6313281152,977897.6474840987,1161205.075070644,1283209.0920365038
2023-01-10,984211.7370968884,955960.1625664684,1195526.1688726938,1196506.991583026,994624.8370707979,1181067.7851300421,1305158.7120372206
2023-01-11,990153.557408825,960290.9877932541,1202743.7231914555,1203730.4672620834,1000629.5226855989,1188198.0522168376,1313038.1329516254
2023-01-12,988668.3270727118,959056.1465979529,1201197.1112627112,1202182.5864760415,999128.5784015706,1186670.1446120546,1311349.6930951858
2023-01-13,1004134.8905296674,975520.551204198,1221818.4224568855,1222820.815618867,1014758.7802967398,1207042.0670113328,1333862.0267098364
2023-01-16,1000745.4382247638,972227.6864586899,1219985.6948232,1218693.1900666892,1011333.4671050194,1202967.7025462268,1329359.5821045402
2023-01-17,1002863.8663601462,974285.7467868441,1220737.1160555219,1221272.9809342008,1013474.3085109714,1205514.2049130534,1332173.6371411197
2023-01-30,1046667.0424625154,972824.3181666639,1274056.5791082226,1274615.8495401728,1057740.9284382174,1258168.7603148439,1390360.434356596
2023-01-31,1044934.0741894742,969758.9729492824,1271947.1216207112,1272505.466067725,1055989.6251147,1256085.6083139672,1388058.4123925117
2023-02-01,1043366.6730781901,957697.3001716491,1256126.8916466762,1256678.291514465,1042855.4323204093,1240462.6607457679,1370794.0128524879
2023-02-02,1052300.8187801861,967346.7225248765,1268783.1859732585,1269340.1415528662,1053362.8781678746,1252961.1277716213,1384605.652905058
2023-02-03,1057986.513644037,972573.4012403775,1275638.5584248267,1276198.523295525,1059054.31145319,1259731.0119355754,1392086.8266423424
2023-02-06,1050551.295848255,965738.4416569137,1266673.746124982,1267229.7757273966,1051611.5894887154,1250877.993190014,1382303.6501904284
2023-02-07,1041803.9671274987,964289.8339944284,1256126.8916466762,1256678.291514465,1042855.4323204093,1240462.6607457679,1370794.0128524879
2023-02-08,1050551.273533026,970929.9130372739,1266673.7192189994,1267229.7488096033,1051611.5671509642,1250877.966619556,1382303.6208282996
2023-02-09,1048975.4466227265,974163.6568587761,1270892.4565947696,1271450.3380772856,1055114.0263524288,1255044.0952367655,1386907.4709448447
2023-02-10,1050881.2658275897,977397.4554401512,1275111.2654101884,1275670.998815976,1058616.544864164,1259210.2944027523,1391511.399022496
2023-02-13,1049142.699780782,975780.4601757752,1273001.735795348,1273560.543184538,1056865.1816594535,1257127.0711739936,1389209.2983468492
2023-02-14,1053923.5972469738,980227.0491198614,1278802.749112596,1279364.102962655,1061681.2701383212,1262855.7443378186,1395539.8644517884
2023-02-15,1042623.7362486635,978756.7085461817,1265091.7995267096,1277445.0568082111,1050298.2336369937,1249315.773879608,1380577.293609748
2023-02-16,1036973.8286112966,971994.899670653,1258236.3524736497,1268619.7386799129,1044606.7384163983,1242545.8160444626,1373096.038460881
2023-02-17,1035418.3678683797,971994.9084995555,1258236.3639025637,1268619.7502031422,1044606.7479048545,1242545.827330855,1373096.0509330977
2023-02-20,1035418.3678683797,965884.2500243845,1250326.1859442054,1260644.2948169457,1038039.5992279552,1234734.2913606835,1364463.7824433271
2023-02-21,1035418.3678683797,969550.6674443387,1255072.3216314318,1265429.5971994682,1041979.9124374475,1239421.241494455,1369643.1750886885
2023-02-22,1035418.3678683797,957329.4098356861,1239252.0425318582,1249478.763878139,1028845.678858396,1223798.2454133253,1352378.7219386394
2023-02-23,1035418.3678683797,955893.4157209325,1243998.0214577753,1254263.9082057055,1032785.8619222922,1228485.0407406418,1357557.9435125384
2023-02-24,1035418.3678683797,970241.4412631592,1242132.0244255885,1275000.1309881504,1049860.4804130823,1248795.072244411,1380001.8835578393
2023-03-01,1035418.3678683797,949201.9881876429,1242132.0244255885,1247352.058780187,1027094.5075592194,1221715.2504536454,1350076.8735155563
2023-03-02,1035418.3678683797,965790.6842347506,1261947.1814492873,1269151.3643277306,1045044.4895541847,1243066.5151982415,1373671.4457706574
2023-03-03,1035418.3678683797,969432.2090634431,1266705.367740334,1273936.7140727746,1048984.8417629197,1247753.5117210932,1378850.8896790477
2023-03-06,1035418.3678683797,972264.2886616391,1270405.895116424,1277658.3669574088,1052049.3248091799,1251398.673529299,1382879.0367089335
2023-03-07,1035418.3678683797,970805.8922286467,1274635.3887006328,1281912.005803568,1055551.8556827034,1255564.8873994688,1387482.9810356882
2023-03-08,1035418.3678683797,968949.8314351526,1274106.7411537427,1281380.3403224396,1055114.0717453763,1255044.1492310725,1386907.5306121565
2023-03-09,1035418.3678683797,970960.0474974033,1276750.0460525067,1284038.7352758225,1057303.0470521657,1257647.9062324865,1389784.8558404027
2023-03-10,1035418.3678683797,955681.9992103816,1256660.3946767126,1263834.396435606,1040666.3923839196,1237858.8268681853,1367916.6026709457
2023-03-13,1035418.3678683797,948445.1274807162,1247144.3735613832,1254264.0504187294,1032785.9790233261,1228485.1800307636,1357558.0974374176
2023-03-14,1035418.3678683797,945228.6432744624,1242914.903596016,1250010.4353262468,1029283.4677090525,1224318.9894260615,1352954.1788205567
2023-03-15,1041343.3193533899,943810.8003095507,1251902.2487017796,1259049.0872368314,1036726.0735617898,1233171.8700582562,1362737.2026479845
2023-03-16,1030789.3077632653,932846.0115062358,1239214.222959505,1246288.6283062606,1026218.8577446762,1220673.6766504452,1348925.864961609
2023-03-17,1036506.1433817523,938019.6461811184,1246086.9989530037,1253200.6394879413,1031910.3453009918,1227443.625369032,1356407.11003607
2023-03-20,1046180.7225200996,946774.9684319788,1257717.7715843206,1251320.8385287095,1041542.0280102922,1238900.3837947454,1369067.5925750795
2023-03-21,1042222.981217097,943193.282862218,1252959.7776116072,1244719.9644493894,1037601.8350643357,1234213.5767128495,1363888.3580115861
2023-03-22,1040659.6467452714,950754.6552525265,1263004.479626288,1254698.6097004374,1045920.0599821175,1244107.9945721247,1374822.3499739086
2023-03-23,1040659.6467452714,949328.5232696477,1275692.677201038,1267303.3661470287,1056427.418097248,1256606.3572415335,1388633.8747056439
2023-03-24,1050728.0351008424,958513.2824550292,1289967.0640604107,1281483.880654848,1068248.3322753045,1270667.1773699115,1404172.0191881135
2023-03-27,1048574.8336389194,956549.0518148362,1287323.6026932637,1278857.8034273644,1066059.2273938197,1268063.2662411216,1401294.5236388326
2023-03-28,1041684.7783153962,950263.6865025715,1278864.7587869563,1270454.5872392023,1059054.284285081,1259730.9796194711,1392086.790930891
2023-03-29,1039101.0913006817,947906.750893565,1275692.7951184486,1267303.4832889817,1056427.515747088,1256606.4733947187,1388634.0030626643
2023-03-30,1045560.3681889558,953799.1440587207,1273779.2559257708,1275181.31555051,1062994.497433211,1264417.8107315837,1397266.0520493772
2023-03-31,1043992.0276366724,952368.4453426326,1275014.5802219661,1278332.6265779978,1065621.4385913585,1267542.5222857129,1400719.0668202662
2023-04-06,1035147.6475181618,944300.2720994394,1266109.3674970474,1269404.2392877918,1058178.7114711413,1258689.4974074645,1390935.8835913239
2023-04-07,1038573.883709682,947425.8124759129,1270300.0641070835,1273605.8415971287,1061681.178203333,1262855.6349823733,1395539.7436067245
2023-04-10,1038573.883709682,947425.8124759129,1270300.0641070835,1273605.8415971287,1061681.178203333,1262855.6349823733,1395539.7436067245
2023-04-11,1036432.4506486118,945472.317409678,1267680.8353767768,1270979.7966919492,1059492.1002658058,1260251.7559030626,1392662.2834742565
2023-04-12,1035147.735877051,944300.3527037121,1266109.4755705358,1269404.3476425263,1058178.801795933,1258689.6048476023,1390936.0023198454
2023-04-13,1033595.0142732355,942883.9021746565,1257728.056732771,1261001.1173394932,1051173.8469210006,1250357.3042302213,1381728.2541456874
2023-04-14,1033595.0142732355,941079.4847988996,1257204.096942032,1260475.7940169943,1050735.936018151,1248481.768273876,1381152.6368307797
2023-04-17,1033595.0142732355,943824.2731120292,1260870.9063542492,1264152.1457856656,1053800.5525186204,1250247.7661604357,1385180.9592811745
2023-04-18,1033595.0142732355,943824.4071614838,1260871.0854331965,1264152.3253306407,1053800.7021877838,1250247.9437306,1385181.1560156276
2023-04-19,1033595.0142732355,941079.5700072407,1257204.2107733048,1260475.908144497,1050736.0311551373,1246611.9633703458,1381152.7618847492
2023-04-20,1033595.0142732355,932060.9040025652,1245156.021398044,1248396.3650486802,1040666.4922701379,1234665.2828840362,1367916.7339676009
2023-04-21,1033595.0142732355,930662.8126465613,1251441.9194683097,1246523.7705011072,1045920.069639668,1240898.2207534534,1374822.3626683934
2023-04-24,1033595.0142732355,916432.6913285616,1234155.4471945707,1227464.0377612137,1031472.5207737527,1223757.391160099,1355831.6062586347
2023-04-25,1033595.0142732355,920322.416292824,1239393.7208813962,1232673.9102980527,1035850.5230558275,1228951.5311331018,1361586.3246314097
2023-04-26,1033595.0142732355,906708.2663694923,1221059.611409106,1214439.2056724972,1034296.7472712437,1210771.890936192,1341444.6438150727
2023-04-27,1027619.4790768145,902818.502498232,1215821.2853264157,1209229.281023876,1028317.1551374631,1205577.6990087721,1335689.8678806915
2023-04-28,1034703.3610221394,909042.0704822663,1224202.534054401,1217565.0878531693,1035405.8465039312,1213888.3337034034,1344897.4291738404
2023-05-02,1040016.2676646912,907678.5073765429,1230488.4649018482,1223816.937307494,1040722.3602090703,1220121.3040738464,1351803.0938833375
2023-05-03,1039130.8825072212,905547.4626174456,1229440.9272265881,1222775.0792275376,1039836.3739419081,1219082.5921550747,1350652.2788121137
2023-05-04,1036031.5994073394,902846.6017400753,1227596.7658357483,1219128.0640133785,1036734.9866627381,1215446.5900509798,1346623.860590687
2023-05-05,1034477.5520082284,908248.3030357275,1233091.7989018124,1226422.0668154657,1042937.737727992,1222718.566716363,1354680.6665181718
2023-05-08,1034477.5520082284,914421.6360354178,1241473.0821570244,1234758.0161272504,1050026.5502602246,1231029.343463223,1363888.385194559
2023-05-09,1034477.5520082284,915193.2907756236,1242520.7264284766,1235799.9937430501,1050912.6381795385,1232068.1745568686,1365039.3323026244
2023-05-10,1034477.5520082284,913820.5008394602,1244616.0855641435,1237884.0191855791,1052684.8737248778,1234145.9067430696,1367341.304072308
2023-05-11,1034477.5520082284,908227.4648127462,1238853.9136353398,1232153.0145575677,1047811.2815388149,1228432.2083726523,1361010.9538777352
2023-05-12,1023319.5301387691,899778.8411146962,1227329.6964775608,1220691.1313160595,1038064.2043282419,1217004.9372657996,1348350.3926816392
2023-05-15,1021572.4657960716,898242.6918638245,1225234.3353647334,1218607.1039070643,1036291.9671106384,1214927.2031190707,1346048.4187398376
2023-05-16,1029870.8177213556,905539.2216950117,1235187.0563377629,1228505.991108367,1044709.8872566436,1224796.1980583838,1356982.5265600507
2023-05-17,1036422.2884762944,911299.7633341185,1243044.6358877693,1236321.0694021878,1051355.7559966675,1232587.6766926593,1365614.9017907532
2023-05-18,1063937.8413512672,909932.8136891173,1276045.7212416988,1269143.6535301215,1079267.771413726,1265311.1444993366,1401870.0551726015
2023-05-19,1062341.9345892402,914537.5459622269,1284426.9295941112,1277479.528344252,1086356.5205938572,1273621.846973507,1411077.6915604074
2023-05-22,1059885.5778716481,913791.5783169416,1283379.2515228929,1276437.5171115075,1085470.404087011,1272582.9823644317,1409926.7073197544
2023-05-23,1058155.265319887,912299.7710212612,1281284.075143534,1274522.8608358402,1083698.3231152815,1270505.431397124,1407624.9363270425
2023-05-24,1052531.342528294,907451.0464123443,1274474.259090191,1265850.2042283502,1077938.6431341618,1263752.902078738,1400143.639185804
2023-05-25,1064211.7123478667,917521.400982303,1288617.6200241663,1279897.8605062643,1089900.9681366377,1277777.2837388415,1415681.60451321
2023-05-26,1081515.9773961455,916145.1188808295,1309570.7636365264,1300709.2193326608,1107622.9448919988,1298554.1616231352,1438700.8303159622
2023-05-29,1079893.7034300512,932702.3576702717,1335238.1333236543,1326202.9042217145,1129332.1708383248,1324005.607738643,1466899.1278851242
2023-05-30,1072354.0439613836,927579.6521416664,1327904.5700370052,1318918.9653599337,1123129.5102493286,1316733.737145747,1458842.4394780172
2023-05-31,1071931.0425418848,927213.7585156166,1327380.7640036829,1318398.7037936228,1122686.4799089371,1316214.3375658684,1458266.9836141642
2023-06-01,1060509.6506560838,917334.3247856251,1313237.5632886353,1304351.2066504746,1110724.2904181618,1302190.114776871,1442729.1943040541
2023-06-02,1064316.7021925594,920627.4009480875,1311267.7069437024,1309033.60842052,1114711.6040779867,1306864.758590039,1447908.3498096126
2023-06-05,1072354.118138004,919246.4598466653,1319191.2395301366,1318919.0565918847,1123129.5879381776,1316733.8282265419,1458842.5403887217
2023-06-06,1070745.5869607972,914972.9570381248,1315028.0132678621,1314756.6893098117,1119585.1112494853,1312578.3572911448,1454238.5895780472
2023-06-07,1070745.5869607972,919680.012543312,1321793.1420093337,1321520.4222319636,1125344.7888671628,1319330.8838386803,1461719.883649391
2023-06-08,1070745.5869607972,926197.4572054349,1331160.219188706,1330885.5667434155,1133319.7065420258,1328680.5118714448,1472078.5718053551
2023-06-09,1070745.5869607972,923300.7862966567,1326997.0323306024,1326723.2388573831,1129775.2634011535,1324525.0802668158,1467474.6645702282
2023-06-12,1070745.5869607972,930542.3465172932,1337404.831246026,1337128.8903773385,1138636.228026257,1334913.491361934,1478984.2466191808
2023-06-13,1070745.5869607972,929146.5329975173,1355098.2819710423,1354818.690490327,1153700.0318376513,1352573.9824337112,1498550.7490567798
2023-06-14,1070745.5869607972,936305.5625150711,1367587.5581793133,1367305.389841056,1164333.119157453,1365039.99341128,1512362.1562927617
2023-06-15,1070362.4210134482,937374.4616439785,1369148.8146837773,1368866.3242183179,1165662.3376376706,1366598.341581253,1514088.6894419522
2023-06-16,1072396.6270712595,939155.9262870557,1371750.8593353806,1371467.832001469,1167877.659609027,1369195.5391009564,1516966.189925583
2023-06-19,1065480.4992191866,933099.0977823148,1362904.1284851874,1362622.9264584223,1160345.753031239,1360365.2880876055,1507182.9326381653
2023-06-20,1066701.0496311395,934168.000018466,1364465.3895281572,1364183.8653732536,1161674.9753754374,1361923.6407876299,1508909.4708063137
2023-06-21,1062225.9252581692,932766.7480184383,1358741.0562457785,1362137.5895751938,1156801.4074741309,1356209.9708881576,1502579.1521554173
2023-06-26,1060632.5863702819,929942.9419810603,1356659.6208610681,1358013.930195876,1155029.320459073,1354132.412835777,1500277.3733129748
2023-06-27,1060632.5863702819,921381.7105503532,1344169.9546003144,1345511.7959060413,1144395.9010574084,1341666.0125323215,1486465.534733047
2023-06-28,1060632.5863702819,922808.6724246449,1346251.6968964986,1347595.6163380975,1146168.2493699545,1343743.876924456,1488767.652977011
2023-06-29,1060632.5863702819,925662.3145351538,1350414.7706174182,1351762.8459206019,1149712.5961883871,1347899.1956026552,1493371.4350981044
2023-06-30,1060632.5863702819,918884.84125284,1340527.3636395317,1341865.5686647464,1141294.681490283,1338030.2070503482,1482437.3343542162
2023-07-03,1060632.5863702819,917506.5139909608,1348853.6181035626,1350200.1349587834,1148383.466243422,1346340.9512295749,1491645.0169481034
2023-07-04,1060632.5863702819,924261.5457558953,1360822.567821281,1362181.0328911322,1158573.5593563064,1358287.6049894008,1504881.015254308
2023-07-05,1060632.5863702819,926028.6922473442,1358781.333969549,1364785.4617392707,1160788.699875679,1360884.589778563,1507758.2800484197
2023-07-06,1060632.5863702819,916839.1766872106,1343282.441273128,1351241.91029006,1149269.5256763925,1347379.7489264226,1492795.9270550157
2023-07-07,1060632.5863702819,901641.0074152532,1321015.2493362783,1328842.7766119433,1130218.427910867,1325044.6371440238,1468050.2947077507
2023-07-10,1060632.5863702819,905528.9166609865,1326711.5157653892,1334572.795627079,1135091.9714159141,1330758.278441828,1474380.5816701395
2023-07-11,1060632.5863702819,904170.623285995,1325675.794268869,1333530.9370793265,1134205.8412049732,1329719.3977663566,1473229.5796291218
2023-07-12,1060632.5863702819,911985.6684630944,1339139.7488555138,1347074.6708144844,1145725.1704436224,1343224.420383429,1488192.1340044679
2023-07-13,1060632.5863702819,926092.1791141144,1359853.4396334286,1367911.098237283,1163447.1422671946,1341209.5837528538,1511211.3534012777
2023-07-14,1060632.5863702819,927150.0911775345,1361406.854499374,1369473.7176882927,1164776.1943796242,1340730.6050903765,1512937.6704539387
2023-07-17,1060632.5863702819,931029.4411328386,1367103.2068703747,1375203.8231545573,1169649.811413806,1346340.4446001006,1519268.0529239431
2023-07-18,1066370.1037164493,937469.9659655006,1376560.3322454295,1384716.9856623097,1177741.0256365945,1355653.9406976176,1529777.7996516307
2023-07-19,1059450.9171784592,936063.7610165523,1367628.4635758102,1375732.1922095213,1170099.204263862,1346857.7240145379,1519851.7731055226
2023-07-20,1050496.7324319223,926762.2668262239,1356069.6478450221,1364104.8860162254,1160209.850942372,1335474.456802646,1507006.4082631548
2023-07-21,1037065.4468134799,914913.0070219389,1338731.4132780835,1346663.9156905187,1145375.8115739084,1318399.545180669,1487738.3488077512
2023-07-24,1033809.1990255921,912040.3016739988,1334527.9744146473,1344643.919816983,1141779.4836235389,1314259.9456831273,1483067.0479538403
2023-07-25,1032258.4852270536,917067.2354324795,1341883.5525770471,1350030.2091791679,1140066.8143981036,1321503.8116353746,1491241.335642406
2023-07-26,1042012.4048018939,927121.2997590941,1356594.9968803357,1364830.9675549257,1150839.4262746118,1335991.8271447092,1507590.2310513505
2023-07-27,1042415.9028641861,925730.6178094555,1357120.3106386308,1365359.470524974,1151285.065382526,1336509.1627455207,1508174.014636034
2023-07-28,1044433.7424927729,926133.385716863,1359747.3342057525,1368002.4429118317,1153513.6467216497,1339096.288618358,1511093.4379537094
2023-07-31,1051698.0072775355,932574.8456832931,1369204.6738857888,1377517.1986758455,1161536.5860635212,1348409.9957661182,1521603.422839504
2023-08-01,1041205.3898214594,923270.7003514557,1355544.3448153317,1363773.9369173804,1149948.1272336424,1334957.1317674995,1506422.6366012187
2023-08-02,1039643.5817367273,926133.4374193923,1359747.410115311,1368002.5192822416,1153513.7111179603,1339096.3633750465,1511093.5223123492
2023-08-04,1039643.5817367273,910745.5880666698,1357707.789000138,1345272.947246147,1134347.9035833112,1316847.0715604562,1485986.471276584
2023-08-07,1041349.5741772719,909379.4696845697,1359935.7056296368,1349501.6797385628,1137913.614056718,1320986.450123334,1490657.5228183852
2023-08-08,1045020.6673464751,911218.4979174305,1364729.9176822386,1354259.1084840738,1141925.1266162803,1325643.3534859626,1495912.5714450325
2023-08-09,1034415.5873495651,901971.2692577178,1350880.3638854255,1340515.8145657957,1130336.6406689186,1312190.458007074,1480731.7496830663
2023-08-10,1035231.2199735638,902682.470057583,1351945.5277415959,1341572.8060155741,1131227.9066663624,1313225.115024562,1481899.3008464498
2023-08-11,1036047.017378815,903393.8145404682,1353010.9067915059,1342630.0110080307,1132119.3527251761,1314259.9810725306,1483067.0878887542
2023-08-14,1034492.9468527468,893790.7851440877,1338628.471022725,1328357.92362305,1120084.9827201508,1300289.4656344259,1467302.1616599374
2023-08-15,1034492.9468527468,892450.0989663716,1334367.1134780785,1324129.2610909455,1116519.3312379937,1296150.1555535842,1462631.1873961904
2023-08-16,1023871.810081177,883287.3157963554,1322648.1700624335,1312500.2305722916,1106713.6138060445,1284766.8486827188,1449785.7778009432
2023-08-17,1019335.8375686934,879374.1628551097,1316788.5539620407,1306685.5720282379,1101810.6342709232,1279075.054990193,1443362.9147312262
2023-08-18,1024284.0355317377,883642.9399166248,1323180.6871534102,1313028.661957531,1107159.1925529158,1285284.1142113223,1450369.4823131547
2023-08-21,1024284.0387138915,883642.9426618475,1323180.6912641493,1313028.6660367306,1107159.1959925387,1285284.1182043278,1450369.4868190326
2023-08-22,1022634.6821990531,882220.0539032758,1321050.0354978198,1310914.3576001602,1105376.3895015125,1283214.4855109975,1448034.0249045703
2023-08-23,1021100.7301757545,880896.7238224208,1321050.0311710993,1308947.98606376,1105376.3858811695,1283214.4813081964,1448034.0201619505
2023-08-24,1021100.7301757545,896601.4080184347,1346618.6999089718,1332283.9960570084,1126770.7327827832,1308050.8502707893,1476060.4395322062
2023-08-25,1021100.7301757545,890217.4714166914,1337030.5726429883,1322797.9340340386,1118747.9560411286,1298737.3318831255,1465550.6676513648
2023-08-28,1021100.7301757545,885606.6624844986,1330105.5316222291,1315946.6098064606,1112953.492065514,1292010.627585928,1457959.9672596569
2023-08-29,1028962.81493335,893764.1330285079,1342357.3553203398,1328068.0133163095,1123205.0921414513,1303911.5527748954,1471389.4794698516
2023-08-30,1035087.5262274991,899084.0991151538,1350347.4897893362,1335973.093113662,1129890.7632013236,1311672.845698167,1480147.6538491512
2023-08-31,1033454.3575820335,897735.472966481,1348216.9016748753,1333865.1850270762,1128108.0133173722,1309603.2787191211,1477812.2660894936
2023-09-01,1024879.597445518,888953.3672288473,1337030.4990446647,1322797.8612191663,1118747.8944584127,1298737.2603926954,1465550.5869785107
2023-09-04,1028146.0887001345,891786.6350654328,1335024.9532960977,1327013.8761111277,1122313.5622914708,1302876.5894550472,1470221.582661804
2023-09-05,1026603.8695670844,896390.9049009079,1339907.7886780198,1333865.2122052002,1128108.036303098,1309603.3054028975,1477812.2962006065
2023-09-06,1026603.8695670844,896744.8998135383,1340436.93342725,1334391.9706725986,1128553.538933218,1310120.4825687322,1478395.9010004965
2023-09-07,1026603.8695670844,887536.7141957496,1326672.7156497035,1320689.8253295976,1116965.0364858997,1296667.5679352973,1463215.057623722
2023-09-08,1026603.8695670844,886205.409124456,1313967.0167723922,1308041.4252886355,1106267.7324389669,1284249.2318469626,1449201.676858738
2023-09-11,1027957.379312398,887373.8127250633,1317672.9450389817,1311730.6409462357,1109387.863163505,1287871.343718034,1453289.0225757193
2023-09-12,1025066.2920642181,884878.1108934813,1313967.0448476507,1308041.4532372833,1106267.756076358,1284249.2592872474,1449201.707823527
2023-09-13,1034152.3099558764,892721.5239583324,1325613.8311784095,1319635.7161051135,1116073.5303004165,1295632.6320872006,1462047.1918159726
2023-09-14,1039934.4000203284,897712.8547365058,1333025.5233331984,1327013.9837832206,1122313.65335446,1302876.6951686735,1470221.7019535745
2023-09-15,1049020.2953849696,905556.1620311484,1344672.1526043955,1338608.09029978,1132119.2953454235,1314259.9144612565,1483067.0127217479
2023-09-18,1047446.7649418921,904197.8277881017,1340436.93342725,1334391.9706725986,1128553.538933218,1310120.4825687322,1478395.9010004965
2023-09-19,1039682.0517611086,897495.0176535441,1332496.0372675774,1326486.8855386646,1121867.8633599656,1302359.1844059469,1469637.720708706
2023-09-20,1033073.1013557164,891789.908047476,1324025.7552128222,1318054.801878974,1114736.4821287612,1294080.4733854323,1460295.6696522266
2023-09-21,1022746.5114708917,882875.5837545034,1310790.8050886877,1316077.7196761556,1103593.5857882318,1281144.856042309,1445698.5666289318
2023-09-22,1011593.7578158127,873248.0819412369,1296497.012072985,1299776.609478222,1091559.218269422,1267174.3434904136,1429933.6436570366
2023-09-25,1014072.0860862031,875387.4737591658,1299673.3317889497,1302960.9639600222,1094233.455875715,1270278.8248839783,1433436.8730378794
2023-09-26,1012550.9779570738,874074.3925485271,1298614.562753254,1301899.5166796797,1093342.04687888,1269244.0018606917,1432269.1345464634
2023-09-27,1012550.9779570738,867072.4935084699,1290144.1411588064,1293407.6684468181,1086210.5481650769,1260965.1544564315,1422926.9295887414
2023-09-28,1018502.1537642743,873476.8857719613,1299673.4356737237,1302961.0681075815,1094233.543339382,1270278.926419207,1433436.9876145672
2023-10-02,1025554.8555557472,879525.3481874072,1308673.131093344,1311983.5290079326,1101810.653356162,1279075.077145954,1443362.9397327327
2023-10-03,1028458.9685086517,882015.9423689294,1312378.9636683033,1315698.735795701,1104930.7035150838,1282697.0954896377,1447450.1799094162
2023-10-04,1013108.8292458013,868851.5206836871,1310410.3952228008,1296061.4343176398,1088439.1946711768,1263552.3559806119,1425846.4382746224
2023-10-05,1015597.9809249042,867548.2434026615,1311662.5064467443,1299245.7847075716,1091113.4288410973,1266656.8333849444,1429349.6631538451
2023-10-06,1014074.5839535169,876156.977342692,1326665.2305275144,1314106.4870035267,1103593.5246228017,1281144.7850362998,1445698.4865027189
2023-10-11,1014074.5839535169,891019.099226293,1349169.2576193667,1336397.4819769515,1122313.6191915192,1302876.65550944,1470221.6572004019
2023-10-12,1014074.5839535169,895265.3649273517,1355598.896611984,1342766.2554360472,1127662.1485677606,1300922.340526176,1477228.1869160328
2023-10-13,1016558.0251879401,898804.0323655058,1360957.0997353983,1348073.7356662797,1132119.3983204074,1304108.2641597702,1483067.1476181343
2023-10-16,1010954.9431128184,893849.9887811632,1353455.7528947915,1340643.3995741932,1125879.3630735716,1296920.257712641,1474892.7525072554
2023-10-17,1014156.6487708099,892509.2137979915,1357742.1624636904,1344889.2322762415,1129445.0356601947,1301027.6187333972,1479563.75441768
2023-10-18,1010554.7126683923,888007.3166296118,1352919.9286217294,1340112.647627943,1125433.6348035603,1296406.8154720492,1474308.852120954
2023-10-19,995746.5821620723,874994.9303922588,1333094.960595277,1320475.350675614,1108942.1297603871,1277409.9605050362,1452705.1154650904
2023-10-20,994252.9622888291,877456.7256304327,1336845.6186985823,1324190.5035496564,1112062.134642279,1281003.9490514125,1456792.296329235
2023-10-23,994252.9622888291,878160.0586794012,1337917.1788992565,1325251.91993302,1112953.517691669,1282030.7488774436,1457960.0008297104
2023-10-24,994252.9622888291,870774.6625464793,1326665.1887164286,1314106.445588241,1111284.0874151315,1271248.768028434,1445698.4409401896
2023-10-25,994252.9622888291,869468.5005526595,1330951.6991113694,1312135.2859198588,1113204.8851872298,1275356.2256636056,1450369.5527231374
2023-10-26,973979.6357191972,851739.5929986566,1305768.6324094501,1285380.176139997,1092141.8271549288,1251225.0863284678,1422926.9691845716
2023-10-27,976377.7096468462,853836.6948642497,1308983.617197721,1288544.9617006746,1094830.8329050962,1254305.777286579,1426430.4141649487
2023-10-30,978375.9642509489,855584.1570295641,1311662.58304661,1291182.097797568,1097071.5136692624,1256872.8394692277,1429349.746626531
2023-10-31,978376.0336329837,855584.2177037548,1311662.6760638368,1291182.1893624107,1097071.5914686532,1256872.9286010116,1429349.8479896034
2023-11-01,975178.638044699,852788.113640439,1307376.0783656172,1286962.5232074566,1093486.2911894047,1252765.3873093256,1424678.6410702078
2023-11-02,973715.870087632,851508.9314699783,1319699.6501617157,1299093.673009021,1103793.6977884057,1264574.1885025322,1438107.9287940164
2023-11-03,973715.870087632,863006.0931733587,1339524.6489524317,1318609.1214622161,1120375.2803637846,1283571.0729487478,1459711.698974426
2023-11-06,973715.870087632,873707.3968694523,1337515.361979003,1334959.9175653115,1134267.9703732869,1299487.396107762,1477812.1716397195
2023-11-07,971873.3303049812,873362.1819343846,1334984.412920803,1334432.4548210201,1133819.8040361986,1298973.9490902866,1477228.2658210178
2023-11-08,973025.8530496092,874397.8825216838,1336567.5409392787,1336014.9282847878,1135164.3754651228,1300514.373108853,1478980.0776284595
2023-11-09,974946.4167006672,876123.7737551695,1339205.665125051,1338651.9617207367,1137404.9690019349,1303081.3353584614,1481899.2964434884
2023-11-10,973409.809407183,874809.5880945367,1337094.9509798875,1336542.1202642408,1135612.3117429563,1301027.5565562465,1479563.6837081444
2023-11-13,993001.0815612691,891079.7693559381,1364005.9095785632,1363441.952349807,1158468.142499826,1327212.6069781054,1509342.0304195685
2023-11-14,991511.5799389272,890734.9210200275,1363478.0385795052,1362914.2996024908,1158019.814723924,1326698.975006361,1508757.9142658755
2023-11-15,1003053.3390362891,902455.2378254295,1381418.7235041063,1380847.5668327252,1173257.074177,1344155.7199094016,1528610.196151943
2023-11-16,1002286.9996024414,901765.75601114,1380363.3103956732,1379792.590091794,1172360.6979555257,1343128.7759839788,1527442.3277777464
2023-11-17,1000754.506519292,900386.9595344259,1378252.740043814,1377682.8923691504,1170568.16282209,1341075.137096324,1525106.8741570194
2023-11-20,1004202.665097054,899036.3790951242,1383001.591012705,1382429.779894325,1174601.4243514622,1345695.8904452,1530361.7196919336
2023-11-21,1007267.8618809156,900429.9247121816,1387223.0217817996,1386649.4652850595,1178186.7409746696,1349803.450461534,1535032.9479055048
2023-11-22,1005756.9600880942,899059.855906899,1385112.2623146256,1384539.5785252918,1176394.0452231118,1347749.6275598449,1532697.2850190469
2023-11-23,1005015.9088550609,899745.0162387233,1386167.836057604,1382462.7691575037,1177290.5578736162,1348776.7277867852,1533865.3311435517
2023-11-24,1004633.2703268663,899402.4573740022,1385640.082003219,1379866.6257902083,1176842.3294203617,1348263.209605196,1533281.3443950969
2023-11-27,1003867.9622049021,898717.3118329641,1384584.5310472655,1378815.4729296216,1175945.836123177,1347236.1315506133,1532113.3234855963
2023-11-28,997746.8383186499,897369.2358652146,1376141.973096802,1370408.0920350803,1168775.4607178078,1339021.3069165612,1522771.2029937396
2023-11-29,1004633.3424885103,902209.613819501,1385640.181532141,1379866.7249044296,1176842.413951583,1348263.3064493805,1533281.4545289197
2023-11-30,1003126.3924747775,902209.4671903522,1385639.9563347618,1379866.5006453658,1176842.2226884898,1348263.0873265758,1533281.2053365468
2023-12-01,1003126.3924747775,900148.0031256549,1382473.8989163132,1376713.6350319972,1174153.248519946,1345182.4325503218,1529777.8015031551
2023-12-04,1003126.3924747775,905645.2680544672,1390916.7608158246,1385121.3186091417,1181323.8820732357,1353397.5529345649,1539120.2583301186
2023-12-05,1003126.3924747775,897399.5126680403,1388830.385674601,1372510.0104329155,1170568.1169769901,1341075.0845733478,1525106.814426472
2023-12-06,1003126.3924747775,896053.4133990383,1384626.5021676675,1370408.0607465697,1168775.4340328781,1339021.2763446588,1522771.1682265464
2023-12-07,1003126.3924747775,896083.6772743245,1386750.277320905,1372510.027294699,1170568.1313578445,1341075.101048942,1525106.8331629627
2023-12-08,1003126.3924747775,899857.2590163639,1392590.1510514296,1378289.932577116,1175497.6202441293,1346722.6277748113,1531529.353119792
2023-12-11,1003126.3924747775,899171.3286370564,1391528.627258673,1377239.3093512927,1174601.5786548106,1345696.06722464,1530361.9207302881
2023-12-12,1003126.3924747775,905003.2422648146,1400553.9092113643,1386171.9125617004,1182219.898696361,1354424.084881924,1540287.658191732
2023-12-13,1003126.3924747775,902944.9885899104,1397368.622025739,1383019.3344273514,1179531.1697091067,1351343.7110004888,1536784.573799516
2023-12-14,1003126.3924747775,901590.5711070256,1408517.6407227833,1394053.866171417,1188942.1546543457,1362125.5162182392,1549045.9339564242
2023-12-15,1003126.3924747775,907026.9084237075,1419136.1214611062,1404563.3079406589,1197905.307832675,1372394.2577227612,1560723.824198575
2023-12-18,1003126.3924747775,907026.701159563,1419135.7971752097,1404562.986984787,1197905.0341000918,1372393.9441178185,1560723.4675585625
2023-12-19,1002748.4143736907,908044.9608296274,1420728.968298795,1406139.79816563,1199249.8438870932,1373934.6412141104,1562475.5899173708
2023-12-20,1000874.5617731507,906348.0821441392,1418074.0285015858,1403512.121392727,1197008.7858046745,1371367.1467523824,1559555.765856342
2023-12-21,990757.2937444588,897186.3281895798,1403739.5298752442,1389324.820749885,1184908.9091755492,1357504.781257893,1543791.1093334432
2023-12-22,993755.0338674276,895840.5486972954,1407986.832759082,1387240.83351876,1188494.094973853,1361612.1913931428,1548462.1670981967
2023-12-25,996752.9278443025,897197.2648815754,1412234.3536285067,1389341.7566049788,1192079.464775712,1365719.8123342223,1553133.4645970345
2023-12-26,995257.798452536,900570.0393709121,1417543.2730683268,1394564.617415044,1196560.770465591,1370853.8727275413,1558972.0567695368
2023-12-27,995257.798452536,906641.2376753836,1427099.6495184908,1403966.0831207435,1204627.3920533159,1380095.4923061754,1569481.8762105536
2023-12-28,1003749.229396385,915748.1666943197,1441434.4212794094,1418068.485408066,1216727.499237745,1393958.1219390514,1585246.833118761
2023-12-29,1003379.5649280542,915410.9115819351,1440903.5644942974,1417546.2339159974,1216279.3983466693,1393444.749900567,1584663.0125681933
2024-01-02,1002640.2794830509,914037.7952145622,1439841.913380284,1416501.7923756433,1215383.2492843554,1392418.0662226994,1583495.4401545466
2024-01-03,988591.4480038596,899880.6263026112,1419667.0841701657,1396654.00112062,1198353.4981350885,1372907.7321963923,1561307.7612411592
2024-01-04,980088.103379073,892140.3255928786,1417537.5835439104,1384640.7166469418,1188045.890480241,1361098.700661199,1547878.2115662203
2024-01-05,978617.9712240044,892140.3914533166,1415414.5663412164,1384640.8188652156,1188045.9781853033,1361098.8011415314,1547878.3258351688
2024-01-08,978617.9712240044,895169.1888658826,1420219.868306369,1389341.6446205438,1192079.3686911128,1359057.152939819,1553133.3394105763
2024-01-09,978617.9712240044,900890.131141536,1429296.3601990475,1398220.7966835247,1199697.8360614202,1365694.2183311295,1563059.2688233368
2024-01-10,978617.9712240044,899538.7959448238,1413812.7644822206,1383073.843160399,1186701.4856940687,1350899.625874109,1546126.6168738632
2024-01-11,978617.9712240044,898530.6736304611,1414346.632514868,1383596.1039082177,1187149.5945267393,1351409.7373568227,1546710.4477713557
2024-01-12,978617.9712240044,896834.7815174368,1411677.1863072354,1380984.6964303313,1184908.9613536913,1348859.07861772,1543791.1773151685
2024-01-16,978617.9712240044,895817.1553090828,1410075.3754362396,1379417.711909453,1183564.4612981216,1347328.5465977027,1542039.4584984612
2024-01-17,978617.9712240044,902475.4605144596,1420555.9876421997,1389670.456096325,1192361.4946735776,1357342.7828980435,1553500.9149938708
2024-01-18,961367.4967414833,887897.0300536497,1397608.575122281,1367221.963041352,1173100.296009697,1335416.5054115828,1528405.933411621
2024-01-19,989930.4238594635,886565.1845085692,1439132.5417697788,1407843.1213567902,1171340.6455656826,1375092.7004623876,1573815.9846466526
2024-01-22,1005715.1987787574,899352.7366737757,1462079.9961598583,1430291.6553715884,1188235.714163149,1397019.017955832,1598911.0120175467
2024-01-23,1006466.7805948699,900024.8326746873,1463172.6243115957,1431360.5277533722,1189123.6955291512,1398063.0253367824,1600105.8954633512
2024-01-24,1008345.9675533774,901705.2805150973,1465904.5325739095,1429213.4869617422,1191343.9235424094,1400673.3666367026,1603093.4735821327
2024-01-25,1006833.4486020473,907754.6402135565,1475738.991784435,1436646.82307882,1199336.4107483895,1410070.203050921,1613848.3058555012
2024-01-26,1006833.4486020473,911787.5499586785,1482295.3032562486,1443029.4585580835,1204664.7398852685,1416334.7657546184,1621018.1998681633
2024-01-29,1005325.5291972244,910419.8686337406,1482295.4046769964,1443029.5572922064,1204664.8223101392,1416334.8626622527,1621018.3107805285
2024-01-30,1010513.5992500068,913747.5484272451,1489944.9193615806,1450476.437147576,1210881.6001664205,1423643.9822183405,1629383.7171180039
2024-01-31,1002361.1130433716,906375.7383987322,1477924.5413946174,1438774.47771262,1201112.6118514175,1412158.4980676984,1616238.3935033793
2024-02-01,995691.1028118572,900344.4435190251,1468089.9900695186,1429200.4426046063,1193120.0497837155,1402761.5736379055,1605483.4604947525
2024-02-02,1000508.3646706938,904700.4078691446,1475192.7691287363,1436115.0698030903,1198892.494362767,1409548.2867125168,1613250.9641084669
2024-02-05,999007.6021236877,905370.547566197,1472979.9799750433,1437178.8448488836,1199780.5512775008,1410592.3829167653,1614445.949213982
2024-02-15,999007.6021236877,904012.4917448477,1548068.4074960153,1512707.8932996595,1262833.4439028897,1484724.2147451264,1699291.0377402909
2024-02-16,999007.6021236877,903610.5359513345,1549701.1518810885,1514303.3430272564,1264165.3515917433,1486290.150147767,1701083.2763048408
2024-02-19,988051.4108277474,895041.1222918361,1535004.521318798,1499942.4084917824,1252176.6071041753,1472194.8794443938,1684951.0094886245
2024-02-20,984898.0737123042,892184.6247858953,1530105.5993837616,1495155.3862620767,1248180.322166974,1467496.4126402948,1679573.537731894
2024-02-21,990854.3683409943,897580.223203894,1539359.104904984,1504197.5259859192,1255728.8492145876,1476371.2812521148,1689730.9693568489
2024-02-22,1001715.8306343285,907419.240985987,1556233.1192990672,1520686.1092048408,1269493.789837731,1492554.841131989,1708253.3171366516
2024-02-23,1005219.7531491512,906058.112124508,1561676.6993027611,1526005.3485869784,1273934.37841246,1497775.6795699103,1714228.6517334355
2024-02-26,1003711.9235194275,906277.5789251431,1564398.0535106086,1528664.5424383236,1276154.3172018153,1500385.6808267832,1717215.8406674128
2024-02-27,1003952.2917980956,907854.355610871,1567119.8535808465,1531324.1719678044,1278374.619702448,1502996.109702154,1720203.5190177239
2024-02-29,997326.7048203797,901862.9673294369,1556777.64013183,1521218.1922560795,1269937.9815253757,1493077.081145364,1708851.0293349603
2024-03-01,1001162.4952662233,905331.5973549063,1562765.1192291596,1527068.907151907,1274822.2546054053,1498819.563297987,1715423.3936565127
2024-03-04,1011275.2949578699,914476.4036594353,1578550.6991830452,1542493.9176236212,1287699.3071960036,1513959.225529864,1732750.9835816626
2024-03-05,1030454.5646513524,913104.6890539462,1608488.5902157025,1540180.1767471856,1312121.0768367338,1542672.1115621317,1765613.3491427081
2024-03-06,1028908.8828043754,907109.1054953053,1600323.901253172,1530067.1206477613,1305460.749533998,1534841.5070811973,1756651.0948180389
2024-03-07,1055323.342812279,931792.2798119176,1643870.0122759517,1571701.487700492,1340983.3951000446,1576605.7890602334,1804450.9955402194
2024-03-08,1087472.3011434267,960178.0360647165,1693948.2265847991,1619581.1882503107,1381834.5897461774,1624634.8923321008,1859421.0862345358
2024-03-11,1075241.8608521416,949379.2321533478,1674896.9527086832,1601366.295789182,1366293.554425505,1606363.1625373156,1838508.7939879782
2024-03-12,1063710.0009651307,939197.2361918495,1656933.8527894604,1584191.8047066014,1351640.1946486875,1589135.0805657345,1818790.97366753
2024-03-13,1087122.8887050634,937788.4403375617,1693403.9491998123,1619060.8055136483,1381390.5966505278,1624112.8858050539,1858823.641265131
2024-03-14,1085492.2043720058,932470.8981723933,1686327.5428752415,1612295.0647526118,1375618.0335479914,1617326.0333813552,1851055.9781641173
2024-03-15,1079668.1620989328,928859.0700981662,1683798.0515609286,1606050.0091801272,1370289.7215945355,1611061.4908803566,1843886.1072737735
2024-03-18,1070571.8405116533,921033.3314985872,1667111.2032026583,1592518.8633321708,1358744.8817882605,1597488.1227545058,1828351.1664550386
2024-03-19,1073370.6100160847,923441.1661746152,1671469.4908200402,1596682.1460389118,1362297.0149525644,1601664.396473344,1833130.979723451
2024-03-20,1078968.327077224,928256.9887084336,1680186.3433205914,1605008.9763123477,1369401.5072609803,1610017.2095974367,1842690.9103427054
2024-03-21,1088414.560060007,926864.603225371,1694896.1649670622,1619060.6294973625,1381390.4464725722,1624112.7092395308,1858823.4391830151
2024-03-22,1086781.938219917,937078.3531921748,1716143.7359076133,1639357.5103879787,1398707.8445024367,1644472.9240528604,1882126.0365375665
2024-03-25,1083087.1772070858,935293.3821924278,1712874.7810869652,1636234.8199488155,1396043.5497494412,1641340.4896419018,1878540.9143525923
2024-03-26,1090666.2066034558,941838.2071954769,1724860.8230154046,1647684.5647715125,1405812.528022684,1652825.9619863592,1891686.2244548462
2024-03-27,1084465.2679924008,936483.4241564452,1715054.1965595975,1638316.7208109398,1397819.837745731,1643428.88681984,1880931.1189255817
2024-03-28,1083776.302837301,935888.4724630942,1713964.615716935,1637275.8915958689,1396931.7971696625,1642384.8098251016,1879736.155805664
2024-03-29,1081020.3667606597,934484.6397543995,1709606.1730141607,1633112.4607427942,1393379.5376061823,1638208.3874976574,1874956.1724522824
2024-04-01,1079398.8362105188,940815.9685705927,1723770.8959488608,1646643.4048238182,1404924.2052639239,1651781.5532269871,1890490.8816249033
2024-04-02,1079398.8362105188,942302.8275356494,1726495.1313955013,1649245.7485238658,1407144.537634553,1654392.0172207714,1893478.60016881
2024-04-03,1079398.8362105188,943492.2110272527,1728674.3297886397,1646771.87990108,1408920.648704642,1656480.2063850434,1895868.566666772
2024-04-08,1079398.8362105188,943492.081880929,1728674.0931656638,1644305.1966939669,1408920.455849926,1656479.9796440841,1895868.3071580522
2024-04-09,1079398.8362105188,951520.6675999407,1743384.1351509097,1658297.3069335734,1420909.574644129,1670575.690423009,1912001.0776479025
2024-04-10,1079398.8362105188,950093.3865985408,1773348.6439319083,1686799.3812689101,1445331.534536946,1699288.8001363026,1944863.6992155241
2024-04-11,1079398.8362105188,944590.1037929594,1765721.3855663426,1679544.3754719177,1439115.0936382345,1691980.0767441473,1936498.7462941199
2024-04-12,1079398.8362105188,947795.91348596,1771714.0025864209,1685244.5194995676,1443999.253548447,1697722.4258420365,1943070.9583323628
2024-04-15,1079398.8362105188,934097.8244130717,1746108.1776680043,1660888.401047023,1423129.7497714784,1673185.969544508,1914988.5846024689
2024-04-16,1079398.8362105188,922731.2841626107,1724860.714753086,1640677.932326697,1405812.4397856959,1652825.8582453683,1891686.1057215931
2024-04-17,1079398.8362105188,909033.0178176865,1722273.4236809562,1616321.4986726171,1384942.665928762,1650346.6194580004,1863603.3685673168
2024-04-18,1080546.6416672266,907669.4682909601,1724104.8457349062,1620467.314507058,1388495.0020443895,1652101.5563652175,1868383.4549306226
2024-04-19,1064996.965183373,893267.6904401612,1699294.003202411,1597147.8745850895,1368513.7747204818,1628326.8818353775,1841496.3617209035
2024-04-22,1039425.8070851063,871819.8459081477,1658493.027207288,1558799.4828595843,1335655.012454424,1589229.8651373994,1797281.0295252474
2024-04-23,1051520.0411294724,881963.9015868357,1677790.4149527822,1576936.8868430485,1351196.020011717,1607721.3416894095,1818193.28441291
2024-04-24,1064305.7070944766,892687.8967536503,1698191.0416320702,1596111.2130512414,1367625.5128310418,1627269.9829284004,1840301.100797795
2024-04-25,1062709.248533835,893267.6694041999,1699293.9631849749,1597147.8369731382,1368513.7424927375,1628326.843489178,1841496.3183546802
2024-04-26,1062709.248533835,891927.7679000936,1720245.1782342815,1616839.6551770004,1385386.6475568835,1648403.07903618,1864200.7981058129
2024-04-29,1062709.248533835,898013.6029467843,1734580.793976338,1630313.543844968,1383308.5675855482,1662140.0006262416,1879736.0640352378
2024-04-30,1062709.248533835,905435.218395512,1748916.2022322908,1643787.2374990126,1392651.9156833242,1675876.723395381,1895271.1051154574
2024-05-02,1052754.4267981278,898299.0757475545,1735132.2061551667,1630831.810129541,1381675.79886419,1662668.3843385752,1880333.6201492522
2024-05-03,1060783.0902640487,905149.8101518354,1748364.9147503423,1643269.0884156758,1392212.9286313157,1675348.4591722481,1894673.6841333574
2024-05-06,1063793.8207891337,907718.8199599768,1753327.1503535854,1647933.0394635662,1396164.3283096468,1680103.4583728183,1900051.1754869153
2024-05-07,1072156.945279566,906357.2417300369,1767111.1120050873,1645461.1399043708,1407140.417715856,1693311.7644417095,1914988.6231466525
2024-05-08,1070484.3215011563,903587.8927651561,1764354.3215202193,1640433.4798441415,1404945.2013041214,1690670.1049962933,1912001.135614569
2024-05-09,1068878.5950189047,907823.519009782,1772624.8456484044,1648123.117073042,1411530.97211242,1698595.2296300603,1920963.763660614
2024-05-10,1070597.1579963767,910647.0593286117,1778138.1173548996,1653249.1597168006,1415921.158671349,1703878.2521733225,1926938.4035814025
2024-05-13,1084540.0786947194,922506.8701244484,1801295.696819596,1674780.2480037084,1434361.4060445132,1726068.7083801597,1952033.88338074
2024-05-14,1083544.0067198812,921659.6139852079,1799641.3364162832,1673242.0829309556,1433044.0483678197,1724483.4385493465,1950241.0808062975
2024-05-15,1099478.5525567268,920277.1245642301,1826106.7750022223,1697848.7001991502,1454118.324939255,1749843.6087187428,1978921.231960547
2024-05-16,1121720.3019426686,937487.5121673297,1863047.7495643198,1732195.0957675425,1483534.2105748558,1785241.8281012045,2018953.5454544611
2024-05-17,1120037.7214897545,929719.0469184204,1860253.1779399733,1717841.3073371325,1471240.9439330683,1770448.4693390795,2002223.5407840356
2024-05-20,1116357.7146867304,928054.3495283158,1854141.1120525314,1714765.4470001669,1468606.6309460448,1767278.4138734068,1998638.4832187453
2024-05-21,1110684.1751459797,923337.8030497597,1844718.0187420566,1706050.6869920823,1461142.896265966,1758296.7731065496,1988481.0271336325
2024-05-22,1116024.0774866214,927776.9890992596,1853586.9792319362,1714252.9683071328,1468167.7198354173,1766750.2410359187,1998041.1655858767
2024-05-23,1136715.8884235548,926385.3236156107,1887953.6852046296,1746036.3312594553,1495388.5025186723,1799506.9375066855,2035086.1459554948
2024-05-24,1130041.0740858521,919566.2244669477,1876867.5902047618,1735783.577289241,1486607.5567091699,1788940.2032597286,2023136.0867332888
2024-05-27,1128346.0124747234,932873.6866147487,1904028.5969365635,1760902.8929371608,1508120.9325413564,1814828.7726809883,2052413.811575412
2024-05-28,1134527.6795827905,939391.4311999638,1917331.5470099135,1773205.8611312571,1518657.779258076,1827508.506900053,2066753.490353961
2024-05-29,1131247.9295132908,936675.7908791401,1911788.8278786603,1768079.7878313784,1514267.5664437888,1822225.4527618578,2060778.8147020459
2024-05-30,1102056.4191377652,912505.1556411899,1862455.6959021494,1722455.024130425,1475192.3502830097,1775203.476568071,2007601.0412170412
2024-05-31,1103696.4393909862,911136.3979077281,1865227.3008844028,1725018.2877490395,1477387.6510769143,1777845.237556531,2010588.6435854933
2024-06-03,1106320.3987520018,911934.6575534596,1869661.745412717,1729119.3953747554,1480900.0345716288,1782071.9374778403,2015368.674311513
2024-06-04,1104660.9181538739,912475.4216747143,1870770.4279070462,1730144.7382791394,1481778.1869690928,1783128.6804772436,2016563.7589166889
2024-06-05,1104660.9181538739,905175.4914895212,1855804.004492396,1727549.5211717207,1469923.7555423663,1768863.403222094,2000430.9685922496
2024-06-06,1104660.9181538739,934104.4217656108,1915114.5195878767,1780090.9543378726,1516901.7418390105,1825395.342653566,2064363.6850175546
2024-06-07,1104660.9181538739,937078.3928461537,1921211.798504956,1785758.3496478428,1521731.2039496035,1831206.9765920376,2070936.1385419269
2024-06-11,1102051.6235100068,935672.7752568845,1919548.7580615869,1784212.5604954653,1520413.9621243791,1829621.8461735058,2069143.4936306733
2024-06-12,1103006.4579709654,935080.835274194,1921211.8846017483,1785758.4296744517,1521731.272144154,1831207.0586553721,2070936.231348435
2024-06-13,1138648.8154300703,965296.8735785484,1983293.5888844428,1843463.1147432511,1570904.2298965806,1890380.3627594071,2137856.101943313
2024-06-14,1138967.1659474599,965566.7572819117,1983848.0904406742,1843978.5216258778,1571343.433071063,1890908.8870580255,2138453.8170482125
2024-06-17,1140558.3467037762,966915.6910256229,1986619.6022097059,1846554.6302498966,1573538.6600337178,1893550.5592001115,2141441.3189391275
2024-06-18,1138847.5091837205,984721.5899259064,1983639.6728063913,1880559.213447015,1602515.6127880253,1928420.5795469,2180876.2851723
2024-06-19,1151161.2628178776,983244.5075410175,2005087.715703184,1903744.0411033442,1622272.5276638747,1952195.4750492654,2207763.6282827645
2024-06-20,1171100.2973131617,998776.9240433394,2039817.4398702497,1936718.4117078877,1650371.5863575817,1986009.0632717027,2246003.8614834603
2024-06-21,1165804.0683231957,994260.0168990381,2030592.4910899748,1927959.7219346706,1642907.8824716406,1977027.4595616134,2235846.4473063354
2024-06-24,1162065.4357619267,991071.5112362528,2024080.5570419347,1921776.9222781148,1637639.2193476488,1970687.3039251082,2228676.281618099
2024-06-25,1133714.7388019657,966892.5216406394,1974699.4355239195,1874891.6837438233,1597686.0361544574,1922608.8077948184,2174303.675792697
2024-06-26,1132014.1666937629,982834.6651209502,2007258.3198125206,1905804.9357995617,1624028.715878202,1954308.820758375,2210153.638837646
2024-06-27,1132014.1666937629,981360.4131232688,1992606.7092097565,1891893.8653964414,1612174.418841348,1940043.705224081,2194021.031405457
2024-06-28,1132014.1666937629,988963.7151625605,2011056.9279209564,1909411.5498615236,1627102.0864491828,1958007.2253232715,2214336.213372528
2024-07-01,1137943.6417399487,995635.1097000228,2024623.2034048375,1922292.1415234935,1638078.2626273416,1971215.6358109973,2229273.779120904
2024-07-02,1134283.6120070298,992432.7946020026,2018111.298200913,1916109.3692531774,1632809.6228404916,1964875.5082577283,2222103.64519237
2024-07-03,1144348.5805391537,1001239.062048856,2036018.836047444,1933111.8017149463,1647298.2192540106,1982310.662879386,2241821.2916674037
2024-07-04,1162648.3966321193,1017250.3465579477,2068577.7703574146,1964025.101263811,1673640.9394489494,2014010.7245447978,2277671.3097899235
2024-07-05,1174848.345110329,1015724.4710381108,2090283.8530343736,1961079.0636119153,1691202.8552365997,2035144.2221225554,2301571.461125638
2024-07-08,1173086.0725926636,1010516.9330026951,2082686.4857885155,1951024.7682735554,1685055.9919003956,2027747.2659477727,2293206.145760754
2024-07-09,1205205.5318883406,1039742.4768010143,2142920.6522044255,2007451.0961801577,1733790.1358672576,2086392.5143324628,2359528.831173218
2024-07-10,1202153.6370939147,1037109.5776244558,2137494.2181147286,2002367.7063446518,1729399.7269699555,2081109.224233683,2353553.888670363
2024-07-11,1224737.7798724484,1056593.1361774844,2177650.0460560634,2039984.9931704286,1761888.927309991,2120205.780952868,2397768.7006699312
2024-07-12,1209783.3861611842,1043691.8359884241,2151060.324820007,2015076.2010564804,1740375.7665930458,2094317.4703950197,2368491.2685798565
2024-07-15,1206426.2115299546,1042126.2982344416,2145091.0866610627,2009484.3217336475,1735546.186819304,2091175.9941894272,2361918.6549267657
2024-07-16,1204616.5722126598,1040061.9227504072,2144053.0818510363,2008511.936735825,1734706.3598762227,2087033.5284801177,2360775.727738288
2024-07-17,1201894.4054443843,1039268.1804794542,2140837.0022282596,2006979.1041313154,1733382.487003458,2085440.7706873221,2358974.0585815227
2024-07-18,1154161.4053074773,997993.8489105614,2052734.978896352,1927272.323387254,1664541.5421461964,2002617.9002739068,2265287.867389378
2024-07-19,1155079.344760693,998787.5835855979,2054367.5810744003,1928805.1413229362,1665865.4023498264,2004210.6428244058,2267089.5193046173
2024-07-22,1134578.558079191,981060.7224101318,2017905.8854029875,1894571.9754960139,1636298.9908227085,1968639.1515327392,2226852.3539237734
2024-07-23,1124175.1308457921,979589.1313265166,1999402.8589768773,1877199.849480449,1621295.0782580927,1950587.872477665,2206433.4095866005
2024-07-26,1122488.8681495234,948038.1620221141,1937907.859709388,1819463.4093976321,1571429.42001807,1890594.260259581,2138570.837370552
2024-07-29,1122488.8681495234,968005.2846707951,1978723.1406408295,1857784.0704275013,1569072.2758880428,1930413.044972822,2183612.385182922
2024-07-30,1122488.8681495234,954427.6367687461,1950968.740406956,1831726.0122890288,1544746.690369658,1903336.2623919528,2152984.122517341
2024-07-31,1122488.8681495234,952297.8027052061,1946615.0948081256,1827638.460435173,1541299.5415299318,1899088.9101047355,2148179.6734991604
2024-08-01,1122488.8681495234,985043.844677182,2013552.0754635367,1890484.2693459955,1594299.2012319192,1964391.6389172417,2222047.723548127
2024-08-02,1122488.8681495234,983566.2789101662,1938996.4164006757,1820485.4337724906,1535267.1905182777,1891656.240075703,2139772.109961067
2024-08-05,1122488.8681495234,918696.6613672666,1813829.527002891,1702968.7137765558,1436161.9951676023,1769545.2730942883,2001644.6659087841
2024-08-06,1125179.3499769098,922280.0237994615,1820904.3416384368,1709611.117486904,1441763.7233075204,1776447.3576672715,2009452.0506528914
2024-08-07,1142329.361033431,936337.4383846954,1848658.609962511,1707046.7008106736,1463739.1210928801,1803524.0115588906,2040080.1677499155
2024-08-08,1150399.9467049472,942952.6859408778,1861719.429545745,1716532.2303479158,1474080.4748044251,1816265.9540690214,2054493.385454214
2024-08-09,1176965.784967743,964728.0073114369,1904711.5536306584,1756171.590324342,1508120.9696707237,1858208.434782988,2101937.1802373156
2024-08-12,1192098.2416347913,963280.9153004697,1929200.7659906694,1778750.9981796115,1527511.1469500354,1882099.748342683,2128962.157261325
2024-08-13,1190310.094272339,972962.3860970353,1951513.1155930222,1799323.307099745,1545177.7181711693,1903867.3467760985,2153584.8656804776
2024-08-14,1190310.094272339,978660.1292809907,1962941.3277332403,1809860.2839194604,1554226.3987137196,1915016.541599306,2166196.4256594023
2024-08-15,1190174.7506300802,980016.6744739765,1965662.2096232648,1812368.9763599408,1556380.75065563,1917670.993749005,2169199.044505692
2024-08-16,1205991.095564792,993040.2088390298,1991784.0808157688,1836453.7192633708,1577063.6417933248,1943155.1051304378,2198025.735965737
2024-08-19,1209286.100617212,995753.3901530663,1988796.404694545,1841471.272299842,1581372.490081515,1948464.187355495,2204031.174921291
2024-08-20,1216535.2899858034,994259.7600678366,1997721.8656092323,1852510.1604197905,1590852.1894157177,1960144.455461487,2217243.4655059
2024-08-21,1205991.0786490256,984165.8533209158,1980406.7891651029,1836453.693504456,1577063.61967273,1943155.077874882,2198025.7051352523
2024-08-22,1204182.092031052,979325.6501582477,1970666.9966576293,1827421.8733641817,1569307.4998135506,1933598.4921411378,2187215.6461053416
2024-08-23,1181909.7795238295,962654.0560408566,1937119.2586774125,1796312.6751633105,1542592.3232243927,1900681.7915096702,2149981.4824814405
2024-08-26,1204359.4860698266,980939.1243581169,1973913.7413488633,1830432.6165673984,1571892.9903112224,1936784.165139156,2190819.162478032
2024-08-27,1191153.726874189,970183.161531664,1952269.8469446455,1810361.987624946,1554657.2392323643,1915547.395225701,2166796.907797841
2024-08-28,1191814.0603804076,968727.8867893665,1953352.1163142766,1811365.5882953233,1555519.0862321167,1916609.3069666284,2167998.1033841944
2024-08-29,1185211.1108831547,961918.0137534274,1942530.054548821,1801330.1675882055,1546901.1194620945,1905990.8096015058,2155986.848891848
2024-08-30,1183433.29421683,969688.4262084855,1958221.8905622591,1815881.3852281396,1559397.0490044772,1921387.4801226903,2173402.997486675
2024-09-02,1183433.29421683,974779.25589692,1968502.4857179583,1825414.6978023038,1567583.8279517824,1931474.6959359602,2184813.285787011
2024-09-03,1175814.397274945,969956.4209346249,1958763.0882553502,1816383.2439916173,1559828.0226799336,1921918.497816236,2174003.665211853
2024-09-04,1110852.2238135214,916367.625447166,1850544.0463691643,1716030.4981483335,1473649.6098163351,1815735.07029297,2053892.8692115902
2024-09-05,1122870.2655929867,914993.0740089953,1870564.6352353022,1713456.452401111,1489592.6688474151,1835379.0692582943,2076113.4398541837
2024-09-06,1123844.6443500612,914415.4426724521,1872187.8311646606,1712374.754442051,1490885.2736101323,1836971.7326594577,2077915.0022385994
2024-09-09,1106954.5185234786,900672.8030984211,1844050.9456989162,1686639.6804616826,1468478.938365427,1809364.105697426,2046686.2678924475
2024-09-10,1105294.0867456933,916529.6857693512,1876516.5640506342,1716333.97946706,1494332.3871986633,1841219.0415124483,2082719.4021255767
2024-09-11,1096955.7738930455,910979.8302728641,1865153.7070379849,1705941.0748861711,1485283.767234203,1830069.9213296177,2070107.926577107
2024-09-12,1120823.3749225999,930800.9603971529,1905735.7848189236,1743058.99880284,1517600.6219476876,1869888.6449081148,2115149.405236098
2024-09-13,1139280.8768441186,929404.7589565573,1937119.072049734,1771763.3562774917,1542592.1746065815,1900681.6083924824,2149981.275345999
2024-09-16,1136735.1088550056,925939.0588304469,1932790.5031911177,1767804.2812781914,1539145.1916384764,1896434.4604814732,2145177.0575106833
2024-09-18,1136098.6229026238,925420.6027722885,1929891.317436331,1766814.444171174,1538283.3863810133,1895372.6001726761,2143975.920102468
2024-09-19,1134394.47496827,922828.4326386976,1921603.147359357,1761865.468948386,1533974.5432028621,1890063.5242438759,2137970.4882690087
2024-09-20,1134394.47496827,949269.0193766548,1976660.3095540756,1812345.8779873,1577925.4939201048,1944217.0231885547,2199226.938697863
2024-09-23,1129292.859248969,946417.452540916,1970722.4996506753,1806901.6621801204,1573185.4677358689,1938376.6716426422,2192620.547385554
2024-09-24,1133314.0043128817,944997.8263621046,1977739.7768670411,1813335.6120987302,1578787.209504087,1945278.7730075293,2200427.9511240465
2024-09-25,1161151.905865897,966759.9262914378,2026319.5394009799,1857877.0702119088,1617567.3911166675,1993061.1870340693,2254477.6641292544
2024-09-26,1172905.774034364,976546.043565829,2046831.1474110852,1876683.6036604363,1633941.367486812,2013236.1342789067,2277298.82397842
2024-09-27,1176617.4621721695,979636.3466798267,2053308.3931183896,1882622.4134304328,1639112.0136937194,2019607.0677704366,2284505.3901138436
2024-09-30,1174852.5359789112,960836.8498351959,2013904.82791962,1846494.3601575342,1607656.9934365929,1980850.2404777135,2240665.0895589036
2024-10-01,1156428.6274130745,947187.7654455922,1985296.4778614182,1820264.1449539436,1584819.5616949643,1952711.4444895242,2208835.5163056776
2024-10-04,1157057.5013927366,945766.9837974239,1986376.0959781322,1821254.0173332137,1585681.3976623418,1953773.342637078,2210036.6965157054
2024-10-07,1168376.565094485,953588.6878259458,2005808.0754078005,1839070.668808569,1601193.5297121434,1972886.3814423815,2231656.6645129328
2024-10-08,1175608.158288441,959490.86497562,2018222.8982139458,1850453.4809336003,1611104.0162604046,1985097.4374963287,2245469.3629429406
2024-10-09,1188499.3561088585,970012.2163800643,2040353.835672266,1847677.8007121999,1628770.6685683639,2006865.1358396492,2270092.1843765103
2024-10-11,1186716.6070746952,970268.788888702,2040893.5182590284,1845398.4220050755,1629201.4855924936,2007395.9605176328,2270692.6337695685
2024-10-14,1204056.2265224268,985922.46619935,2073819.949497542,1875170.8641762107,1655485.9488479826,2039781.9642317495,2307326.4925185503
2024-10-15,1209697.1795613747,984443.5825000509,2083535.7091843935,1883955.9612105677,1663241.8312464827,2049338.25738191,2318136.2205886496
2024-10-16,1206249.859671171,980167.9244340069,2077598.1785250057,1878587.1805214174,1658502.0279767474,2046264.2499958372,2311530.1399624767
2024-10-17,1215965.2242087848,988062.3823007613,2094331.5472422917,1893717.6770169185,1671859.9170235142,2059655.7656772737,2330147.640946509
2024-10-18,1249184.8660524676,1015055.817479473,2151547.775565421,1945453.2215301155,1717534.403884328,2115924.666707397,2393806.262537034
2024-10-21,1247311.088753389,1013782.5325185404,2148848.8762751757,1943012.8470339396,1715379.930515779,2113270.4530078243,2390803.4744528844
2024-10-22,1233867.5075803713,1004360.2176816657,2145625.602960763,1924954.0640212116,1699436.8172230073,2093629.2588611494,2368582.8281832887
2024-10-23,1230739.0804024264,1002853.6773551431,2136979.9755989737,1920073.4114607202,1695127.955620333,2088320.9363437619,2362577.370670729
2024-10-24,1226359.207050513,997788.1054402033,2129375.0317097795,1913240.380396309,1689095.4456601574,2080889.1570454685,2354169.58559881
2024-10-25,1220102.1896515859,992697.2825391407,2118510.729843206,1903478.8209122317,1680477.4978915239,2070272.235358888,2342158.357589568
2024-10-28,1238247.3940073857,1007460.5500817255,2150016.951575286,1931787.1154840596,1677956.7816446866,2101061.060345304,2376990.638354709
2024-10-29,1236390.0229163747,983788.4800078179,2099498.4951120024,1886396.3555561388,1636076.100852303,2051692.9092588737,2321139.033096726
2024-10-30,1236390.0229163747,982261.2872182581,2096239.319965531,1883467.9914097786,1633536.32357785,2048507.9455384347,2317535.792291464
2024-11-01,1191030.2806826634,980787.8952874307,2022363.0780334736,1817090.2950850273,1575966.7877447824,1976313.8658153105,2235860.5592935723
2024-11-04,1222381.5469713463,1005097.3447519128,2075597.3613427833,1864921.2214987031,1617450.6653808632,2028336.0043638605,2294714.6966867866
2024-11-05,1225580.700257029,1007727.8331463595,2081029.5065962404,1869801.996137423,1621683.7729759538,2033644.4596566507,2300720.3044119678
2024-11-06,1241576.3826365382,1020880.2060097865,2108190.0901489346,1894205.7411021686,1642849.1997382122,2060186.5966556214,2330748.1852571405
2024-11-07,1247014.7658613278,1025351.8904462232,2117424.435921997,1902502.7873981318,1650045.2479666285,2069210.676352914,2340957.3854394075
2024-11-08,1245144.2437125358,1049025.9224741391,2166312.992504161,1946429.0846446913,1688142.631325304,2116986.040382492,2395007.0250170557
2024-11-11,1239850.2149825287,1047452.3835904279,2160338.0479835896,1943509.4410177243,1683486.5365689686,2111147.1453632233,2388401.3156157043
2024-11-12,1217091.9173538245,1026685.6511058317,2120683.5674015805,1904977.531333624,1652584.991212788,2072395.5974007605,2344560.5779679418
2024-11-13,1208674.6370357762,1019585.2005969953,2106017.1418028404,1891802.9061042648,1641155.886375184,2058063.1263486664,2328345.842395374
2024-11-14,1199010.2605465446,1011432.7541573282,2089177.7526674203,1876676.341048798,1628033.456336984,2041607.170144921,2309728.747166809
2024-11-15,1197451.5543317145,1010117.8975863185,2086461.8340017344,1874236.6729556462,1625917.0225166539,2038953.0929538752,2306726.1135186707
2024-11-18,1195655.3770002169,1006961.9512904556,2079943.0291055818,1868380.9304727947,1620837.1137091243,2032582.7212611034,2299519.129313238
2024-11-19,1195655.3770002169,1005451.5083635199,2071794.9445381255,1861061.6310435878,1614487.5562030936,2024620.1685991164,2290510.8651117976
2024-11-20,1195655.3770002169,1007894.019760522,2079943.1319925112,1868381.0228945457,1620837.1938858174,2032582.8218052974,2299519.2430617684
2024-11-21,1195655.3770002169,1000260.456053866,2076823.2172945226,1854230.3232307443,1608561.335774679,2017188.4944701751,2282103.1990209827
2024-11-22,1195655.3770002169,1006051.4994665266,2085718.4813019745,1864965.4554994567,1617874.1587209627,2028867.0788551678,2295315.5164906145
2024-11-25,1195655.3770002169,1025003.8073510038,2125009.888192119,1900098.2489253227,1648352.1702250242,2067087.5015229266,2338555.376859209
2024-11-26,1195655.3770002169,1000787.0244662893,2074804.3155677458,1855206.448110681,1609408.1328101293,2018250.4056320763,2283304.5695752436
2024-11-27,1187898.2743670468,999285.8439295898,2064435.537440775,1845935.1043526933,1601365.159446502,2008164.2541315956,2271893.8171006204
2024-11-28,1174395.9394718707,986447.714809371,2040969.9759549813,1824953.1444394905,1583163.1221686595,1985338.3044110658,2246070.165507964
2024-11-29,1161521.4164537222,975633.6074170853,2018595.4819265034,1804946.7730996045,1565807.4166754934,1963573.6824127587,2221447.2244075267
2024-12-02,1183816.199839546,994360.3735646302,2057341.3443580011,1839591.7626444884,1595862.2539640553,2001263.4307818895,2264086.7177217496
2024-12-03,1220241.2513479514,1024956.0250094387,2120644.046626114,1896194.4892483694,1644965.623903442,2062840.6617388558,2333750.8052073647
2024-12-04,1218410.8894709295,1027066.0641356263,2125009.7382284016,1900098.114833807,1648352.053899439,2067087.3556468403,2338555.211825409
2024-12-05,1223146.8818724984,1025525.4650394229,2136469.606690729,1910345.067621734,1657241.376794045,2078234.8571239873,2351166.6999693415
2024-12-06,1227833.218924171,1027912.7707481302,2144655.227588752,1917664.3201208047,1663590.8935877646,2086197.3587314049,2360174.9064112836
2024-12-09,1225646.3495261692,1026081.9756959047,2140835.4246919155,1914248.8062279758,1660627.9048365974,2082481.673985557,2355971.245688303
2024-12-10,1223147.0043236592,1023989.5833313952,2136469.820576066,1911377.4330186339,1657241.5427030895,2078235.065179352,2351166.935348343
2024-12-11,1205963.4449866498,1009603.9161111381,2106455.3122595465,1881702.6140634941,1633959.5428419674,2049038.676329502,2318136.223257352
2024-12-12,1204154.4998191698,1019543.0308537403,2127192.455523962,1900227.1640322295,1650045.169216745,2069210.5775979857,2340957.273715125
2024-12-13,1200808.7383663547,1018013.7163074596,2124463.9422079925,1897789.7752068955,1647928.6845496113,2066556.4366433865,2337954.5679294495
2024-12-16,1215306.1413172577,1028761.0873811286,2150112.6644739164,1920701.852882736,1667824.181151984,2091506.0397113657,2366180.7694628336
2024-12-17,1215923.084532908,1029283.3320664857,2151204.1568774628,1921676.8861991467,1668670.8425638517,2092567.780796861,2367381.947604779
2024-12-18,1214072.3456959387,1027716.6748813955,2147929.8403273234,1918751.9297684026,1666130.982951237,2089382.7138216759,2363778.589984461
2024-12-19,1198958.1117296598,1014922.4206260616,2121189.824161936,1894864.996100422,1645388.9789149323,2063371.5627615657,2334351.428761193
2024-12-20,1197159.6745620654,1011789.143810623,2118008.039425693,1889015.1533538154,1640309.32057333,2057001.5051612535,2327144.7998975683
2024-12-23,1201227.683793316,1010271.4600949071,2125205.138057836,1898277.2737404236,1648351.9995171446,2067087.2874496654,2338555.134671989
2024-12-24,1224672.2229013436,1028446.408611738,2166683.0823676432,1935326.2332195698,1680523.1303009773,2107430.9370376305,2384197.062551941
2024-12-25,1224672.239987953,1028446.4229606079,2166683.112597175,1935326.2602212143,1680523.1537476124,2107430.9664404774,2384197.095816225
2024-12-26,1224055.309312261,1027928.3413662732,2165591.642379251,1934351.3364020747,1679676.5874167155,2106369.344589627,2382996.052567853
2024-12-27,1219119.6073461792,1023783.4731590324,2156859.426730411,1926551.540411208,1672903.7047113152,2097875.9282903043,2373387.2071077307
2024-12-30,1217290.92793516,1026632.9954119754,2162862.667741886,1931913.7596985581,1677559.9396072514,2103714.999049213,2379993.1153283776
2024-12-31,1206573.3204788142,1025093.0459188574,2147035.5273052217,1917776.6298463903,1665284.0900347927,2088320.682421874,2362577.083401615
2025-01-02,1200132.5790050847,1018093.9132659303,2135574.5571912816,1907539.4538144364,1656394.7302899805,2077173.134733364,2349965.5429774416
2025-01-03,1202279.6300857745,1019915.2950657089,2139395.1248028297,1910952.0639855275,1659358.0396425738,2080889.2215238803,2354169.6585450866
2025-01-06,1218534.925168909,1033704.9523685714,2168320.591210847,1936788.890055344,1681793.2152107044,2109023.665029981,2385998.9614109113
2025-01-07,1257179.4978285725,1066487.8339383584,2237086.6322210194,1998212.143047291,1735129.5445692828,2175909.165462317,2461668.44640113
2025-01-08,1255293.7285818297,1054519.5040592495,2211981.619364292,1975787.8252675785,1715657.5898863066,2151490.697805672,2434043.133592147
2025-01-09,1238260.0360126484,1052937.7248031606,2185239.1116554574,1972824.143529677,1694915.5611453804,2125479.515765159,2404615.9373198603
2025-01-10,1230837.9061066327,1045058.8284755968,2172140.789743494,1958061.9438921905,1684756.2382982527,2112739.3928347738,2390202.6708477107
2025-01-13,1230837.9873319077,1045058.8974409663,2172140.9330870914,1958062.073108328,1684756.3494784401,2109570.2837455217,2390202.8285816163
2025-01-14,1204242.0129430247,1022477.2417256887,2125205.263876347,1915752.224627685,1648352.0971045212,2060895.2995570444,2338555.273121459
2025-01-15,1212282.6839491087,1029304.27734109,2139395.1660418315,1928543.618053463,1659358.071628376,2074655.806916546,2354169.703924084
2025-01-16,1210464.259923185,1039282.1821457341,2160134.1076514246,1947238.5997572695,1675443.6133287328,2094767.1759252222,2376990.6342522963
2025-01-17,1219783.8538464599,1037723.2588725155,2180030.537938957,1965174.1052039133,1690875.686242729,2114061.5285011935,2398884.47328803
2025-01-20,1220712.5729441028,1036957.9237786889,2181690.36970968,1966670.3495720783,1692163.0852655985,2115671.132783887,2400710.93608007
2025-01-21,1221641.395542923,1037746.9301139871,2178417.8341551153,1968166.7606893212,1693450.6277627589,2117280.916449063,2402537.602422408
2025-01-22,1240216.81715727,1053526.181558962,2208228.9832773544,1998093.3230344849,1719200.0494085392,2149474.8039863906,2439068.9029105394
2025-02-03,1190682.45216884,1011448.2564088864,2120032.130176773,1918289.3060473613,1716621.2493344264,2063624.5977957144,2341652.28381838
2025-02-04,1188896.4284905868,1018548.802498301,2134915.1316115735,1931756.037087841,1726083.1101958111,2078111.608352164,2358091.098024921
2025-02-05,1199989.3055413452,1017020.9792945536,2158066.991940547,1952704.7602001026,1744801.4351033156,2100647.4689080208,2383663.1664111977
2025-02-06,1213782.146727187,1027170.0025123926,2182872.1090784995,1975149.4157615346,1764856.4214136747,2124792.5981956674,2411061.3168305624
2025-02-07,1211636.5552032436,1025354.2835574037,2179013.4661517437,1971657.9623269897,1761736.7009688052,2121036.621885488,2406799.3059424898
2025-02-10,1215008.2890165094,1028207.6323554411,2185077.2097321386,1977144.6784476151,1766639.2496573692,2126939.0279052425,2413496.9303800664
2025-02-11,1210717.1502944995,1024576.2319564874,2177360.003594514,1970161.8437086274,1760399.8732180828,2119427.1528797755,2404972.996653006
2025-02-12,1208901.0745690577,1027170.035732262,2182872.1796751157,1975149.479640158,1764856.4784911787,2124792.666913925,2411061.394807082
2025-02-13,1202823.0085869946,1025629.2806786635,2175155.065338011,1968166.727965928,1758617.1762727941,2117280.8812464485,2402537.562477021
2025-02-14,1189715.6343084876,1012933.4175508159,2151452.017298825,1946719.2683132738,1739453.215010449,2094208.4983895344,2376356.6872985926
2025-02-17,1187277.169881998,1010857.2894124008,2147042.359177007,1942729.2344368987,1735887.9976895794,2089916.1677033505,2371486.0601676004
2025-02-18,1206480.7210463192,1027207.346643761,2181769.5811284897,1939815.1405852435,1763965.0253835223,2123719.405122312,2409843.534771807
2025-02-19,1204956.7761041317,1025909.8477171822,2179013.717184559,1934463.2023416946,1761736.9039293332,2121036.866239092,2406799.5832173275
2025-02-20,1203149.3409399756,1022276.4603328448,2171296.4689605227,1927612.0601965117,1755497.4934630997,2113524.9502470037,2398275.6030043005
2025-02-21,1198602.3902832326,1020743.0456423454,2166335.325737607,1923207.7056343583,1751486.3993462706,2108695.8077815347,2392795.840602152
2025-02-24,1196467.4602604765,1017398.8174080441,2162476.6864058594,1919782.121050146,1748366.6818079723,2104939.8349707103,2388533.8336848957
2025-02-25,1183353.0451866572,1006247.1640365457,2138773.8964889403,1898739.4931283907,1729202.9292379909,2081867.703368224,2362353.243611861
2025-02-26,1176643.2800650848,1000541.6122129405,2126646.7713237475,1887973.3941372521,1719398.1245350193,2070063.2436927224,2348958.3945739563
2025-02-27,1189147.7686107792,1011174.623373906,2149247.1895161537,1908037.3694146692,1737670.607383472,2092062.3342906702,2373921.375144956
2025-03-03,1187364.046957863,979275.555844867,2146023.3187318793,1847845.379339002,1682853.1003309288,2026064.9920573097,2299032.3535022754
2025-03-04,1161723.2703667914,977806.6425110997,2099680.5777538153,1810653.615621892,1648982.1522646449,1985286.1848569699,2252759.5056625744
2025-03-05,1180562.0713056184,992174.742377021,2133729.53368713,1840015.6365987968,1675722.4675450507,2017480.0921300119,2289290.8285453706
2025-03-06,1189039.422431622,999299.3263984101,2149051.3663163832,1853228.3756897063,1687755.4542828016,2031967.163624519,2305729.711900022
2025-03-07,1173026.4846731815,985841.6414690533,2120109.831562102,1828270.7249404928,1665026.2473860024,2004602.415993382,2274678.1709099542
2025-03-10,1170200.7209728109,983466.796944078,2115002.5901817027,1823866.5097616457,1661015.2802070829,1999773.4263543566,2269198.581924226
2025-03-11,1168445.4198913516,953912.6728778778,2051444.7261594574,1769057.565242954,1611100.1719191049,1939678.3096402865,2201006.9799002204
2025-03-12,1168445.4198913516,952481.803868561,2066766.7808355032,1782270.495815288,1623133.333041094,1954165.5910840756,2217446.101490167
2025-03-13,1186556.674890848,967245.5579460497,2101950.4902079855,1812611.068215317,1650764.8258597562,1987432.4283779343,2255194.9079386787
2025-03-14,1160288.4222520925,945832.4630492735,2055417.0479549898,1772483.0857234022,1614219.8310774004,1943434.212164714,2205268.9070615456
2025-03-17,1169578.5273396354,953405.4792135494,2071874.197753284,1786674.8623683,1627144.43807813,1958994.7466968887,2222925.878810973
2025-03-18,1173102.270498389,956277.9293794554,2078116.4058303572,1792057.8128722801,1632046.750276887,1964896.8679955835,2229623.1801676364
2025-03-19,1169898.8259752276,953666.5770937002,2072441.5974303016,1787164.1578771404,1627590.0448768572,1959531.2334139685,2223534.645224995
2025-03-20,1168143.9777362647,952236.0772280596,2070738.9587152733,1784483.4116403246,1626252.8791752819,1957921.3575335313,2221707.8742434336
2025-03-21,1176303.4178504662,958887.4090799615,2088330.7940449594,1796947.9586564226,1640068.6103829609,1974554.7578784858,2240582.256699929
2025-03-24,1178860.6124836288,960971.9577594062,2092870.667191429,1800854.3875643192,1643633.9954569526,1978847.2905304434,2245453.1130071073
2025-03-25,1180458.812911422,962274.7630085802,2095708.0058557296,1803295.835028184,1645862.2966885464,1981530.0458560286,2248497.310164765
2025-03-26,1183974.9713715168,965141.0303547011,2101950.3595525133,1808667.1989733186,1650764.7232496052,1987432.3048408085,2255194.7677576626
2025-03-27,1160321.1094535233,945859.1086794863,2059956.8674893007,1772533.0194386272,1617785.1740471341,1947726.6941254,2210139.705847927
2025-03-28,1158580.627789343,944440.3200164671,2033285.2887111278,1749582.9010109096,1596838.6749253597,1922508.2311660121,2181523.6138289045
2025-03-31,1121006.6798995163,913811.1600614449,1970294.7948719088,1695381.4116482488,1547369.1502730309,1862949.5732819166,2113940.7465746463
2025-04-01,1121006.6965617829,913811.1736440267,1967339.352679601,1695381.4368478283,1547369.1732726058,1862949.6009721728,2113940.777995551
2025-04-02,1141993.3110750865,930918.8349078146,2001168.5953000335,1727121.048018095,1576337.8140923635,1897826.2928360389,2153516.3312440864
2025-04-07,1022854.0953589138,833800.1050424713,1792395.3436113424,1546937.989928151,1411885.3176955944,1699834.2959467066,1928849.3001431308
2025-04-08,976360.6447173652,795900.0328771374,1710922.6831249082,1476622.501720594,1347708.598232225,1622568.9632897764,1841174.176058378
2025-04-09,974896.1037502891,794706.1828278217,1725633.0898450804,1489318.4100668407,1359296.1128615006,1636519.7102270522,1857004.477006302
2025-04-10,1026416.3739420647,836703.9681352613,1819552.7493623472,1570376.3584855467,1433277.4411371178,1725589.2667175455,1958074.1825125457
2025-04-11,1003756.1045204536,818231.9933836715,1779382.3501226802,1535707.044667079,1401634.8701526474,1687493.3061623927,1914845.6354533972
2025-04-14,1075566.8949117837,876770.004663241,1906683.0483652465,1645574.7069312735,1501910.7314026249,1808220.071907438,2051837.6576588224
2025-04-15,1047161.7886639268,853615.0105339023,1856328.640075054,1602116.020530366,1462246.128389916,1760466.0144843052,1997649.799195651
2025-04-16,1045565.9614595665,852314.1398655806,1853499.6791865511,1599674.4681763924,1460017.7314254579,1757783.1439014792,1994605.4712523932
2025-04-17,1043997.6125173771,851035.6686557822,1825210.5430234836,1575259.3526222934,1437734.1341480552,1730954.8863833568,1964162.7005298093
2025-04-18,1043080.2069690443,850287.8270564406,1826342.0620933166,1576235.917218766,1438625.4415078317,1732027.9727023295,1965380.3614513942
2025-04-21,1038879.5324379975,846863.5626563386,1818987.048994652,1569888.12725195,1432831.8340637616,1725052.7796698273,1957465.415723339
2025-04-22,1018198.8032365378,830005.2499617198,1782776.903923317,1567533.295061072,1404308.7895467866,1722465.2005003225,1918498.6145497747
2025-04-23,1035971.3201159923,844492.8748421369,1813895.0239962966,1592505.609805186,1428820.80192281,1749905.7296796413,1951985.7379896308
2025-04-24,1059237.0089530032,863458.369416784,1854631.206930951,1628269.8624147791,1460909.0456182654,1789204.8506208183,1995823.141508934
2025-04-25,1057648.1534395737,862163.1818626588,1880657.1624228954,1651119.2994401637,1481409.9159028535,1814312.6810262422,2023830.437006059
2025-04-28,1059876.5419275714,863979.6975942755,1887446.5009775478,1657079.986024622,1486757.936615106,1820862.5101400274,2031136.6437345315
2025-04-29,1062100.4552784057,865792.5653277524,1891406.8843868037,1660556.9969391369,1489877.564886795,1824683.1819693795,2035398.5287000716
2025-04-30,1066548.4515051795,869418.4389865082,1899327.9530985584,1667511.2838147525,1496117.0592340918,1832324.816871353,2043922.6235073425
2025-05-02,1092918.2358737532,890914.2995165958,1946287.721778294,1708739.521429558,1533107.6752595243,1877627.9723406562,2094457.4105316678
2025-05-05,1109439.1029506926,904381.6168658129,1943368.2901956267,1734569.320563692,1530808.013746635,1906010.7379792805,2126117.8324570474
2025-05-06,1107774.9442962667,903025.0444405142,1888778.6826317485,1688373.6855826683,1487807.3076284672,1855249.2173656286,2069494.3454908922
2025-05-07,1118156.5894216052,911487.8514384015,1909339.3169154318,1706752.7758396012,1504003.097118275,1875444.8607271865,2092022.1920729496
2025-05-08,1119783.6046963783,912814.1456901104,1912117.5720030784,1709236.24985641,1506191.5526847562,1878173.796427486,2095066.2666630994
2025-05-09,1124014.0485766777,916262.6771744881,1919341.3838600903,1715693.5939386638,1511881.8117757898,1885269.371688556,2102981.24258296
2025-05-12,1142237.9325839104,931118.243054762,1950460.082771407,1743510.5069812392,1536394.280107779,1915835.6536630085,2137077.334426961
2025-05-13,1177058.2017689014,959502.6863842529,2009918.3997991434,1796660.1209523082,1583230.1107885318,1974238.47086226,2202224.5388150658
2025-05-14,1175292.614466248,958063.4323546764,2021032.1940908704,1806594.708843244,1591984.5426945887,1985154.9738656504,2214401.6851663953
2025-05-15,1180308.2038973896,962151.9910391564,2032701.4829661746,1817025.8517016936,1601176.542489564,1996617.110352153,2227187.4750344236
2025-05-16,1176113.6215307405,958732.6927894937,2025477.6631460995,1810568.5005012813,1595486.277125957,1989521.5272693797,2219272.4903896055
2025-05-19,1178694.9301407887,960836.8984625911,2029923.137491116,1814542.296887844,1598988.0157241365,1993888.0858689924,2224143.301408723
2025-05-20,1173532.4070788934,956628.563871349,2021032.350958318,1806594.849066592,1591984.666260434,1985155.1279483982,2214401.8570426973
2025-05-21,1167401.6765419513,951630.9754676034,2010474.1382703448,1797156.8939302494,1583667.8707898422,1974784.3439035208,2202833.449554211
2025-05-22,1165650.5740271383,950203.529004402,2023255.0552280347,1794461.158589354,1593735.5096417104,1987338.3749295012,2216837.226501372
2025-05-23,1168379.991525345,952428.4686189919,2031034.5768441628,1798662.961252381,1599863.5061172962,1994979.7950294411,2225361.081701161
2025-05-26,1154954.021015728,941484.018504347,2007695.7568279773,1777994.3465468276,1581479.3156926543,1972055.2840915404,2199789.2365198997
2025-05-27,1154953.9323587092,941483.9462337937,2007695.6027124743,1777994.2100637513,1581479.1942945393,1972055.1327118848,2199789.0676588444
2025-05-28,1156552.2367259788,942786.8362113241,2010473.9894169634,1780454.720246284,1583667.7535367461,1974784.197692574,2202833.2864587493
2025-05-29,1160388.266489066,945913.853088825,2017142.2900923816,1786360.0975235165,1588920.4316644594,1981334.123167162,2210139.6006758194
2025-06-02,1158647.6840893324,944494.9823091917,1978244.2465459248,1751912.3973268485,1558280.1062663395,1943126.5949320034,2167519.847546307
2025-06-03,1158647.6840893324,940431.3052933604,1972687.4764770092,1746991.379919708,1553902.9904129223,1937668.468251395,2161431.413606132
2025-06-04,1158647.6840893324,949968.14095678,1969728.4452622938,1764707.474228699,1569660.9914205999,1957318.203057,2183350.309833097
2025-06-05,1158647.6840893324,964273.2224902277,1969728.4452622938,1791281.2962477207,1593297.708794647,1986792.4509548626,2216228.2589470367
2025-06-06,1158647.6840893324,963743.4308337776,1965697.6891727438,1790297.1292471518,1592422.3180727304,1985700.8660813395,2215010.6172942417
2025-06-09,1166452.4255951634,971690.6349544668,1981907.190867513,1805060.2459311243,1605553.7229707295,2002075.3176215435,2233275.998869815
2025-06-10,1175992.71378153,970233.0990020351,1998116.995352133,1819823.6383868002,1618685.3731604223,2018450.0750328244,2251541.7216386134
2025-06-18,1208429.4937824681,995501.2693527055,2053229.9910661634,1870018.8634992454,1663332.708747312,2074123.9072423663,2313644.7964551914
2025-06-19,1208429.534713013,995501.3030711885,2053230.0606108268,1870018.9268383908,1663332.7650858196,2074123.9774947246,2313644.874820328
2025-06-20,1198253.1792692258,987118.0462789655,2035939.5208611453,1854271.2338703962,1649325.6054190123,2056657.4871258999,2294161.3452138957
2025-06-23,1196455.799500322,975381.7598870263,2011733.3285181262,1832224.9767575085,1629716.0382231497,2032204.9696483559,2266885.0385165936
2025-06-24,1214172.4951016556,991309.6063654241,2044584.6498467352,1862144.9520367875,1656329.0711172726,2065390.5899873555,2303902.951258627
2025-06-25,1229574.4925995201,989822.641955876,2070520.5755806442,1885766.5972376452,1677339.9046783247,2091590.442831522,2333128.3765040217
2025-06-26,1239842.2380378058,996593.4136377942,2087810.766880765,1901513.9728484736,1691346.7820642604,2109056.581204921,2352611.513466417
2025-06-27,1240355.6905313919,997006.1301573843,2088675.3862746705,1902301.441657806,1692047.2149065419,2109929.999070123,2353585.7940732306
2025-06-30,1241639.1193072828,998037.7587192168,2090836.5938336826,1899447.9894953193,1693798.0208264526,2112113.1993380734,2356021.1114242943
2025-07-01,1239776.6606283218,998244.1141962241,2091268.8977008415,1896995.228783267,1694148.232524846,2112549.9023815556,2356508.245158504
2025-07-02,1242781.3683434597,1002164.4417238658,2099481.777607435,1904445.1526139644,1700801.5309088994,2120846.357545222,2365762.7792060683
2025-07-03,1262739.5825874675,1000661.19506128,2133198.011360385,1935029.2322759368,1728115.234030843,2154905.691761772,2403755.3027509213
2025-07-04,1264018.9844178339,1000174.7980998382,2135359.3575935303,1936989.794830342,1729866.1522914178,2157089.0321150203,2406190.7763644047
2025-07-07,1249178.1454691147,988431.7520837977,2110288.1168017774,1914247.6098277732,1709555.8046736394,2131762.663351333,2377939.7055876753
2025-07-08,1239710.9099214966,980940.6538335894,2094294.7256689225,1899739.9648738191,1696599.4721094277,2115606.5215402017,2359917.8442603
2025-07-09,1237851.3435566144,978915.9520683272,2089972.0154096733,1895818.8236249709,1693097.6211741052,2111239.8228596826,2355046.8769836617
2025-07-10,1252613.6375852944,992076.1351597864,2118068.8242528676,1921305.508947061,1715858.9978165918,2139622.5482204338,2386707.2539798585
2025-07-11,1261816.632766342,990588.0209570468,2114891.7210164885,1935421.40614761,1728465.4724823984,2155342.4281656113,2404242.4736979594
2025-07-14,1267696.155742858,993713.1654720989,2121563.8613230893,1944439.637744176,1736519.378411103,2165385.397167278,2415445.2098944485
2025-07-15,1261560.9136697506,988903.9130390246,2111296.1739093447,1935029.1746611549,1728115.182576849,2154905.6276002494,2403755.2311799936
2025-07-16,1282011.81849343,1004934.8312342435,2145521.962485513,1966397.5351209952,1756129.3028149514,2189838.360072017,2442722.0134571055
2025-07-17,1280088.80076569,1013952.1247140863,2164773.759320357,1984042.0461092829,1771887.0741846482,2209487.8085262366,2464640.5902646803
2025-07-18,1298379.7984093563,1029982.9956541224,2198999.447007364,2015410.3141029535,1799901.1118440514,2244420.438024947,2503607.2576773544
2025-07-21,1299897.2074558109,1028438.0211606412,2201569.405087523,2017765.712613223,1802004.6459818913,2247043.4793575974,2506533.2091641403
2025-07-22,1294809.7044371238,1022878.6299198292,2192952.9614718365,2009868.6349865892,1794952.0082628948,2238249.0605229517,2496723.2063462865
2025-07-23,1287178.1159147336,1016849.798976453,2180027.7303791447,1998022.500103824,1784372.58867903,2225056.854917756,2482007.5580932326
2025-07-24,1297353.4347065573,1024888.135505065,2197261.147306731,2013817.1408302516,1798478.297678206,2242646.2332242937,2501628.166799252
2025-07-25,1295407.4045544975,1024888.1207619815,2197261.1156989844,2013817.1118613589,1798478.271806977,2239282.263874457,2501628.1308131656
2025-07-28,1295407.4045544975,1028907.2881522998,2205877.8222890324,2021714.430507262,1805531.1247728877,2244696.71413953,2511438.4330328773
2025-07-29,1295407.4045544975,1027363.9272200713,2199415.1945591113,2018681.858861501,1800241.4050085878,2238120.357514752,2504080.595035093
2025-07-30,1295407.4045544975,1020801.6048773524,2188644.404054994,2005787.4592098666,1791425.414704369,2227160.023352551,2491817.8228394347
2025-07-31,1295407.4045544975,1026829.9125801767,2201569.3660227936,2017632.5659698977,1802004.6140070534,2240312.43794521,2506533.164688121
2025-08-01,1295407.4045544975,1020801.6195041792,2188644.435415567,2005787.4879503248,1791425.4403732838,2227160.0552650047,2491817.858544108
2025-08-04,1295407.4045544975,1017787.4419677363,2182181.9036498996,1999864.8880312587,1786135.7991566013,2220583.7962932535,2484460.1298036515
2025-08-05,1308789.6573408623,1029844.1843426957,2208032.099813392,2023555.3510351086,1807294.4205829855,2246888.902497114,2513891.123438224
2025-08-06,1304958.976361415,1028299.4180661817,2201569.436757245,2017632.6307946248,1804583.478952111,2240312.5099244416,2506533.2452207864
2025-08-07,1319004.5375241274,1037810.5156352608,2225265.4139780398,2039348.8556208839,1821274.696741711,2264425.4873832962,2533511.6151464703
2025-08-08,1341988.1005394184,1055894.292230001,2264040.5102062253,2074884.3686535424,1853010.2826095894,2303882.9451873438,2577657.880151738
2025-08-11,1336880.6861530025,1051875.709877071,2260644.449440916,2066987.6561041907,1845957.9910342973,2295114.69687416,2567847.6836715657
2025-08-12,1334875.365123773,1061922.3265133784,2278817.963726031,2086729.753367075,1863589.002082948,2317035.6684103734,2592373.567305948
2025-08-13,1340442.0602788795,1067950.2794647515,2291753.5684563564,2098574.978259207,1874167.5788251245,2330188.2141730087,2607089.0559117966
2025-08-14,1341703.0031872448,1066348.3540455543,2293909.4023379525,2100549.0906173037,1875930.5929736928,2332380.2032122114,2609541.5233133677
2025-08-15,1340442.0233835012,1063750.5364480542,2291753.5053763343,2098574.920496384,1874167.5272390665,2330188.150035081,2607088.9841522328
2025-08-18,1335397.9867983935,1059747.680278469,2283129.7168621635,2090678.0562598736,1867115.1001970132,2321419.733293495,2597278.599228981
2025-08-19,1344225.0212420302,1066752.6551008509,2298221.2961885254,2104497.5223633125,1879456.8061622784,2336764.4111696742,2614446.7153125466
2025-08-20,1342208.6837101672,1051741.990243848,2265882.1878869375,2074884.3717894317,1853010.2854101479,2303882.948669331,2577657.884047497
2025-08-21,1342208.6837101672,1035730.7550942273,2231387.4421525933,2043297.2887470485,1824800.9111628681,2268809.6968732383,2538416.8088602363
2025-08-22,1347967.6333540664,1034177.158961586,2244322.99025353,2055142.4617832482,1835379.4415942344,2281962.185056762,2553132.233044734
2025-08-25,1358326.7310627978,1040563.9387773141,2261570.556567967,2070936.1804454706,1849484.2869166427,2299499.0076463474,2572752.9907031455
2025-08-26,1360916.4061603216,1042547.7932197017,2265882.282765871,2074884.4586707428,1853010.3630009599,2303883.045139464,2577657.9919813653
2025-08-27,1372570.3239482113,1051475.4291987605,2285285.6830929285,2071772.1319827368,1868878.222579087,2323611.8569014748,2599731.2171904007
2025-08-28,1367390.7954462043,1047507.5837196092,2276661.9338217364,2060862.802796988,1861825.8276294535,2314843.4800610053,2589920.8769097934
2025-08-29,1365339.709253035,1047507.5837196092,2276661.9338217364,2060862.802796988,1861825.8276294535,2314843.4800610053,2589920.8769097934
2025-09-01,1346511.8430545102,1045936.3223440298,2248634.9471127493,2035492.4245581436,1838905.706310508,2286346.4570795796,2558037.4967222796
2025-09-02,1350384.7805162075,1047373.6616560115,2255102.63810951,2041347.0591866733,1844194.9036059012,2292922.6167247524,2565395.114332986
2025-09-03,1340056.8895405845,1039363.2329660588,2237855.3656866583,2025734.6128862717,1830090.2986243784,2275386.0929555637,2545774.6910043852
2025-09-04,1356839.7328249908,1052380.1954477215,2265882.217523048,2051104.8690367576,1853010.3096461906,2303882.9788024644,2577657.917761409
2025-09-05,1360712.826706856,1055384.210732488,2272350.1697368617,2056959.740122225,1858299.7205616427,2310459.4040455213,2585015.832531518
2025-09-08,1358671.7574667959,1069402.6102912384,2302533.2180455504,2084281.8122359281,1882983.0422541923,2341148.6476032804,2619351.9391717454
2025-09-09,1358671.7574667959,1067798.5063758015,2299079.4182184823,2090136.3855432924,1888272.1841507838,2347724.738370069,2626709.479719113
2025-09-10,1358671.7574667959,1083123.0166283748,2332074.6564638983,2123313.1773243425,1918244.7799645422,2384990.2370919995,2668403.3108397555
2025-09-11,1358671.7574667959,1106019.8714291356,2381373.9271596745,2168199.3008498834,1958795.8268215174,2435408.1252926565,2724812.4557108134
2025-09-12,1358671.7574667959,1110002.00132527,2389947.8601912432,2176005.716882477,1965848.3035661988,2444176.603830465,2734622.909773655
2025-09-15,1362720.3753677208,1114979.588775159,2400665.1151696793,2185763.5900523537,1974663.76681089,2455137.0370314987,2746885.792777124
2025-09-16,1366370.5538514163,1117966.1695721245,2407095.529147738,2191618.369485516,1979953.0949257656,2461713.3593270234,2754243.5923662423
2025-09-17,1377320.8356362437,1116289.2203177663,2426386.3242053958,2209182.300911749,1995820.7116927293,2481441.8691972937,2776316.47980915
2025-09-18,1374887.5563470307,1112648.127056845,2422099.686381035,2205279.392163243,1992294.743685064,2477057.966077935,2771411.6288725855
2025-09-19,1387054.6644024658,1122494.5395340563,2443534.129124508,2224795.0773063716,2009925.6148881582,2498978.763741507,2795937.3179726987
2025-09-22,1384974.0824058622,1122494.5999608543,2443534.2606662996,2224795.197072872,2009925.723087677,2498978.8982680277,2795937.46848527
2025-09-23,1403521.8422294026,1139233.4899307431,2479972.7888591066,2257971.8395356853,2039898.1840042705,2536244.229269746,2837631.111955178
2025-09-24,1424144.0297572291,1155972.4432982337,2516411.4550607833,2291148.607653161,2069870.7584398692,2573509.7014118037,2879324.9133374086
2025-09-25,1415652.5422456018,1154238.4846332863,2501407.300987682,2287711.884741681,2057529.112279985,2558165.0978927934,2862156.88044702
2025-09-26,1404734.9523074138,1143621.5019715598,2482116.3108855113,2266668.9220102443,2041661.335079427,2538436.3885523817,2840083.7698305435
2025-09-30,1396243.3678643715,1136708.3412084428,2467111.9855380743,2252966.9702477045,2029319.5480380754,2523091.6098727616,2822915.540964866
2025-10-01,1394149.0028125749,1143621.5144094825,2482116.337880781,2266668.9466623277,2041661.357284349,2538436.4161601835,2840083.8007190344
2025-10-02,1418507.6430236052,1165348.3303626985,2529272.2230824097,2309731.7068592026,2080449.3653705865,2586662.284708426,2894040.4439374814
2025-10-03,1423316.1763837298,1169298.6906940467,2537846.0858468036,2317561.3593957913,2087501.7843171004,2595430.6913846736,2903850.8175993115
2025-10-07,1466592.638479939,1167544.7426580056,2615010.2477965457,2388027.6816295176,2150973.058896651,2674345.734860414,2992143.4906722563
2025-10-08,1466592.6781897726,1165796.0801505167,2615010.318601225,2388027.7462883596,2150973.117136942,2674345.807271676,2992143.571688291
2025-10-09,1487028.7091778677,1182040.7029241433,2651448.814919838,2421303.385632077,2180945.551835462,2711611.1056759646,3033837.178687152
2025-10-13,1484798.166114101,1144773.5715777813,2647471.6416974585,2344965.040363156,2112185.157934938,2626119.9995021317,2938186.9964709934
2025-10-14,1530838.1777575596,1182040.6456217708,2729563.354895406,2421303.2682533534,2180945.446108684,2711610.97422385,3033837.031614324
2025-10-15,1509800.0343862013,1165795.988978969,2692051.261170638,2388027.5595316966,2150972.948919231,2674345.598123395,2992143.337686509
2025-10-16,1537026.0292520924,1164047.2949955005,2740596.6129695894,2431090.4980630553,2189761.117637053,2722571.666387943,3046100.2043539425
2025-10-17,1535788.472460668,1161367.9949616818,2738389.98543929,2429133.073465693,2187998.002575139,2720379.551881257,3043647.5965753407
2025-10-20,1543213.6574758836,1166982.9428454381,2751629.4729405353,2440877.3747288496,2198576.471077388,2733531.9630671307,3058362.934612407
2025-10-21,1540898.8369896698,1186635.4219915234,2797968.060120622,2481982.7670562193,2235601.4151983107,2779565.7806380615,3109867.041130947
2025-10-22,1519176.575468284,1171662.1211439164,2762662.509022316,2450664.407616605,2207391.96523185,2744492.4346988695,3070625.8606133778
2025-10-23,1507042.558291229,1162303.7828616907,2740596.480043065,2431090.3801484345,2189761.0114275753,2740375.6960468213,3046100.056609648
2025-10-27,1547084.8231985671,1160560.3271873982,2813414.390628438,2495684.684058446,2247943.170929935,2808974.2789618555,3127035.226442755
2025-10-28,1542231.1686959283,1155186.532511379,2804587.8924170276,2487854.996233765,2240890.720198305,2800161.7106705504,3117224.808565761
2025-10-29,1545871.3659447858,1157913.1709835613,2811207.6867367,2493727.191723436,2246179.9948545513,2806771.057675356,3124582.5337904473
2025-10-30,1543552.5588958685,1174272.9699027254,2850926.3751733773,2489986.6009358508,2277915.580883731,2846427.062345114,3168728.7990200957
2025-10-31,1541240.8073735854,1174273.0533495543,2850926.5777674685,2486257.3917929525,2277915.7427582154,2846427.264619473,3168729.024198037
2025-11-03,1537661.9297440357,1171546.302577378,2844306.51080334,2480484.1142374785,2272626.2502566194,2839817.6454004967,3161370.9959362936
2025-11-04,1538854.9696885804,1169788.983123512,2846513.3491312433,2482408.6703267265,2274389.5337476972,2842021.000910995,3163823.838010822
2025-11-05,1501874.7923626266,1139967.8675790073,2778108.872760822,2422753.982502087,2270977.949447076,2773724.480025052,3087794.0828602137
2025-11-06,1511418.0043298134,1147211.450766774,2795761.5306091984,2438148.644505163,2281985.2184379883,2791349.2785675544,3107414.542297717
2025-11-07,1509150.8773233187,1134535.1382756932,2764869.2772335396,2411207.8969238917,2256770.025798817,2760505.7791383737,3073078.6247550827
2025-11-10,1509150.8773233187,1137251.4312710667,2771488.900370367,2416980.78742313,2262173.1626488254,2767114.9552304936,3080436.159714591
2025-11-11,1509150.8773233187,1152644.1809629642,2809001.1283124257,2449694.731980973,2292791.7789854635,2804567.9816267444,3122130.0028213533
2025-11-12,1509150.8773233187,1150915.2146915197,2804787.626619957,2422753.772694618,2267576.3882009205,2773724.2398239765,3087793.815461103
2025-11-13,1509150.8773233187,1146453.0855041503,2793913.3896880317,2416980.732308192,2262173.1110639996,2767114.8921313705,3080436.0894707367
2025-11-14,1509150.8773233187,1125459.206058471,2742751.1732603214,2372720.9167447025,2220748.1367851347,2716443.4105048864,3024027.0617310368
2025-11-17,1509150.8773233187,1131848.6745628517,2758322.348246107,2386191.352177293,2233355.7907985076,2731865.2307911487,3041195.099064876
2025-11-18,1489877.210218481,1119069.699618802,2727179.9058259986,2359250.4013359984,2208140.407918119,2701021.4986568294,3006858.9224678352
2025-11-19,1461926.8970840645,1098075.7893092427,2676017.6141828187,2314990.5207045143,2166715.372738865,2650349.9425363233,2950449.811799134
2025-11-20,1495953.414199016,1096428.6756252788,2738302.232743789,2368872.1920321425,2217145.9228989175,2712037.1430797973,3019121.8714063773
2025-11-21,1460711.551061685,1068995.374656528,2673792.9561854172,2313065.9959373754,2164914.1137873135,2648146.6228853883,2947997.0096445577
2025-11-24,1460711.5906780832,1068995.4036490738,2673793.0287021617,2313066.058670736,2164914.1725026015,2648146.6947065713,2947997.089598073
2025-11-25,1458520.523292066,1079667.5811653482,2700486.4959955476,2336158.254858613,2186527.3134736274,2674584.125137583,2977428.0377109046
2025-11-26,1465932.903316761,1086782.315990149,2718282.01533144,2351552.943725855,2200935.9724849113,2692208.954435909,2997048.5313867223
2025-11-27,1482727.6262760835,1099233.2323130236,2749424.5002770396,2378493.931355438,2226151.3897972987,2723052.7286878256,3031384.754870348
2025-11-28,1486326.4573534178,1097584.3824645542,2756097.8192069842,2374926.190458405,2231554.636261772,2729662.0388615583,3038742.4390935684
2025-12-01,1482727.552163942,1093286.824685208,2749424.362850762,2365627.2402471597,2226151.278526122,2723052.5925797056,3031384.6033506677
2025-12-02,1482727.58934013,1093286.8520970119,2749424.4317866345,2365627.299560149,2226151.334342053,2723052.6608543633,3031384.6793560837
2025-12-03,1480503.49795612,1103901.2708441045,2776117.8308488247,2388594.5187386503,2247764.42006771,2749490.023708635,3060815.552240442
2025-12-04,1478286.14382685,1103901.326830497,2776117.9716447694,2388594.6398806344,2247764.5340672354,2749490.163154102,3060815.7074753577
2025-12-05,1479470.6108558853,1104785.8204925659,2778342.3178715515,2390508.485592091,2249565.540584651,2751693.1740248404,3063268.165886469
2025-12-08,1492500.3918882082,1103128.641761827,2802811.3352140184,2411561.8285207185,2269377.5910550016,2775927.490855872,3090246.541226886
2025-12-09,1511452.7404891741,1115463.4018221274,2838402.5201654085,2442184.775553305,2298195.0275170994,2811177.2943290533,3129487.689859461
2025-12-10,1509083.7658732117,1113715.0808768782,2833953.7515469603,2438357.018597502,2294592.9528131583,2806771.197153246,3124582.6890614578
2025-12-11,1506820.1402244018,1124205.3454068496,2829702.82091964,2461324.3022257895,2316206.0991886803,2833208.634195097,3154013.644533675
2025-12-12,1487013.8872773673,1111092.478471426,2792508.063337143,2432615.1182747637,2289189.5914859115,2800161.7464781124,3117224.8484278237
2025-12-15,1462444.851591194,1092734.566021674,2746369.132928311,2392422.4824406444,2251366.689328211,2753896.358868154,3065720.8179691196
2025-12-16,1453085.2076043615,1091095.4641726415,2728792.376230329,2377110.983564379,2236957.9472323987,2736271.427939924,3046100.211155815
2025-12-17,1454255.218907023,1090338.4968039284,2730989.5756141627,2379025.0122145205,2238759.125902544,2738474.6493897648,3048552.9039899595
2025-12-18,1446065.4740534923,1084198.175643852,2715609.8076538024,2365627.3584898543,2226151.3897972987,2723052.7286878256,3031384.754870348
2025-12-19,1443896.375842412,1094724.3548727874,2741974.909711131,2388594.5780662475,2247764.4758973876,2749490.092000108,3060815.628264577
2025-12-22,1462527.939102255,1110513.5928563846,2781522.485502036,2423045.340097389,2280184.041684013,2789146.059461594,3104961.8520728513
2025-12-23,1467148.950803679,1114022.3780015965,2790310.999970462,2430701.2081121528,2287388.524317343,2797958.66141822,3114772.3074270994
2025-12-24,1477546.0673826605,1112351.344434594,2810084.8537038653,2447926.6464806083,2303598.3611820485,2817786.7111673616,3136845.4928249167
2025-12-26,1483322.120014983,1115027.2297087985,2821070.0936057507,2457496.13027693,2312603.633959424,2828802.0593244536,3149108.111951315
2025-12-29,1493719.4480212685,1122842.999248529,2840844.349444155,2474721.918927886,2328813.8004541844,2848630.512280683,3171181.746211472
2025-12-30,1491478.8688492365,1127184.9934811592,2851829.7942386116,2471009.8360494943,2337819.241194527,2859646.0658919136,3183444.594055638
2025-12-31,1493834.3163893204,1130658.5703883427,2860618.103321659,2474912.2272676397,2345023.5554609043,2868458.4619002407,3193254.8201420046
2026-01-02,1514486.4503356335,1146289.8301519062,2900165.90831642,2509127.680924134,2377443.3091399437,2908114.659193783,3237401.2998062833
2026-01-05,1562674.48815563,1144570.3954066783,2992443.593893101,2588963.2843108634,2453088.9697995973,3000645.258692418,3340409.1651054397
2026-01-06,1593652.6513587588,1165511.8744202016,3051765.2291603335,2640286.402309001,2501718.5411109827,3060129.4822098697,3406628.803978534
2026-01-07,1615452.1282098491,1181454.8398489803,3093510.138511391,2676402.718030818,2535939.395560285,3101988.805665264,3453227.8703994825
2026-01-08,1613028.9500175344,1168868.3827789854,3060553.878787621,2647890.051463877,2508923.134542294,3068942.219695798,3416439.410208106
2026-01-09,1614081.6336885036,1171385.648289492,3067145.062906916,2653592.5260969196,2514326.3311452167,3075551.4688783367,3423797.0265340824
2026-01-12,1630268.6260898379,1183133.0160756947,3097904.2592144837,2680204.366018554,2539541.524954043,3106394.969738253,3458132.9456694545
2026-01-13,1644143.2338051759,1181358.3165515813,3093257.402825662,2703014.584886984,2561154.6148900613,3132832.337742686,3487563.8242871272
2026-01-14,1640674.597271547,1177100.363309477,3082108.4184722346,2697312.0554799982,2555751.366387849,3126223.025076368,3480206.1372890864
2026-01-15,1634893.575750472,1172952.7751502688,3071248.4130042978,2687807.904524217,2546746.0135432477,3115207.57898017,3467943.4091339097
2026-01-16,1632441.2353868464,1190372.7962330927,3116860.83085997,2727725.6841274016,2584568.822942234,3161472.853126655,3519447.3132816395
2026-01-19,1628860.3884519173,1189543.292477277,3114688.866099237,2725824.8857330005,2582767.782501308,3159269.800760307,3516994.808676359
2026-01-20,1633404.0362606712,1192861.4809559218,3123377.179316094,2733428.476781634,2589972.320875916,3168082.4709002743,3526805.3399343677
2026-01-21,1631132.2135735208,1191072.1887344879,3119033.025035233,2729626.6832942916,2586370.053618681,3163330.347193924,3521900.0769335683
2026-01-22,1656458.371625962,1207754.0202528434,3167461.425078762,2772008.8741614674,2626527.9367228,3207635.0874001896,3576583.687036462
2026-01-23,1661065.928981758,1211113.4743842175,3176271.945426458,2779719.414973874,2633833.811909492,3216557.353661039,3586532.2101977468
2026-01-26,1658574.3300882853,1213633.1536215942,3182880.068151888,2785502.5240249922,2639313.4110642644,3223249.2887697387,3593993.865059454
2026-01-27,1659528.5181080403,1216152.8612905147,3189488.26544202,2791285.6983315265,2644793.0720497095,3229941.2993888617,3601455.604116944
2026-01-28,1685888.411551351,1235470.191173428,3240149.986466008,2835622.3835858055,2686802.873507245,3281245.5750014945,3658661.0000649253
2026-01-29,1705371.8353684177,1233616.9858866679,3277595.653085834,2831368.950010427,2717853.635075316,3319166.173866517,3700943.302012563
2026-01-30,1676719.810339984,1211074.32274503,3222528.628559178,2779629.555044248,2672190.860095234,3263400.72124509,3638763.5955585926
2026-02-02,1640045.1739464605,1184584.679002346,3152042.7519140136,2718831.1422078963,2668182.5738050914,3192020.855557359,3559173.4750350914
2026-02-03,1637585.1061855408,1208590.8238625918,3215920.325420927,2773929.4863004093,2718177.2358731367,3256708.6034353506,3631301.736981207
2026-02-04,1621693.0596027412,1198657.2719607775,3189488.2933105286,2751130.2295295577,2695836.213487594,3229941.3276108336,3601455.6355850636
2026-02-05,1613853.3323842788,1192862.6205099656,3174069.396350978,2737830.4805947863,2682803.771611958,3214326.8691347577,3584045.170882639
2026-02-06,1599294.0237810554,1191073.3265792006,3145434.6654605023,2713131.260368001,2658600.9724795953,3185328.9571806234,3551711.8611303326
2026-02-09,1658651.4651302132,1233429.603303628,3262176.7722253804,2813828.5225756834,2757274.3552023554,3303551.7316937274,3683532.855488661
2026-02-10,1672091.0127429082,1243423.7076884245,3288609.196983109,2836628.1180290575,2779615.7094633584,3330319.4051456144,3713379.4002480693
2026-02-11,1669582.876223794,1264244.5626247094,3283676.283187635,2884126.8283950253,2826159.7596592046,3386084.8669083933,3775559.1168948486
2026-02-23,1723090.7679413282,1306719.0479423925,3388913.703562739,2981024.0635096245,2921109.490720619,3499846.2515453487,3902405.5633954047
2026-02-24,1712108.7640633928,1298390.7614012135,3367314.6885097013,2962024.7058235547,2902491.9945609155,3477540.2153099105,3877533.8422836447
2026-02-25,1764822.8115762891,1296443.1752591117,3470990.8043072154,3053222.3647307986,2991856.703228116,3584610.0603954457,3996919.0749775623
2026-02-26,1784590.5575150894,1309001.1083516818,3509869.3047013558,3087421.4489701698,3025368.4318882218,3624761.2078640545,4041688.4876879132
2026-03-02,1746153.3516324104,1280807.3330957892,3434272.373787436,3020923.3643641933,2960206.869311445,3546689.6904308237,3954637.0282589067
2026-03-03,1743534.1216049618,1289668.2595157302,3458031.4779273327,3041822.82282311,2980686.2767749955,3571226.524011648,3981996.1374859577
2026-03-04,1683290.6196353498,1246974.6284107456,3343555.5891251294,2941125.251547612,2882012.5911962665,3453003.3866400714,3850174.73853245
2026-03-05,1702863.7995875832,1261474.357995789,3382434.208457315,2975324.4404096454,2915524.42237626,3493154.656940038,3894944.2882024674
2026-03-06,1670241.8839533392,1259582.1464587953,3317636.610778981,2918325.8813334266,2859671.4576474484,3426235.9776283614,3820328.488629657
2026-03-09,1590861.9466969671,1197922.3456492717,3159962.5705497065,2779629.487966988,2723762.6751754154,3263400.6424935963,3638763.5077489447
2026-03-10,1650668.6901195257,1242956.94749838,3278757.9638735205,2884126.668216837,2826159.602700383,3386084.6788525376,3775558.9072084324
2026-03-11,1648192.6870843463,1249507.5115397053,3296037.495607572,2879800.4782145116,2841053.8751896713,3403929.8379972815,3795456.652229482
2026-03-12,1662979.3936048553,1262608.503252194,3330596.199349014,2905636.5135535034,2870842.110098102,3439619.784784831,3835251.728038747
2026-03-13,1620919.6193117579,1230674.8371637545,3246359.362173055,2832147.67995291,2798233.290261735,3352625.5427885302,3738251.234431397
2026-03-16,1645724.0652242682,1228828.8249080088,3296037.424090637,2875487.1849515983,2841053.813544903,3403929.7641393137,3795456.5698762233
2026-03-17,1648959.3710646243,1229400.4615546584,3302517.0577993044,2881140.064848007,2846639.0013597724,3410621.5018849005,3802918.0046737175
2026-03-18,1676999.2451157842,1250305.909381535,3358674.9983631843,2930132.663428487,2895044.923584353,3468617.713936679,3867585.056966882
2026-03-19,1674483.7462481107,1231812.6141841211,3308996.7814157596,2886793.0231806287,2852224.2666715966,3417313.3324813126,3810379.5430019246
2026-03-20,1663244.7585645085,1225380.1134134557,3291717.266576009,2871718.24790025,2837330.008744527,3399468.190783887,3790481.817435019
2026-03-23,1604311.1046506143,1181961.2917727944,3175082.0418612715,2769964.8237643857,2736795.0610684115,3279015.0338956253,3656173.8976623323
2026-03-24,1647965.8143664117,1180188.3498351353,3170319.4187984797,2845337.9916953887,2811265.650716663,3368239.9037126442,3755661.5903612394
2026-03-25,1666519.0352514866,1191687.6807898579,3201209.8713555145,2877371.534983977,2842915.598870729,3406160.41054763,3797943.7896933616
2026-03-26,1665427.7497478211,1190907.328772609,3199113.625316372,2875487.34777797,2841053.974421463,3403929.956889098,3795456.784796473
2026-03-27,1662929.6081231993,1162031.998185115,3121546.3274367196,2805766.8533606427,2772168.368676738,3321396.5805069515,3703430.254483239
2026-03-30,1662929.6081231993,1144082.633540897,3073329.261665304,2762427.4853946264,2729347.9807853033,3270092.5213720147,3646225.0999126513
2026-03-31,1662929.6081231993,1144862.9971674576,3075425.5388903376,2764311.700631721,2731209.632929991,3272323.008213047,3648712.141808758
2026-04-01,1697790.3015690916,1143145.7026717064,3144606.8246432887,2826494.5222456143,2792647.8279627077,3345933.4761773683,3730789.4329415523
2026-04-02,1718163.7902929336,1155130.7584034374,3182342.1159943915,2860412.4650114267,2826159.6102953535,3386084.687952241,3775558.9173548017
2026-04-07,1701185.9320319379,1143716.452968828,3150896.130641541,2832147.594296936,2798233.205631474,3352625.441391132,3738251.1213710676
2026-04-08,1767965.5845244192,1188612.7725545212,3274583.8150281734,2943322.8800745844,2908077.19008166,3484231.9622880775,3884995.2873756695
2026-04-09,1795130.3962412141,1206875.8215941929,3324897.833335285,2988547.0702730995,2952759.8298445405,3537767.226810014,3944688.2850369248
2026-04-10,1792437.7006468524,1217529.2057073973,3354247.5088544223,3014927.6964405496,2978824.5534047666,3568995.95183371,3979509.000437325
2026-04-13,1803176.0275729408,1215702.9118988363,3379404.0062727667,3010405.3048958885,3001165.4188267766,3595763.039596727,4009354.8921407587
2026-04-14,1828903.9199971627,1231201.8774706705,3427621.6740999045,3048784.8857302982,3043986.341389062,3647067.739332702,4066560.760995596
2026-04-15,1881477.7808359636,1266594.1337083376,3526152.440496023,3136425.5707095684,3131489.0869174586,3751906.7249682373,4183458.536326212
2026-04-16,1896019.5334728805,1276383.512446349,3553405.7182503697,3160666.6886637197,3155692.0512846094,3780904.8348938474,4215792.0668210685
2026-04-17,1883714.9379178893,1268100.1679889509,3530345.185679918,3140154.914074085,3135212.560592847,3756367.9015954514,4188432.846406731
2026-04-20,1880889.3655110125,1273371.473172169,3545020.3094166624,3153208.0744572408,3148245.176342242,3771982.5683935457,4205843.543392789
2026-04-21,1899174.0425371183,1271461.4159624106,3584851.715032687,3188637.1267173383,3183618.466098716,3814364.09361617,4253099.8763648225
2026-04-22,1904727.2628383979,1273269.2889095598,3595333.888269639,3197960.7611125545,3192927.425836735,3825517.3653262467,4265536.01968176
2026-04-23,1946931.166112755,1301481.6923122762,3674997.327030647,3268819.4238042715,3263674.562642687,3910281.083476639,4360049.430131752
2026-04-24,1945820.4674914968,1300739.214125885,3669484.831040101,3266954.6053194916,3261812.679233527,3908050.319552498,4357562.079281884
2026-04-27,2059104.4975072844,1376467.1564707984,3877303.1948742797,3457153.952973772,3451712.6682785247,4135573.72014358,4611255.67621553
2026-04-28,2056015.8407610236,1374239.9797830493,3871029.5694947247,3451560.1451928695,3446127.6647050944,4128882.2031417596,4603794.487552192
2026-04-29,2011899.7612788514,1372178.6198133747,3793650.5630632252,3382566.0210512527,3377242.131814218,4046348.914047429,4511768.054566793
2026-04-30,2024099.849956921,1378431.814494454,3816655.125305213,3403077.781234583,3397721.60812235,4040279.390676358,4539127.255765568
2026-05-04,2051827.3067713357,1397314.4840469582,3868938.188398502,3449695.388669949,3444265.8431602707,4089491.5693233083,4601307.219348911
2026-05-05,2093972.9825951792,1426016.1019044924,3948408.3339281054,3520554.0535595743,3515012.982160672,4173492.004153397,4695820.632730539
2026-05-06,2130573.125617514,1450941.1576314156,4017421.7887021224,3582089.127292209,3576451.2045932272,4246439.652248298,4777897.960467673
2026-05-07,2127377.2659290875,1479642.6484299721,4096891.582425932,3652947.47849814,3647198.0304036466,4330439.715217489,4872410.955448576
2026-05-08,2111179.1326796054,1477423.1844573272,4071795.8513633944,3630571.1510651154,3624856.9215260157,4303913.372430727,4842564.738504828
2026-05-11,2095998.614589638,1464602.8096755745,4042517.4402501597,3604465.38382702,3598792.2426842325,4272965.910987742,4807744.082845256
2026-05-12,2100335.9047296187,1467633.540364601,4050882.6991354707,3611924.173188975,3606239.292506395,4281808.041314163,4817692.839901165
2026-05-13,2056962.8975869939,1437326.1595853423,3967229.9063379513,3606506.2869291916,3600829.9335676352,4193386.522479453,4718205.026792097
2026-05-14,2101420.259113178,1468391.2452914033,4052974.0752825914,3678935.6937416755,3673145.3422683384,4284018.63882321,4820180.102218505
2026-05-15,2098268.1287245085,1479756.4661535344,4084343.7430477636,3707410.3368798904,3701575.168588437,4317176.571468097,4857487.878080443
2026-05-18,2016813.0882769162,1477536.831454304,3931677.673573816,3568833.419836129,3563216.3605638524,4155807.592788738,4675922.94904474
2026-05-19,2024322.467508156,1480817.0499447833,3946316.838123809,3582121.5741616096,3576483.6003938424,4171281.2801659754,4693333.228105569
2026-05-20,1995357.5218691148,1459628.8321378578,3889851.1047609854,3530866.915710011,3525309.6126882927,4111596.651128645,4626178.837439085
2026-05-21,2033977.5416928208,1487879.8567360023,3965138.9291887665,3599206.623649596,3593541.7593760653,4191176.3467136887,4715718.23900084
2026-05-22,2066160.6513826249,1511422.2015520278,4027878.3146921024,3656155.955287141,3650401.457305983,4257492.264825221,4790333.850157324
2026-05-25,2063061.4104055509,1562430.7031226165,4163813.883939489,3779546.3862309745,3773597.681548996,4401177.001395919,4952001.285946267
2026-05-26,2102391.6717439364,1560087.0570679326,4157568.1631135796,3857377.1655617375,3851305.961438267,4491808.786532672,5053975.988713835
2026-05-27,2118946.049100287,1570016.266001171,4184029.0985842706,3887750.4200141346,3881631.410809709,4527177.599425253,5093771.345017593
2026-05-28,2152054.517886106,1594547.723306655,4249404.428394227,3948496.4043126716,3942281.785772024,4597914.614320972,5173361.370280494
2026-05-29,2135500.28317824,1582281.9944205484,4216716.762867342,3918123.411585535,3911956.5977139077,4562546.106200201,5133566.356891914
2026-06-01,2177920.538844176,1613712.946346732,4300478.963491102,3995954.2590733105,3989664.9456529175,4653177.970703906,5235541.148959515
2026-06-02,2174653.6580359098,1629811.8575806194,4343381.903108199,4035819.163830462,4029467.10622827,4699599.547277008,5287772.56496772
2026-06-03,2191823.66531705,1627367.1397942484,4384241.646192765,4073785.554502181,4067373.740827998,4743810.356822599,5337516.527924231
2026-06-04,2180588.695305209,1616600.591126691,4361768.65979378,4052903.920973106,4046524.973325279,4719494.273396675,5310157.192829059
2026-06-05,2144841.35529445,1590098.9536940935,4290264.2868390735,3986462.902175801,3980188.527394452,4642125.548687989,5223105.473680315
2026-06-08,2002873.3671163346,1484849.6079078238,4006289.8156962674,3722597.177668221,3716738.10650016,4334861.22660157,4877385.836043664
2026-06-09,2085602.8019283642,1546181.8772663902,4171771.117503648,3876360.448775445,3870259.366477667,4513914.293636786,5078848.085330568
2026-06-10,2082474.3977254718,1553753.7159566921,4192200.78261552,3895343.452298605,3889212.4922667295,4536019.475049009,5103719.815493815
2026-06-11,2026662.3172303482,1551423.085382757,4085966.014618322,3889500.437120157,3790655.765565776,4421071.98051084,4974386.198466194
2026-06-12,2092528.813242748,1599445.1455119369,4218759.851026378,4009894.303644177,3913852.0231486517,4564756.755966085,5136053.678006235
2026-06-15,2130022.057448538,1628103.4784605347,4294350.204831349,4081742.273150964,3983979.1386084547,4646546.568707657,5228079.801414838
2026-06-16,2149275.333348997,1642819.9107883975,4333166.849484243,4118637.1540582897,4019990.338243251,4688546.717372229,5275336.430750793
2026-06-17,2127995.3609104455,1626554.3528672508,4290264.169823845,4077858.532649098,3980188.418836415,4642125.422075886,5223105.331222218
2026-06-18,2124803.3678690796,1657536.2940695,4371983.364769461,4155531.91200277,4056001.417860326,4730546.726059178,5322592.902590384
2026-06-22,2170200.075576902,1655049.9896283958,4472089.460266752,4250681.879355614,4148872.4174495214,4838862.911827247,5444465.276967091
2026-06-23,2220762.2213426568,1691073.3629546016,4576281.899347465,4349715.880509032,4245534.423084572,4951600.578110516,5571312.497206645
2026-06-24,2141449.1821260895,1630677.8074713943,4412843.048370627,4194368.683543856,4093907.9972757744,4774757.471242904,5372336.793129895
2026-06-25,2141449.2795228576,1630677.8816374077,4406223.783798071,4194368.874310912,4093908.183473706,4774757.688407032,5372337.037472953
2026-06-26,2089895.8454910093,1591420.802143599,4293707.412553954,4093393.2774874344,3995351.0859569334,4659809.761383424,5243002.933832671
2026-06-29,2086761.0017227728,1560468.1028260589,4210195.977791219,4013777.8978619804,3917642.6001403253,4569177.736071979,5141027.960831621
2026-06-30,2154198.888484441,1558127.4006718197,4352776.330113584,4149706.455544257,4050315.488801,4723915.181756023,5315131.394928544
2026-07-01,2213673.7904738565,1598747.3477298974,4472951.3738383,4264274.978463686,4162139.943827122,4854336.933407242,5461875.932057443
2026-07-02,2161255.160329948,1560889.8520704904,4367034.239739366,4163299.1915659425,4063582.6607886134,4739388.790008157,5332541.584961458
2026-07-03,2140086.279077649,1545601.3787181098,4324260.378076658,4122520.8569103535,4023781.021267251,4692967.821144469,5280310.852719845
2026-07-06,2198553.0601994675,1587826.9368157203,4442398.4118141215,4235147.402376076,4133710.0117722284,4821178.877443024,5424568.017442283
2026-07-07,2195255.2306091683,1580546.6447225327,4422029.719683745,4215728.969905824,4114756.6764833154,4799073.451689458,5399696.012357432
2026-07-08,2148551.9745291565,1578175.8247554488,4334444.575741289,4132229.931668246,4033257.5508230417,4704020.372967342,5292746.674051843
2026-07-09,2147542.380577174,1575071.6402763133,4332407.84166143,4130288.217250038,4031362.3430373464,4701809.977047275,5290259.638553123
2026-07-13,2160667.8942640084,1584698.2835310253,4358886.983091641,4155532.028509081,4056001.531576156,4730546.858686855,5322593.051816927
2026-07-14,2130378.089054481,1562482.8368853587,4297780.952868906,4149298.7304663174,3999141.5686697164,4664230.631531097,5247977.09293814
2026-07-15,2126339.562063277,1559520.8607260678,4289633.711555441,4135230.1195791364,3991560.453725989,4655388.716851529,5238028.578518121
2026-07-16,2123150.0527201816,1560261.3372383933,4291670.473672498,4137193.569285852,3993455.687600665,4657599.1431993805,5240515.648252781
2026-07-17,2070668.5553268562,1557920.9452325357,4191864.3615910285,4040979.9369457313,3900584.7907333234,4549283.077236627,5118643.408675487
2026-07-20,2016336.031737621,1514770.3129594298,4081873.523741526,3934948.173830908,3798236.8729030467,4429913.886318937,4984334.702904444
2026-07-21,2024556.7423203087,1520946.1130969475,4098515.541909945,3950991.169435695,3813722.4891719385,4447974.883787834,5004656.10389856
2026-07-22,2115661.7957247226,1589388.6881863102,4282948.741295893,4128785.7720603007,3985340.001184676,4648133.7535582865,5229865.628573995
2026-07-23,2110600.403868922,1585586.322903568,4272702.452441118,4118908.294136712,3975805.694961746,4637013.816348817,5217353.988314249
2026-07-24,2107434.5032631187,1559730.2853965114,4203027.813305416,4051741.564830986,3910972.5290313964,4561398.379065844,5132274.987277957
2026-07-27,2078628.670927759,1557390.6899684167,4196723.271585458,4002354.17521304,3863300.9979167474,4505798.693018496,5069716.785979224
2026-07-28,2018095.9571102604,1509772.531406571,4068405.92933231,3885799.7548526647,3750796.0099078147,4374583.230334624,4922079.201819242
2026-07-29,1989368.5807690413,1488281.0837147299,4010492.61365027,3830485.8181932247,3697403.836866621,4368021.355489122,4852013.939999671
2026-07-30,1916524.3355145138,1433785.0424492743,3863641.3411589363,3690225.8125402797,3562016.863079378,4201775.872650973,4674348.877406247
2026-07-31,2051953.2164927113,1535101.7334319924,4136660.8972574947,3950991.169435695,3813722.4891719385,4498689.297651415,5004656.10389856
2026-08-03,2048875.2866679723,1565803.7681006324,4219394.115202645,4030010.9928244087,3889996.9389553773,4588663.083604444,5104749.225976531
2026-08-04,2018729.7556554086,1563455.0624484813,4163549.2562101046,3976672.6723243673,3838511.7435443434,4527930.846730701,5037186.4449388925
2026-08-05,2080906.1994439918,1609195.3502424904,4291785.680904651,4099153.3382895333,3956737.0825158865,4667390.146313343,5192330.707794756
2026-08-06,2070877.7358322137,1601440.1919280689,4271102.376418363,4079398.3824423547,3937668.470070027,4644896.699825086,5167307.427275264
2026-08-07,2081909.1070140537,1609970.9134076624,4293854.137594151,4101128.9544489323,3958644.060146046,4669639.62825127,5194833.188576688
2026-08-10,2083914.7691319676,1611521.921403682,4297990.735370973,4105079.8853310277,3952706.094055827,4674138.248904372,5199837.768315596
2026-08-11,2080788.8969782696,1613848.4925648733,4304195.789837295,4111006.432372521,3952483.931553603,4680886.351495399,5207344.8288364345
2026-08-12,2096641.9450562475,1611427.719826026,4343493.9421203695,4104839.9227239625,3988570.8855451806,4723623.762533986,5254888.909093488
2026-08-13,2127592.434706539,1632766.3596524277,4407612.312268732,4159196.5032757097,4047449.905018965,4793353.583936684,5332461.231433899
2026-08-14,2138574.753488594,1641194.459116314,4430363.7578423405,4180665.6630316214,4068342.245293454,4818096.169140114,5359986.610910366
2026-08-17,2124597.201459109,1630467.7445577607,4401407.257802411,4153341.169591501,4041751.888648413,4786605.481345656,5324954.17091306
2026-08-18,2125595.5109789916,1631233.871647703,4403475.398889732,4155292.748943143,4043651.03422983,4788854.62006083,5327456.269870034
2026-08-19,2122407.1177125233,1579132.55303482,4262829.18086472,4022573.4404458227,3914497.5421674587,4635899.458518885,5157298.267797449
2026-08-20,2142877.9551605983,1576763.8542052677,4310400.528701438,4067463.63712393,3958181.6581110046,4687634.1108636735,5214851.507532316
2026-08-21,2134652.0614170413,1568358.5722360609,4293854.137594151,4051849.811052227,3942987.334207067,4669639.62825127,5194833.188576688
2026-08-24,2152132.320970398,1581201.562159777,4329015.692100405,4085029.638176557,3975275.70722266,4707878.418636757,5237372.689094835
2026-08-25,2116143.4866963075,1554760.064850335,4322522.168562254,4016718.106761614,3908799.525796907,4629151.355927858,5149791.20727661
2026-08-26,2140821.481724709,1572891.3311807832,4366380.890075216,4063560.180606004,3954383.07713502,4683135.490210572,5209846.92779341
2026-08-27,2137610.249502122,1609153.9791174594,4467046.797398492,4157244.6261094264,4045550.4696243973,4791104.101998757,5329958.750651967
2026-08-28,2146433.443355557,1606740.248148783,4492213.194227287,4180665.6630316214,4068342.245293454,4818096.169140114,5359986.610910366
2026-08-31,2116371.34988306,1581864.0868778445,4429297.042151252,4122112.9218188124,4011362.661214237,4750615.829675343,5284916.7693518875
2026-09-01,2134408.636547301,1595345.9061249536,4467046.797398492,4157244.6261094264,4045550.4696243973,4791104.101998757,5329958.750651967
2026-09-02,2154450.0321956323,1610325.6798913851,4508990.898782516,4196279.786917966,4083536.859010542,4836090.994975272,5380005.311690952
2026-09-03,2142425.2253873763,1601337.838488847,4483824.501953721,4172858.7499957704,4060745.0833414854,4809098.927833914,5349977.451432552
2026-09-04,2139211.5875492953,1613321.5889300301,4517379.5910560815,4204086.699953817,4091134.0209625107,4845088.236281472,5390014.471168767
2026-09-07,2139211.5875492953,1610901.606546635,4574004.3839309905,4256784.405297058,4142415.878484326,4905820.816377969,5457577.634031363
2026-09-08,2139211.5875492953,1622501.3397942656,4613851.152242574,4293867.688939313,4178502.8324759034,4948558.227416556,5505121.714288416
2026-09-09,2135036.6043905905,1621763.7941718036,4611753.819170134,4291915.81177303,4176603.397081336,4946308.745478629,5502619.233506484
2026-09-10,2108821.9955854914,1601851.3002356063,4555129.346303321,4285477.938055371,4125321.8293726705,4885576.508604886,5435056.452468844
2026-09-11,2085520.1540141802,1584151.3306331336,4504796.552645733,4231777.044866699,4079738.2780345576,4831592.374322171,5375000.731952045
2026-09-14,2064160.107882229,1567926.3397419231,4458658.105124926,4188434.882613075,4037953.3076724284,4782106.860692556,5319949.591174153
2026-09-15,2072898.2614340968,1565574.4502323102,4477532.822744498,4206165.671521608,4055047.0669709337,4802350.825242885,5342470.390911713
2026-09-16,2069788.9140419457,1554443.3259341596,4452366.425915703,4182524.5194390453,4032255.2913018772,4775358.7581015285,5312442.530653314
2026-09-17,2100760.5292302594,1580070.0407837264,4525768.603337744,4251478.05503776,4098731.47272763,4854085.820810428,5400024.012471538
2026-09-18,2133858.642651718,1604964.5190910043,4597073.447687346,4318461.3693739455,4163308.2187588154,4930563.4015814,5485103.01350783
2026-09-21,2139699.55609814,1609357.714897517,4609656.806105792,4330282.095722006,4174704.251499919,4944059.606763456,5500117.13454951
2026-09-22,2206869.3180289934,1659878.9080543618,4754363.827877433,4466218.945656906,4305757.178956857,5099264.250243328,5672777.617404026
2026-09-23,2196161.174764686,1657389.0896922802,4747232.282135617,4444548.014836873,4284864.838682368,5074521.665039898,5645252.237927559
2026-09-24,2192866.933002539,1643169.75798233,4706504.084427737,4413026.278317752,4254475.611248192,5038532.013369584,5605214.836366387
2026-09-29,2185672.649969533,1640235.5710444697,4698099.74109046,4405145.99449475,4246878.449296224,5029534.772063384,5595205.676888573
2026-09-30,2199357.481302917,1650505.3372590367,4727515.263376075,4432727.288488814,4273468.805941265,5061025.459857842,5630238.11688588
2026-10-01,2193492.468358053,1646103.9449201901,4714908.427765014,4420906.5621407535,4262072.773200162,5047529.254675786,5615223.995844201
2026-10-02,2206199.896969609,1655640.22036632,4742223.024518882,4446517.9354858445,4286763.984263785,5076770.803755071,5647754.336884533
2026-10-05,2262894.4752072236,1653156.7600357707,4864087.926540272,4560783.854600713,4396924.571446234,5207232.862031513,5792889.440262583
2026-10-07,2259500.1334944125,1653900.4793921064,4873575.588419243,4569679.905775983,4405501.006385578,5217389.84633487,5804188.778831605
