Date,AI 5 日,固定 5 日基準,AI 20 日,固定 20 日基準,AI 60 日,固定 60 日基準,Buy & Hold
2020-01-03,1000000.0,1000000.0,1000000.0,1000000.0,1000000.0,1000000.0,1000000.0
2020-01-06,1000000.0,995224.9808333019,995224.9808333019,995224.9808333019,995224.9808333019,995224.9808333019,995224.9808333019
2020-01-07,1000000.0,988670.096499982,988670.096499982,988670.096499982,988670.096499982,988670.096499982,988670.096499982
2020-01-08,969816.1960168806,960266.5145114097,960266.5145114097,960266.5145114097,960266.5145114097,960266.5145114097,960266.5145114097
2020-01-09,963196.1231451263,953711.6288243281,953711.6288243281,953711.6288243281,953711.6288243281,953711.6288243281,953711.6288243281
2020-01-10,970919.218337928,961358.6754837782,961358.6754837782,961358.6754837782,961358.6754837782,961358.6754837782,961358.6754837782
2020-01-13,989675.6184294806,959916.6374705526,979930.3832101185,979930.3832101185,979930.3832101185,979930.3832101185,979930.3832101185
2020-01-14,992985.6761804058,961684.6367191441,983207.8471588203,983207.8471588203,983207.8471588203,983207.8471588203,983207.8471588203
2020-01-15,991496.1976661352,961684.6526031946,983207.8633983674,983207.8633983674,983207.8633983674,983207.8633983674,983207.8633983674
2020-01-16,991496.1976661352,959547.5923578638,981022.9741708254,981022.9741708254,981022.9741708254,981022.9741708254,981022.9741708254
2020-01-17,991496.1976661352,972369.8942679845,994132.2486411756,994132.2486411756,994132.2486411756,994132.2486411756,994132.2486411756
2020-01-20,991496.1976661352,990535.0135297226,1012703.916650397,1012703.916650397,1012703.916650397,1012703.916650397,1012703.916650397
2020-01-30,991496.1976661352,989049.211009428,934047.381709322,934047.381709322,934047.381709322,934047.381709322,934047.381709322
2020-01-31,961063.5264484449,958691.6468275216,906736.0933481142,906736.0933481142,906736.0933481142,906736.0933481142,906736.0933481142
2020-02-03,920536.6946426983,918264.8341816071,868500.1805951708,868500.1805951708,868500.1805951708,868500.1805951708,868500.1805951708
2020-02-04,1059485.6296831057,1056870.8468882649,999594.5474774608,999594.5474774608,999594.5474774608,999594.5474774608,999594.5474774608
2020-02-05,951800.1696902483,949451.1517912732,897996.3798046644,897996.3798046644,897996.3798046644,897996.3798046644,897996.3798046644
2020-02-06,955274.0042628292,952916.41303108,901273.8438875224,901273.8438875224,901273.8438875224,901273.8438875224,901273.8438875224
2020-02-07,953841.093256435,951487.0384115335,913290.7338206787,913290.7338206787,913290.7338206787,913290.7338206787,913290.7338206787
2020-02-10,953841.093256435,897785.9187277018,863037.9991727422,863037.9991727422,863037.9991727422,863037.9991727422,863037.9991727422
2020-02-11,953841.093256435,938697.5679474327,902366.2033124228,902366.2033124228,902366.2033124228,902366.2033124228,902366.2033124228
2020-02-12,953841.093256435,943243.4889580534,901012.6540074542,901012.6540074542,906736.178928618,906736.178928618,906736.178928618
2020-02-13,953841.093256435,975063.7522704512,930013.2427364076,930013.2427364076,937324.8702963769,937324.8702963769,937324.8702963769
2020-02-14,953841.093256435,962562.9733565195,918090.0326822902,918090.0326822902,925307.9217155064,925307.9217155064,925307.9217155064
2020-02-17,953841.093256435,961119.1288964847,912670.103228957,912670.103228957,919845.3815726227,919845.3815726227,919845.3815726227
2020-02-18,953841.093256435,957400.2920523436,910502.4372146956,910502.4372146956,917660.673686437,917660.673686437,917660.673686437
2020-02-19,953841.093256435,946002.5729173356,899663.0306078027,899663.0306078027,906736.0492563574,906736.0492563574,906736.0492563574
2020-02-20,953841.093256435,957400.1352816399,910502.2881233395,910502.2881233395,917660.5234229465,917660.5234229465,917660.5234229465
2020-02-21,953841.093256435,935744.7411906704,889907.6744989742,889907.6744989742,896903.9979701864,896903.9979701864,896903.9979701864
2020-02-24,935011.5150690356,918648.3079160708,873648.7028928216,873648.7028928216,880517.2007165812,880517.2007165812,880517.2007165812
2020-02-25,930371.1392543177,917270.3354541967,869312.8650489807,869312.8650489807,876147.2751522457,876147.2751522457,876147.2751522457
2020-02-26,941971.84012136,927316.7086996343,880152.2366522179,880152.2366522179,887071.8643034758,887071.8643034758,887071.8643034758
2020-02-27,937331.6480574328,922748.7084164191,875816.5704999949,875816.5704999949,882702.1117805727,882702.1117805727,882702.1117805727
2020-03-02,907170.0197370767,893056.3325812233,847634.38553806,847634.38553806,854298.3626184748,854298.3626184748,854298.3626184748
2020-03-03,905809.2647074711,926174.6125658482,879068.2289370616,879068.2289370616,885979.3342788286,885979.3342788286,885979.3342788286
2020-03-04,905809.2647074711,930742.8314304998,883404.1025533994,883404.1025533994,890349.295896899,890349.295896899,890349.295896899
2020-03-05,905809.2647074711,929346.7171833541,902914.9562697526,902914.9562697526,910013.5410803793,910013.5410803793,910013.5410803793
2020-03-06,905809.2647074711,909016.8363945488,884488.0271580073,884488.0271580073,891441.742157595,891441.742157595,891441.742157595
2020-03-09,905809.2647074711,882281.0353931733,858473.6620380066,858473.6620380066,865222.8559187263,865222.8559187263,865222.8559187263
2020-03-10,896458.7548473275,874483.1634145492,850886.2069697813,850886.2069697813,857575.7493928254,857575.7493928254,857575.7493928254
2020-03-11,905594.6410540286,883395.0945295418,859557.6595265154,859557.6595265154,866315.3756363257,866315.3756363257,866315.3756363257
2020-03-12,883896.8188032795,862229.1678893662,838962.8718972857,838962.8718972857,845558.6748107005,845558.6748107005,845558.6748107005
2020-03-13,799389.9416144404,860935.8241375322,837704.4275894398,837704.4275894398,764717.1992356101,764717.1992356101,764717.1992356101
2020-03-16,843927.3978170912,907540.9550689387,837704.4275894398,883051.9708499792,807322.8876429291,807322.8876429291,807322.8876429291
2020-03-17,842661.5067203656,860874.5234906159,837704.4275894398,837644.7810723637,765809.7437044928,765809.7437044928,765809.7437044928
2020-03-18,848600.9934394696,868242.7979559395,837704.4275894398,844814.230838819,772364.3532624041,772364.3532624041,772364.3532624041
2020-03-19,824595.2187083722,843681.3831322899,837704.4275894398,820915.5785017019,750515.2100041602,750515.2100041602,750515.2100041602
2020-03-20,816193.329213052,835085.0226520052,837704.4275894398,812551.1812567582,742868.1296962133,742868.1296962133,742868.1296962133
2020-03-23,810191.8708835475,833832.3951180272,837704.4275894398,806576.5035911077,737405.8305507555,737405.8305507555,737405.8305507555
2020-03-24,847400.684272133,870820.6904806875,837704.4275894398,843619.277882351,771271.8775041712,771271.8775041712,771271.8775041712
2020-03-25,846129.5832457249,878221.3537635019,837704.4275894398,850788.7701587137,777826.5259264103,777826.5259264103,777826.5259264103
2020-03-26,846129.5832457249,881921.8680569532,837704.4275894398,854373.6932435241,781104.0119095072,781104.0119095072,781104.0119095072
2020-03-27,846129.5832457249,880688.4741066485,835279.9531144559,853178.8262346498,780011.614728144,780011.614728144,780011.614728144
2020-03-30,846129.5832457249,857252.724894521,813052.5570730068,830475.1283975514,759254.9486393112,759254.9486393112,759254.9486393112
2020-03-31,852155.9421804535,855966.8458071791,820071.5976680195,837644.5771480182,765809.5572683634,765809.5572683634,765809.5572683634
2020-04-01,857018.5817507352,859561.8886239177,824751.1550165032,842424.4108205377,770179.4802744092,770179.4802744092,770179.4802744092
2020-04-06,850940.338957266,853465.6079057143,818901.7628666344,836449.6744342481,764717.1274440977,764717.1274440977,764717.1274440977
2020-04-07,867959.2268430956,870535.0014112068,835279.8761769206,853178.7476484515,780011.5428813688,780011.5428813688,780011.5428813688
2020-04-08,869174.9318430582,871754.3141636127,836449.8089231049,854373.7504058398,781104.0641696767,781104.0641696767,781104.0641696767
2020-04-09,867871.1694452936,920523.6622761462,883244.0848415111,902170.7617595835,824802.0825203565,824802.0825203565,824802.0825203565
2020-04-10,867871.1694452936,919142.876782732,859846.9077390434,878272.216100662,802953.0367917618,802953.0367917618,802953.0367917618
2020-04-13,870108.3981464264,921512.2754870288,863356.546394095,881857.0613696763,801748.607236574,801748.607236574,806230.451632417
2020-04-14,866571.3127550022,917766.2277364417,859846.9080153065,878272.216382845,801748.607236574,797293.4716319866,802953.0370497452
2020-04-15,878361.3632714674,930252.8056187835,871545.4703063859,876954.8080582707,801748.607236574,808140.9693146691,813877.5353914554
2020-04-16,872466.3379682224,924009.516629941,865696.1891161831,869764.5758312839,801748.607236574,802717.220431914,808415.2861788925
2020-04-17,890151.4438213387,942739.4153088314,883244.0623978188,887394.9163057234,801748.607236574,818988.4946297441,824802.0615617059
2020-04-20,888816.2166556068,941325.3061858681,890263.2509532503,894447.0919227,801748.607236574,825497.0406967609,831356.8083610144
2020-04-21,888816.2166556068,928799.4989204251,879734.529649649,883868.8903159426,801748.607236574,815734.2786495378,821524.745620345
2020-04-22,888816.2166556068,896686.7249613565,849318.1522426162,853309.5694752663,801748.607236574,787530.6776232837,793120.9421207184
2020-04-23,907043.8506211344,916448.3791086546,868035.8728449416,872115.2550320328,801748.607236574,804886.6933290468,810600.1590187318
2020-04-24,904599.0004235493,913978.17990141,865696.1649313907,869764.5515328337,801748.607236574,802717.1980065532,808415.2635943459
2020-04-27,907043.930109329,916448.4594210089,868035.9489146975,872115.3314592828,801748.607236574,804886.7638647658,810600.2300551466
2020-04-28,918045.8978317683,915073.7867318775,866733.8949913254,882693.633577244,801748.607236574,814649.618675107,820432.3862174106
2020-04-29,919268.1450429731,914919.6974547561,866733.8949913254,883868.8142893807,801748.607236574,815734.2084836191,821524.6749563556
2020-04-30,917889.2428254087,927086.1421987375,866733.8949913254,895622.349730683,801748.607236574,826581.7016580484,832449.1687578108
2020-05-04,917889.2428254087,900320.0290268621,866733.8949913254,869764.6348097178,801748.607236574,802717.2748638899,808415.3409972523
2020-05-05,917889.2428254087,908836.4529561665,866733.8949913254,877992.0251930713,801748.607236574,810310.4421685272,816062.4081877128
2020-05-06,909152.9822448335,901536.6342981346,866733.8949913254,870939.9504812125,801748.607236574,803801.989228177,809507.755176128
2020-05-07,914060.820559514,900184.3293466874,866733.8949913254,875641.5051614859,801748.607236574,808141.1161707185,813877.6832899584
2020-05-08,942280.0600846948,926585.2905271592,866733.8949913254,902674.6487079037,801748.607236574,833090.3615758645,839004.0302160853
2020-05-11,943506.9629982655,927791.7579467471,866562.5885636392,903849.9830945897,801748.607236574,834175.093212649,840096.4617900667
2020-05-12,960683.9164002971,944682.6092261028,882338.7362630694,920304.963980694,801748.607236574,849361.6125147598,855390.7821748608
2020-05-13,959242.8905256967,937443.5903039413,875577.4529016693,913252.7487886803,801748.607236574,842853.0299234183,848835.9985919609
2020-05-14,961504.2386918223,941063.0284634412,878958.0279863019,916778.7869230519,801748.607236574,846107.257112028,852113.3258212876
2020-05-15,963969.6755727241,939651.433920746,881211.8043626916,915403.6187426674,801748.607236574,848276.7993282129,854298.2684722383
2020-05-18,944246.6717100479,919047.4148094368,863182.0423673724,895331.2887549006,801748.607236574,830920.893832712,836819.1625668115
2020-05-19,929454.182988376,904649.695521076,849659.5052920288,881305.1042971027,801748.607236574,817903.7571894214,823709.6241429901
2020-05-20,923290.7810559764,898650.7772488571,844025.2382860304,875460.9888126858,801748.607236574,812480.0690831717,818247.4361383528
2020-05-21,921905.8448843925,893851.4603770162,839517.6535056926,870785.5188741741,801748.607236574,808140.953820263,813877.5197870627
2020-05-22,921905.8448843925,890252.0384461081,836137.026648364,867278.9804472739,801748.607236574,804886.6767939451,810600.1423662561
2020-05-25,921905.8448843925,888916.660388439,828248.9755562,859097.1386068873,801748.607236574,797293.4390498847,802953.0042363602
2020-05-26,921905.8448843925,890000.4382183481,830502.6747986865,861434.776959172,801748.607236574,799462.9070150211,805137.8721091935
2020-05-27,921905.8448843925,903284.1618650319,842898.3630996298,874292.143119211,801748.607236574,811395.3104909356,817154.9774175773
2020-05-28,921905.8448843925,914152.4800375192,853040.1191316638,884811.6292214651,801748.607236574,821158.021684578,826986.9889436832
2020-05-29,921905.8448843925,897246.107140818,837263.9607064364,868447.8872050982,801748.607236574,805971.4920575434,811692.6581606739
2020-06-01,921905.8448843925,917775.303378604,856420.7517087861,888318.1735811929,801748.607236574,824412.3042169142,830264.3719095923
2020-06-02,921905.8448843925,916398.6404235361,862055.0596487105,894162.3315241213,801748.607236574,829836.0317271979,835726.599597972
2020-06-03,921905.8448843925,932967.8504824473,878958.1574561285,911694.9858207275,801748.607236574,846107.3817429618,852113.4513369106
2020-06-04,921905.8448843925,938948.3891651483,884592.4815739677,917539.1605441179,805679.4811428228,851531.1248265159,857575.6947091072
2020-06-05,921905.8448843925,934164.0223348207,880085.0826838514,912863.8834193156,801574.1796907563,847192.1885062419,853205.958570671
2020-06-08,921905.8448843925,946124.9347462662,878764.9550598256,924552.0716733019,811837.4293185835,858039.5250768127,864130.2946566197
2020-06-09,922852.6416943546,948517.2494553949,879667.4461989955,926889.838535997,813890.192703475,860209.112307283,866315.2826413884
2020-06-10,926343.8518956783,947094.4735812119,882995.2840608495,930396.3217095826,816969.191034462,863463.3380552259,869592.6084198218
2020-06-11,929835.2150960793,949240.1849974206,886323.2677621379,933902.9585515691,820048.3242997198,866717.70641662,872870.0778240443
2020-06-12,899577.8419739767,918351.3629850248,857481.7984522138,903513.2187159893,793363.4797986133,838514.2133580453,844466.3830585026
2020-06-15,904232.5900370369,923103.2521808316,861918.7260355973,902157.9488879152,797468.6355156461,842852.995649428,848835.9640746774
2020-06-16,902876.2411519814,924291.4386283318,863028.1578859376,901966.2259295376,798495.109447774,843937.8867537542,849928.5562481765
2020-06-17,914270.3088422705,937359.6942851802,875230.2319666513,914718.8326742048,809784.7717716969,855870.0497076439,861945.4193271967
2020-06-18,908476.6631809606,935953.6547437524,869683.979630729,908922.3447592116,804653.2412120849,850446.4810407222,856483.3516097242
2020-06-19,910794.0303888888,936935.7074547537,871902.3933966919,911240.8488239425,806705.7727855531,852615.8232672589,858668.0928514058
2020-06-22,911952.824700735,938127.7615659348,873011.70626024,912400.2116185013,807732.1366281427,853700.598016793,859760.5678441715
2020-06-23,922381.7894801688,948856.0592574199,882995.3458630991,922834.2926520677,816969.24821544,863463.3984904034,869592.6692839969
2020-06-24,920998.2167959486,966736.4906797719,899634.6849640341,940224.3647530706,832364.3784613475,879734.6737083764,885979.4456941944
2020-06-29,920998.2167959486,996537.15396136,927366.8649132975,969207.7640281402,858022.8808653202,906853.4150004182,913290.6886131158
2020-06-30,920998.2167959486,995042.3482304179,953989.9775070805,997032.0570935413,882655.246576872,932887.62162033,939509.6983208584
2020-07-01,920998.2167959486,999328.6431785871,959536.582328222,1002828.913397167,887787.1032645726,938311.5349754619,944972.1131733006
2020-07-02,920998.2167959486,991241.4928887051,951771.4526054855,994713.4368789656,880602.6121779536,930718.1707164928,937324.8476304334
2020-07-03,922834.1675860523,994707.2953417298,955099.2509864288,998191.3787269657,883681.5739802205,933972.3578568469,940602.1345272233
2020-07-06,918546.8689017437,990086.088814726,950662.0553277014,993553.9858615729,879576.1702332143,929633.3134199743,936232.2895047258
2020-07-07,933552.3570628463,1006260.2499677057,966192.1808981965,1009784.7989828322,893945.028541994,944819.9110242628,951526.6887475237
2020-07-08,932480.5566856491,1004750.8595927542,965082.9071267825,1008625.4770441647,892918.7008684189,943735.1745021407,950434.2522535262
2020-07-09,935696.0073540214,1006705.4600487639,963635.2827660923,1012103.4964420451,895997.7313242544,946989.4342031742,953711.6122260654
2020-07-10,934292.4633429904,994020.622098683,950068.0419248218,999350.6413612196,884707.8491526232,945568.9500518694,941694.5151382915
2020-07-13,924235.3309164853,984795.5304904523,941250.8559168449,990076.0840629645,876497.2438859817,935390.4325938174,932955.0403467347
2020-07-14,939386.7015405217,1000939.6894207969,956681.1690537016,1006306.8092839506,890866.0243781689,950724.6733962687,948249.3567605416
2020-07-15,937222.1184554403,998633.2727796482,954476.7351683233,1003988.025449555,888813.2451294523,948533.9647741131,946064.3518901115
2020-07-16,941551.2142446627,997135.3228704787,958885.5312623993,1002482.0434113807,892918.736881222,952915.3107880178,950434.2905860211
2020-07-17,955620.2558230623,1010519.1461108403,973213.5892630243,1015937.6317983515,906261.0921830437,967154.1593236498,964636.0667076935
2020-07-20,954186.8254393276,1007085.8967908819,969907.0859608642,1012485.9731168551,903182.0606867905,963868.2429977966,961358.7056277202
2020-07-21,954186.8254393276,984197.637442871,947863.7975008774,989474.9850643297,882655.246331289,941962.2006300659,939509.6980594568
2020-07-22,945002.8677028364,976186.915728645,940148.8093563244,981421.3092100242,875471.0129223036,934295.2476040734,931862.7067920066
2020-07-23,946990.6818486778,978240.3255397578,942126.4129872819,983485.729571224,877312.5667664644,936260.5382640841,933822.8806008396
2020-07-24,949320.119465902,976772.9650514482,944443.8853221827,985904.9388605847,879470.6079534165,938563.5815348979,936119.9276442697
2020-07-27,927188.8584882407,952572.843529919,922426.3027636447,962920.7851976828,858967.7310547893,916683.0850183344,914296.39941573
2020-07-28,906222.2382707687,931032.2125603736,901567.3787250342,941146.1551232146,839543.8024438979,895954.0329731045,893621.3177457373
2020-07-29,904862.9049133625,940605.8477787871,910838.0324062837,950823.7901768759,848176.6789502589,905166.9656390563,902810.2635244966
2020-07-30,904862.9049133625,941802.529093714,911996.8417597226,952033.471220407,849255.7676948732,906318.5600047805,903958.8595871675
2020-07-31,904862.9049133625,939409.0722254544,909679.1317968481,949614.0138712128,847097.5052276293,904015.2805855143,901661.5770101235
2020-08-03,904862.9049133625,937999.9586171162,908520.3044947055,948404.3140910304,846018.3997690972,902863.6683828386,900512.9631569417
2020-08-04,904862.9049133625,928232.6238805942,900408.5294568798,939936.4324127133,838464.6765305119,894802.3989411821,892472.6821201434
2020-08-05,904862.9049133625,935400.5465218112,907361.5911340882,947194.7332544023,844939.400413452,901712.1694122647,899364.4622410493
2020-08-06,904862.9049133625,947346.8800243336,918949.82915188,959291.694515934,855730.4224032226,913228.2566533264,910850.5660777417
2020-08-07,904862.9049133625,950930.6150966625,917571.4044081522,962920.6158358019,858967.5799765359,916682.9237889023,914296.2386060766
2020-08-10,904862.9049133625,946152.0462254821,911593.0809493059,958081.7954137849,854651.1391407216,912076.4546997616,909701.762967708
2020-08-11,904862.9049133625,944732.8181561439,932311.1920907148,979856.4726626213,874075.1098332262,932805.5516541325,930376.8894299159
2020-08-12,904862.9049133625,942153.3272011192,931160.2654700372,978646.8519818895,872996.0749348863,931654.0147526962,929228.3506819182
2020-08-13,904862.9049133625,954963.7336554903,943821.1998747034,991953.4588655295,884866.154071803,944321.6626389314,941863.0169485261
2020-08-14,904862.9049133625,929343.0098237895,918499.4191030602,990465.5286772312,861126.0783364541,918986.4549508322,916593.7722703442
2020-08-17,913697.3535974516,939824.0898323723,928858.2056842184,1000135.7415226741,870837.8114953798,929350.7342958393,926931.0670699852
2020-08-18,911432.9063018608,937494.8917558179,926556.1847321303,997657.0710239605,868679.5844638854,927047.4926933047,924633.8222112128
2020-08-19,915961.7494986522,936088.6494181842,931160.1743891367,1002614.3557649411,872995.9895432823,931653.9236234998,929228.2597899869
2020-08-20,901242.9616541837,919666.9376508702,916197.1597615568,986503.1284124887,858967.627806351,916682.9748324759,914296.2895167526
2020-08-21,885391.8531776614,903491.787318247,900083.0360644283,969152.4596514328,843860.0601187337,900560.3065944009,898215.5984251834
2020-08-24,884063.7653978949,903491.795405739,900083.0441214072,969152.4683266778,843860.0676724397,900560.3146556519,898215.6064654463
2020-08-25,884063.7653978949,902336.4799573994,898932.0875206392,967913.1910868094,842781.0046666921,899408.7477582282,897067.0377995591
2020-08-26,884063.7653978949,904647.218222776,901234.1076857852,970391.8607381933,844939.2309604,901711.9885734033,899364.2818730219
2020-08-27,884063.7653978949,903290.2473954418,900083.2524223963,969152.6926120026,843860.2629620722,900560.5230670931,898215.8143342652
2020-08-28,884063.7653978949,892710.413345981,890875.291939222,959238.1434058971,835227.4704578634,891347.6800475264,889026.9579684867
2020-08-31,884063.7653978949,897323.8754609484,895479.2702809973,964195.4159633525,833974.6292521766,895954.0996564905,893621.3842555056
2020-09-01,884063.7653978949,886943.3531273055,885120.086915135,953041.3028018564,833974.6292521766,885589.4233163836,883283.6934943856
2020-09-02,884063.7653978949,890403.5122605701,888573.133089929,956759.324428199,833974.6292521766,889044.3004746668,886729.5754986104
2020-09-03,884063.7653978949,908857.5064076306,906989.1918447358,976588.5712023028,833974.6292521766,907470.1243753207,905107.4257327502
2020-09-04,884063.7653978949,907494.2201480191,886271.2224543915,954280.7727113669,833974.6292521766,886741.1692471782,884432.4407275106
2020-09-07,884063.7653978949,903781.4200530464,884941.8156207099,951802.1212271173,833974.6292521766,884437.9453133513,882135.2134914434
2020-09-08,884063.7653978949,914372.6195513287,893971.2813535965,962956.0639007927,833974.6292521766,894802.4632319813,892472.7462435545
2020-09-09,884063.7653978949,909665.4600124938,889369.1472186822,957998.7984219842,828438.6978207317,890196.05020067,887878.3265170627
2020-09-10,884063.7653978949,917902.949926957,897422.8435526598,966673.9716444132,835940.6375095878,898257.2345676376,895918.5227006732
2020-09-11,884063.7653978949,923786.9431957195,903175.5540882538,972870.5996677749,841299.2313397775,904015.293763584,901661.5901538827
2020-09-14,884063.7653978949,922401.262780926,906627.3222228561,971411.2937682732,844514.5197355485,907470.2712262505,905107.5722013373
2020-09-15,884063.7653978949,928032.4933956021,913530.4968081127,977341.729076241,850944.7596220161,914379.8641313551,911999.1752185777
2020-09-16,884063.7653978949,928032.3969889466,913530.4019079659,977341.6275472018,850944.6712234536,914379.7691429735,911999.0804775088
2020-09-17,884063.7653978949,918681.994082259,904326.1140479059,967494.4088243484,842370.9667352763,905166.9234719052,902810.2214671322
2020-09-18,884063.7653978949,910500.2380417509,896272.2110718362,958877.9307889165,834868.8345613241,897105.5322707172,894769.818987817
2020-09-21,884063.7653978949,906993.9237511737,892820.688567364,955185.3151791992,831653.7749676267,893650.8006665588,891324.0821587506
2020-09-22,884063.7653978949,905633.4328655469,889369.0134421608,951492.5362880046,828438.573209205,890195.916299768,887878.1929647864
2020-09-23,884063.7653978949,900767.5179170946,885917.3719880887,947799.7934199112,825223.4028151139,886741.0656354147,884432.3373855116
2020-09-24,884063.7653978949,890239.1451234216,875562.5710309563,936721.696840712,815578.0065834742,876376.637162176,874094.8938459109
2020-09-25,884063.7653978949,882050.3803461625,867508.8070718902,928105.367532793,808076.0039025069,868315.3851072446,866054.6301505696
2020-09-28,884063.7653978949,876201.2512951893,861756.1073639349,921950.8346528573,802717.4201581571,862557.336749004,860311.5735068487
2020-09-29,884063.7653978949,904276.9883203998,889368.9849014356,951492.5057536745,828438.5466237974,890195.8877325067,887878.1644719032
2020-09-30,884063.7653978949,902920.5728379192,897422.874711508,960108.969703448,835940.6665337514,898257.2657554562,895918.5538072909
2020-10-05,884063.7653978949,903879.8273443076,899723.852946777,962570.674107277,838084.0053474503,900560.3833563307,898215.6749872551
2020-10-06,884063.7653978949,902724.0239200186,898573.3638234544,961339.8218992769,837012.3359353024,899408.8245501999,897067.1143915944
2020-10-07,884063.7653978949,894633.0979863846,890519.6393849918,952723.5348725244,829510.3700673922,898059.7113133746,889026.8901506095
2020-10-08,884063.7653978949,899256.5882744087,889183.8599259143,957647.2382550279,833797.3041730655,901348.8871096693,893621.4073908674
2020-10-12,884063.7653978949,906191.4949102441,894699.0389164761,965032.4431831432,840227.4004693263,908299.9291814481,900512.8565154506
2020-10-13,884063.7653978949,904832.2076678787,901546.3107828045,972417.9876074499,846657.792355652,915251.2907910505,907404.6224383834
2020-10-14,884063.7653978949,893184.3100674072,891275.6235747884,961339.9089034367,837012.411687449,904824.472321475,897067.1955788799
2020-10-15,884063.7653978949,888609.6836024536,886710.7728388126,956416.2095733915,832725.4811101404,900190.2283803704,892472.6821201434
2020-10-16,890692.3499038467,896615.2612863592,894699.2430368179,954981.5852590314,840227.592162283,908300.1364047532,900513.0619621808
2020-10-19,908869.6114076424,914913.3976456256,912958.2772697759,973011.3453280566,857374.9682086665,926836.737853216,918890.7446902713
2020-10-20,925910.9839676785,932068.0916454613,930076.3126176922,991255.3801519257,873450.812393031,944214.995365449,936120.0142419105
2020-10-21,925911.138240568,930669.9895079931,930076.467584598,991255.5453123292,873450.9579251425,944215.1526881055,936120.1702158023
2020-10-22,917958.4178745172,921294.453330693,922087.9708917082,982741.5769220733,865948.8219911939,936105.2177660726,928079.7637067147
2020-10-23,916581.4802477054,925855.2668944403,926652.7127170904,987606.5808276985,870235.650288673,940739.3511409641,932674.1675471487
2020-10-26,916581.4802477054,924715.0357550501,925511.4994883916,986390.300252114,869163.9171328042,939580.7896027027,931525.5386342203
2020-10-27,916581.4802477054,911032.400027606,911817.0788080571,971795.0804908025,856303.2489207251,925678.1913064169,917742.1306402797
2020-10-28,909481.437500831,905331.3046952075,906111.0730811077,965713.7420035367,850944.6398796067,919885.444950085,911999.046884773
2020-10-29,888863.5921803714,903973.3077381647,885569.6335556586,943821.1164528884,831653.8173978166,899031.7419117473,891324.1276332632
2020-10-30,888863.6146368099,902619.401474127,885569.6559288779,943821.1402977855,831653.8384088952,899031.7646250761,891324.1501518652
2020-11-02,887718.010727509,901456.0685421539,884428.2974087578,942604.7048737212,830581.9688073301,897873.0555867259,890175.3750034015
2020-11-03,899172.4366723801,913087.7597491493,895840.2754398385,954767.3462269305,841299.1555016183,909458.5143684901,901661.5088744131
2020-11-04,897823.6780173715,911924.6419669961,894699.1280055334,953551.1357735991,840227.4841344068,908300.019624805,900512.946183415
2020-11-05,897823.6780173715,918903.7214234979,901546.3783337458,960848.7882726553,846657.8557939137,915251.3593688767,907404.6904282755
2020-11-06,897823.6780173715,917525.3658413626,908393.4437472611,968146.2436935947,853088.0537968182,922202.5113872453,914296.2485568501
2020-11-09,897823.6780173715,928811.54670112,907030.8535816402,981525.1781373536,864876.9846746143,934946.5436283337,926931.0231596511
2020-11-10,897823.6780173715,933415.3964559104,910161.5004998832,986390.3140917221,869163.9293276606,939580.8027855473,931525.5517040452
2020-11-11,897823.6780173715,929962.5259598059,906794.6503239608,982741.4799005331,865948.7365000634,936105.125348725,928079.6720816832
2020-11-12,897823.6780173715,940321.0651933773,916895.1303970465,993687.9061186232,875594.2477017537,946532.0849271921,938417.238840318
2020-11-13,897823.6780173715,942622.9727491778,919139.691224899,996120.4557911457,877737.7038990109,948849.1970697915,940714.4858259908
2020-11-16,897823.6780173715,941209.0382900541,920261.9272805887,994626.2751074589,878809.3896374877,950007.7073490558,941863.0639193777
2020-11-17,908504.9511588542,952406.4605315889,932606.9601131076,1006459.1941741275,890598.3493314519,962751.770740906,954497.8694058775
2020-11-18,906318.3710514557,950114.2187357683,930362.3715454795,1004036.8588306797,888454.8666439375,960434.6299618938,952200.5940292988
2020-11-19,904131.8016113683,947821.9881227334,928117.7939281589,1001614.5353046835,886311.394413482,958117.5004871377,949903.329860062
2020-11-20,910691.5043213445,954698.6740804476,934851.5210209978,1008881.4996674898,892741.8056051414,965068.88296613,956795.1164734665
2020-11-23,906318.3857199794,950114.2341131163,930362.386603149,1004036.8750807513,888454.8810233452,960434.6455062749,952200.6094404141
2020-11-24,904958.9081413995,948689.0627619466,932607.0045831669,1006459.2421657274,890598.3917983894,962751.8166483786,954497.9149197743
2020-11-25,895991.9540777282,939288.8003080799,924751.1433424376,997981.2829481281,883096.3921856887,954642.0290919038,946457.6545128446
2020-11-26,898166.6157783888,941568.5477662944,926995.6064594517,1000403.4829066504,885239.755073422,956959.040365341,948754.8014941306
2020-11-27,902516.0370554922,946128.1452881384,931484.6337108397,1005247.9918405208,889526.5773159936,961593.1671947759,953349.1988452238
2020-11-30,899253.808109092,942708.2762821174,928117.6950521844,1001614.4285988171,886311.2999913048,958117.3984151785,949903.2286631902
2020-12-01,897079.1996402714,940428.5846280549,925873.2868756244,999192.2879314299,884167.9895692725,955800.443858045,947606.1379119655
2020-12-02,895733.580840811,939017.9417511128,931484.5928259887,1005247.9477180383,889526.5382727713,961593.124988397,953349.1570006902
2020-12-03,895733.580840811,929704.1496600879,923628.8896826857,996770.1591174462,882024.6896361121,953483.5006395583,945309.0584021786
2020-12-04,895733.580840811,937611.5720789864,931484.6401294161,1005247.9987673779,889526.5834454498,961593.173820821,953349.2054144623
2020-12-07,895733.580840811,941000.4607484123,934851.3837113872,1008881.3514844653,888192.2935702817,965068.741218238,956794.975940813
2020-12-08,895733.580840811,998612.8164554654,933449.1066358201,1070649.6860522372,941159.7519214699,1024154.667230009,1015374.3441685203
2020-12-09,895733.580840811,999742.4815377428,933105.3981963642,1071860.8417131244,942224.4241258226,1025313.226130272,1016522.9704660665
2020-12-10,893381.4294513644,998242.8678154362,932051.0929572138,1070649.7582671999,941159.8154023798,1024154.7363088982,1015374.4126551796
2020-12-11,894391.9661635142,997875.204364712,933105.3703531644,1071860.809729561,942224.3960105176,1025313.1955356563,1016522.9401337458
2020-12-14,892370.832412776,995620.2207212235,930996.7526236183,1069438.6345081863,940095.1712415223,1022996.2079251085,1014225.8166124816
2020-12-15,892370.7429515654,995620.120909142,930996.6592901145,1067834.476556424,940095.0769958914,1022996.1053685526,1014225.7149351676
2020-12-16,889338.8964155875,992237.4826519259,927833.5804702736,1062612.569800599,936901.0861292111,1019520.4566845516,1010779.8638191221
2020-12-17,888004.8880709641,995620.2012079257,930996.7343768849,1066235.2098646453,940095.1528164676,1022996.187875265,1014225.7967345302
2020-12-18,884666.5235841619,994126.7709061138,928887.9915154167,1063820.1467345334,937965.8016926643,1020679.0627674792,1011928.5368948248
2020-12-21,884666.4331682809,992637.712733928,928887.8965799535,1063820.038008552,937965.7058294186,1020678.9584506613,1011928.4334723399
2020-12-22,883662.3771142795,991511.1142019468,927833.6511818215,1062612.6507838499,936901.1575318068,1019520.5343836898,1010779.9408521269
2020-12-23,888683.1298382417,997144.6369776078,933105.3742428027,1068650.1550378639,942224.3999381685,1025313.1998096618,1016522.9443711092
2020-12-24,898724.6665229243,1008411.7175780551,943648.8531629428,1080725.2011083995,952870.9178695985,1036898.5667008416,1028008.9871393365
2020-12-25,897376.57952314,1024185.8427891487,958409.9223826139,1097630.4932067615,967776.2436472328,1053118.298718262,1044089.6635124868
2020-12-28,897376.57952314,1022649.5640249649,974225.2673709706,1115743.207312068,983746.148389837,1070496.488174372,1061318.8655914643
2020-12-29,897376.57952314,1014487.345579739,967899.2189703429,1108498.2242793706,977358.276963099,1063545.3108402344,1054427.282364159
2020-12-30,888223.9231692584,1005646.4460785238,959464.3185652212,1098838.0531191982,968840.944202902,1054276.8884699643,1045238.3203969757
2020-12-31,893104.3372075476,1011172.0471178263,964736.1683853156,1104875.7025456114,974164.3146071647,1060069.6931811613,1050981.4620070574
2021-01-04,911649.5205700517,1032168.8895287268,984768.7764399191,1127818.287910889,994392.6967647128,1058479.5886413895,1072804.9412037372
2021-01-05,985830.9304810992,1116157.025060991,1064899.9393752227,1219589.4662343077,1075306.963252924,1142894.2984089686,1160099.6540318306
2021-01-06,1049275.552178471,1114482.7895233997,1133433.1652157267,1298077.9675776106,1144509.9486561492,1216446.967696038,1234759.599673202
2021-01-07,1047701.6388502034,1117989.3645500145,1131733.015467903,1304115.4442350534,1149833.1667307287,1222104.7712763478,1240502.576941734
2021-01-08,1047701.6388502034,1128341.1775733521,1140501.3332516432,1316190.656815454,1160479.8314732146,1233420.6213982974,1251988.7780977155
2021-01-11,1047701.6388502034,1117989.3942377812,1130037.9885378203,1304115.478865325,1149833.197264095,1222104.8037288582,1240502.6098827908
2021-01-12,1047701.6388502034,1102461.7552910286,1114343.0079122728,1286002.7539995422,1133863.2830340236,1205131.1166391599,1223273.3975682172
2021-01-13,1031398.040920433,1086933.9778722855,1098647.887322419,1267889.8676085542,1117893.22638785,1188157.2781819387,1206044.0316074046
2021-01-14,1070689.4651767188,1085303.576905477,1140501.2150740735,1265988.0328071413,1160479.7112254936,1233420.4935925272,1251988.648367932
2021-01-15,1159094.9884451835,1173156.0355019658,1234671.009385351,1368466.4209766167,1256299.105597132,1335262.5194016614,1355363.8240701384
2021-01-18,1134537.994862211,1148301.139636794,1208512.8356749895,1339473.6106776826,1229682.71144308,1306973.1786250996,1326648.6099918422
2021-01-19,1129626.5371379128,1143330.1007402304,1203281.1380777573,1333674.978951422,1224359.3686560574,1301315.2424936718,1320905.4981767416
2021-01-20,1127932.0973322059,1158243.1696429814,1218976.1805767838,1351070.818387557,1240329.3458434637,1318288.9964978246,1338134.778413113
2021-01-21,1127932.0973322059,1158243.1209526744,1218976.1293333785,1351070.761591148,1240329.2937024124,1318288.9410795004,1338134.7221605103
2021-01-22,1127932.0973322059,1156505.7562712454,1229439.41402957,1362667.902571226,1250975.8668425542,1329604.6938415328,1349620.8244908995
2021-01-25,1127932.0973322059,1198998.9584447485,1276524.317974483,1414855.1731021826,1298885.5709365772,1380525.714088512,1401308.4197949488
2021-01-26,1127932.0973322059,1203912.8319335147,1281755.914682454,1420653.6930062938,1304208.8110670317,1386183.5411109964,1407051.4208585585
2021-01-27,1127932.0973322059,1218654.6790749903,1297450.9461379992,1438049.5202022186,1320178.7770175047,1403157.2831719301,1424280.6889719153
2021-01-28,1127932.0973322059,1179343.2656181299,1255597.719412328,1391660.8588112663,1277592.3949755465,1357894.1770181463,1378336.183112966
2021-01-29,1127932.0973322059,1169515.3856390803,1245134.3843952026,1380063.6620572153,1266945.7706329846,1346578.369835417,1366850.0255426203
2021-02-01,1050529.0160242254,1167761.1125606217,1161427.9595860047,1287286.371021268,1181773.0356929456,1256052.1885035355,1274961.0452667219
2021-02-02,1088385.7458620244,1208030.3577631903,1203281.0296311444,1333674.8587529664,1224359.2583097531,1301315.1252116617,1320905.379129145
2021-02-03,1116778.4174932074,1239544.1931830994,1234670.9695345655,1368466.3768073914,1256299.0650482683,1335262.4763041397,1355363.7803238183
2021-02-04,1083653.7678820093,1202778.2005442462,1198049.521080401,1327876.4365592613,1219036.1078808024,1295657.3935287786,1315162.474840398
2021-02-05,1088385.8531067327,1208030.4767971486,1196252.4467987805,1333674.990167377,1224359.378952689,1301315.2534374876,1320905.509285308
2021-02-17,1086753.2743270725,1208030.5070968412,1196252.4467987805,1333675.023618472,1224359.4096619412,1301315.2860769392,1320905.5424161202
2021-02-18,1086753.2743270725,1206218.461336196,1178880.872946838,1316279.3073055309,1208389.5455058496,1284341.6522085702,1303676.3841240804
2021-02-19,1086753.2743270725,1188494.529247591,1163300.9718486164,1298883.5704706518,1192419.6625099154,1267367.998316199,1286447.2055065932
2021-02-22,1086753.2743270725,1183188.7084762037,1158107.6231979358,1293084.9376135196,1187096.318684714,1261710.0610813387,1280704.092571449
2021-02-23,1065661.385771415,1161965.5227299095,1137334.3238710824,1291145.3102070994,1165803.041044637,1239078.415940993,1257731.7461925792
2021-02-24,1089991.4978189417,1188494.354252614,1163300.8005631608,1318645.4768725412,1192419.4869369983,1267367.8117078233,1286447.0160889782
2021-02-25,1119187.6654595858,1220328.9882622845,1194460.6080090897,1353966.2977031483,1224359.2583097531,1301315.1252116617,1320905.379129145
2021-02-26,1114321.6565866338,1218498.494779891,1189267.327117652,1348079.517298366,1219035.9839398824,1295657.261797677,1315162.3411261905
2021-03-02,1114321.6565866338,1216673.4845530614,1189267.327117652,1348079.517298366,1219035.9839398824,1295657.261797677,1315162.3411261905
2021-03-03,1112650.1741017539,1200734.543010821,1173687.4179261664,1330419.1006842868,1203066.092648101,1278683.5990880316,1297933.153558692
2021-03-04,1112650.1741017539,1227299.6091456949,1199654.0931254134,1359853.309604567,1229682.742016481,1306973.211120161,1326648.6429760905
2021-03-05,1112650.1741017539,1206047.5974834294,1178880.7932825717,1336305.9881686843,1208389.4638475,1284341.5654176672,1303676.29602661
2021-03-08,1112650.1741017539,1232612.5329041695,1204847.3407120837,1365740.0522571353,1235005.9822479298,1312631.0382499876,1332391.6441486585
2021-03-09,1112650.1741017539,1230763.6141048132,1173687.4858231773,1330419.1776481175,1203066.1622446477,1278683.6730589992,1297933.2286432332
2021-03-10,1112650.1741017539,1261546.3616707204,1204847.2608799585,1365739.9617644006,1235005.9004175195,1312630.9512762094,1332391.55586556
2021-03-11,1112650.1741017539,1266984.1554723764,1210040.6577825334,1371626.8736721969,1240329.2937024124,1318288.9410795004,1338134.7221605103
2021-03-12,1112650.1741017539,1277859.5350983748,1220427.2529577285,1383400.4723332194,1250975.8766703194,1329604.7042870123,1349620.8350936272
2021-03-15,1112650.1741017539,1305048.0976147081,1246393.849248082,1412834.591807283,1249099.4128553139,1357894.2303511861,1378336.2372488917
2021-03-16,1112650.1741017539,1321361.1157849664,1261973.6930463635,1430494.9342956913,1249099.4128553139,1374867.8218176574,1395565.3525007071
2021-03-17,1112650.1741017539,1319379.0741112889,1282746.903600641,1454042.1545196078,1249099.4128553139,1397499.3702439761,1418537.600709598
2021-03-18,1112650.1741017539,1365405.6188358148,1329486.7782003207,1507023.571020499,1249099.4128553139,1448420.5185507743,1470225.3260013044
2021-03-19,1112650.1741017539,1354738.3280110655,1327492.5480330202,1495249.8837805605,1249099.4128553139,1437104.670208881,1458739.1266521765
2021-03-22,1112650.1741017539,1322736.7221209402,1327492.5480330202,1459929.1162945973,1249099.4128553139,1403157.4079752937,1424280.8156540932
2021-03-23,1191619.5508125422,1418741.7337523666,1327492.5480330202,1565891.6328309046,1249099.4128553139,1504999.4004296875,1527655.9574994305
2021-03-24,1164740.7845427275,1386739.8859874834,1327492.5480330202,1530570.5983832737,1249099.4128553139,1471051.8816156692,1493197.386058304
2021-03-25,1137862.2442898138,1384659.776158502,1327492.5480330202,1528274.7424856988,1249099.4128553139,1437104.6482579445,1458739.1043707863
2021-03-26,1142342.016905128,1388029.1488767557,1327492.5480330202,1531993.5818078124,1249099.4128553139,1442762.5405739208,1464482.171710829
2021-03-29,1146821.8066925888,1393472.4213063933,1327492.5480330202,1538001.4228052327,1249099.4128553139,1448420.4545780863,1470225.261065559
2021-03-30,1145101.57398255,1409802.238510604,1341037.6042426478,1556024.9457040066,1249099.4128553139,1465394.1965025414,1487454.5290403822
2021-03-31,1145101.57398255,1360812.9432242068,1294437.8150028381,1501954.5495478578,1249099.4128553139,1414473.1332197383,1435766.8900526392
2021-04-01,1145101.57398255,1355369.639070555,1289260.013917,1495946.673536053,1249099.4128553139,1408815.1862406028,1430023.7672265274
2021-04-07,1138794.5983577366,1353336.5846119493,1284082.2828694303,1489938.8787906442,1249099.4128553139,1403157.315794498,1424280.7220855898
2021-04-08,1129610.718211687,1340411.899372455,1273726.7211197123,1477923.1736692062,1249099.4128553139,1391841.466006579,1412794.5212686674
2021-04-09,1129610.7622210274,1340411.9515945548,1273726.7707437752,1477923.2312487098,1249099.4128553139,1391841.5202323617,1412794.5763107757
2021-04-12,1102059.2191076365,1307718.9046538107,1242660.1952360952,1441876.243218984,1249099.4128553139,1357894.090786584,1378336.0955832566
2021-04-13,1115834.9777456908,1324065.4127947423,1258193.4684231307,1459899.720331777,1249099.4128553139,1374867.789591865,1395565.3197897815
2021-04-14,1114161.2252790723,1340411.941064173,1273726.760737277,1477923.2196380282,1249099.4128553139,1372805.4879074772,1412794.5652117499
2021-04-15,1114161.2252790723,1338401.3231525766,1253015.8256482445,1453892.0280104144,1249099.4128553139,1348460.8307371712,1389822.3725592992
2021-04-16,1114161.2252790723,1347441.2757569312,1263371.27830702,1465907.6065520854,1249099.4128553139,1359605.0812798073,1401308.4523745317
2021-04-19,1114161.2252790723,1364008.1554303912,1278904.5117971846,1483931.0376040365,1249099.4128553139,1376321.5157473013,1418537.632550009
2021-04-20,1114161.2252790723,1341918.8810828293,1258193.4386903606,1459899.6858324225,1249099.4128553139,1354032.834091874,1395565.2868107336
2021-04-21,1114161.2252790723,1336396.6648071562,1253015.7663414371,1453891.959195885,1249099.4128553139,1348460.7669128324,1389822.306777267
2021-04-22,1114161.2252790723,1347441.2106129222,1263371.2172274971,1465907.535680649,1249099.4128553139,1359605.0155477212,1401308.3846262353
2021-04-23,1114161.2252790723,1345420.0487970028,1211593.6992267086,1405829.3474322548,1249099.4128553139,1303883.4887260378,1343877.7030337993
2021-04-26,1136263.7020591553,1372110.1854785637,1237482.462776114,1435868.446834734,1273878.7626857073,1331744.2570323988,1372593.0488756977
2021-04-27,1126755.2740388075,1360628.1581014981,1227127.0207229832,1423852.880598943,1263218.750841893,1320600.0179032632,1361106.9808240535
2021-04-28,1122001.0416456133,1354887.122214307,1221949.2796758316,1421717.1012780445,1257888.7243105627,1315027.8767930965,1355363.9245917615
2021-04-29,1122000.986408679,1354887.0555122206,1221949.2195183723,1419587.6498111521,1257888.6623837785,1315027.8120533098,1355363.8578662015
2021-05-03,1093475.5272042956,1320440.761884379,1220116.2956890948,1383496.4252202096,1225908.4304970524,1281594.8893912497,1320905.4421401962
2021-05-04,1091835.3139134892,1318460.1007415524,1186507.4745844058,1347405.283141859,1193928.2717242716,1248162.0431643105,1286447.1051938178
2021-05-05,1070732.2399937664,1292976.8061351292,1165319.931977367,1323344.577704233,1172608.215450908,1225873.5308401084,1263474.9339796898
2021-05-06,1090199.9580524014,1316485.3052519015,1186507.4138112708,1347405.2141275085,1193928.2105710423,1248161.979233217,1286447.0393017563
2021-05-07,1114534.7805566306,1345871.1403880196,1212991.9564878552,1377481.225858092,1220578.3960461381,1276022.7400017546,1315162.3773746225
2021-05-10,1129135.7950438003,1363502.7875662753,1228882.8137661307,1395526.982424355,1236568.6398270412,1292739.3349773001,1332391.722981439
2021-05-11,1065865.2017936758,1287099.5501114128,1160022.9432322688,1317329.2842713885,1167278.09764445,1220301.2943086734,1257731.779399258
2021-05-12,1064266.4039909854,1285168.9007862457,1101756.9516133976,1251162.0610414927,1108647.691883048,1159007.623005441,1194558.0380997364
2021-05-13,1016691.4346354045,1227719.1205034424,1054084.8342408924,1197025.3074329481,1060677.4178450122,1108858.3161563822,1142870.4940210104
2021-05-14,1072890.3497199563,1295582.8599334853,1112350.717156156,1263192.4072183496,1119307.7142229392,1170151.873107434,1206044.1174608099
2021-05-17,1021800.2656911658,1233888.3566717685,1059381.5655333204,1203040.3085009356,1066007.2765886087,1114430.2818571166,1148613.3694635103
2021-05-18,1037127.3849860836,1252396.8212654097,1075272.4085668977,1221086.0488908307,1081997.506035723,1131146.8618477657,1165842.6996257964
2021-05-19,1088217.4834611726,1314091.3419719443,1128241.575167359,1281238.16461693,1135297.958741354,1186868.4688539924,1223273.4638622885
2021-05-20,1086585.1572359807,1312120.2049589865,1112350.807736409,1263192.5100818495,1119307.80536971,1170151.9683945149,1206044.2156706455
2021-05-21,1115956.4231961789,1347587.8636647551,1144132.167649352,1299283.620478884,1151287.936069854,1203584.7852736278,1240502.5223690078
2021-05-24,1121122.8881183835,1353826.6963669069,1149429.0758329139,1305298.8224255457,1156617.9728109182,1209156.937057302,1246245.5896021975
2021-05-25,1146955.164524614,1385020.8016673343,1175913.567328853,1335374.7760350695,1183268.106785269,1237017.6439856912,1274960.8721834684
2021-05-26,1172787.5579702286,1416215.0483002097,1202398.1788191944,1365450.8659109846,1209918.3615045052,1264878.4771437598,1303676.2848662806
2021-05-27,1136622.2828849969,1372543.1944733618,1165319.8003835992,1323344.42826553,1172608.0830341107,1225873.3924083246,1263474.791301767
2021-05-28,1134917.3494606693,1370484.3796816517,1170616.7995783843,1321359.4116231317,1177938.2113556114,1231445.6399324446,1269217.9572120637
2021-05-31,1148600.5168740274,1387007.668548006,1186507.4741245762,1337290.4237369632,1193928.271261566,1248162.0426805867,1286447.1046952566
2021-06-01,1174238.979915585,1417967.7319695386,1184727.7129133893,1367140.7246911365,1220578.5168494037,1276022.8662924662,1315162.507539068
2021-06-02,1179366.5118205121,1424159.550594359,1188118.867511573,1373110.597778541,1225908.398921675,1281594.8563815723,1320905.408118008
2021-06-03,1158855.9286776227,1399391.7260220677,1167456.0705171807,1349230.5750732622,1204588.3971328875,1259306.401016889,1297933.2956105266
2021-06-04,1128089.7069587507,1362239.5701337347,1136461.5254458524,1313410.137005561,1172608.0337511676,1225873.3408867212,1263474.7381998338
2021-06-07,1126397.5723983126,1360196.2107785342,1162290.2054430135,1343260.3777521057,1199258.2255858425,1253734.1083037194,1292190.08312509
2021-06-08,1126397.5723983126,1340050.1860224532,1146793.0027037733,1325350.2393820777,1183268.1159113646,1237017.6535263367,1274960.8820167554
2021-06-09,1114578.0177992356,1327977.707394761,1136461.5732096124,1313410.1922062037,1172608.0830341107,1225873.3924083246,1263474.791301767
2021-06-10,1114577.979551523,1327977.6618240527,1136461.5342109464,1313410.1471353923,1172608.0427950458,1225873.3503414146,1263474.7479445322
2021-06-11,1129776.8479971131,1346086.5408357014,1151958.8162933504,1331320.377202423,1188598.234336291,1242589.8907043338,1280704.037263581
2021-06-15,1150041.971610376,1370231.6719671674,1172621.8240819755,1355200.6435228847,1209918.4536238723,1264878.573447617,1303676.3841240804
2021-06-16,1134843.092630654,1368176.3244592166,1157124.5312586136,1337290.401042514,1193928.2510000402,1248162.021498688,1286447.0828636424
2021-06-17,1133140.8279917082,1347830.8908367536,1141627.4146348748,1319380.3621962885,1177938.2301800696,1231445.6596119972,1269217.97749525
2021-06-18,1151922.1931199941,1372225.9156057152,1162290.2657731608,1343260.4474757395,1199258.2878348618,1253734.1733803786,1292190.1501978552
2021-06-21,1131443.5959930376,1347830.8116128442,1141627.3475313622,1319380.2846446675,1177938.1609422502,1231445.5872290742,1269217.9028921148
2021-06-22,1121204.2874320147,1335633.2477068454,1131295.8783229336,1307440.1915709602,1167278.087087569,1220301.2832722499,1257731.7680243128
2021-06-23,1116084.6137784834,1329534.4426757598,1126130.1241713292,1301470.122443161,1161948.0299911106,1214729.1102085449,1251988.6788583666
2021-06-24,1141682.9716608387,1327540.1410117461,1151958.884450575,1331320.4559718207,1188598.3046613373,1242589.9642238705,1280704.1130381937
2021-06-25,1139970.4472033475,1355272.7059665124,1177787.5589898257,1361170.6904106508,1215248.4908645062,1270450.7257535537,1309419.4518955522
2021-06-28,1139970.4472033475,1343384.2466155922,1167456.0002877084,1349230.4939089653,1204588.3246696836,1259306.3252620695,1297933.217532068
2021-06-29,1133226.4904446565,1337440.068533222,1162290.2657731608,1347206.648168102,1199258.2878348618,1253734.1733803786,1292190.1501978552
2021-06-30,1128189.8610034783,1331495.8110685535,1157124.4622721404,1339210.1678513722,1193928.1798193706,1248161.9470846616,1286447.0061671033
2021-07-01,1133226.422882958,1337439.988796538,1155388.7755787321,1345188.7846721371,1199258.2163364212,1253734.0986341466,1292190.0731589207
2021-07-02,1128189.9282649024,1335433.828813343,1148530.9864511078,1339210.2476935922,1193928.2510000402,1248162.021498688,1286447.0828636424
2021-07-05,1133226.5186360818,1339386.5405369583,1153658.3856260476,1345188.898335237,1199258.3176689688,1253734.2045696895,1292190.1823438406
2021-07-06,1131526.6788581277,1387009.02545305,1194677.2232841994,1393017.688666803,1241898.4812178663,1298311.2825370193,1338134.5797264818
2021-07-07,1131526.6788581277,1387009.1504582877,1194677.3309553878,1393017.8142135763,1241898.5931449065,1298311.399548306,1338134.700326873
2021-07-08,1115284.674199091,1369150.584338095,1179295.1511766082,1375081.8829808806,1225908.4115855964,1281594.8696207476,1320905.4217632706
2021-07-09,1110435.7118265475,1363197.8802264126,1174167.8882037848,1369103.391153645,1220578.4865023599,1276022.8345669184,1315162.474840398
2021-07-12,1120133.8027989238,1361153.083406073,1184422.5899171443,1381060.5797568073,1231238.519384006,1274108.800315068,1326648.5655601188
2021-07-13,1124982.7654903815,1364997.900939166,1189549.8532271856,1387039.0719772459,1236568.4448177896,1277707.7458813235,1332391.5128607028
2021-07-14,1139530.021617655,1382648.8149684998,1204932.0323341812,1404975.0024266278,1252558.6256787623,1294229.9028470214,1349620.790671853
2021-07-15,1137820.7265852285,1376765.2153141315,1199804.672723968,1398996.3979182502,1247228.6001384102,1288722.5530944108,1343877.735507331
2021-07-16,1150682.1485749972,1394416.0514079023,1215186.783912737,1416932.2491736126,1263218.710396595,1305244.637108442,1361106.9372446046
2021-07-19,1150682.072442339,1394415.959149062,1215186.7035122544,1416932.1554250314,1263218.626818173,1305244.5507494556,1361106.8471895973
2021-07-20,1116695.8479243538,1392324.3352103382,1179295.2882152568,1375082.0427707033,1225908.5540408858,1266693.212013038,1320905.5752575793
2021-07-21,1126406.1330857037,1402327.870002692,1189549.909972194,1387039.138143068,1224069.6912098245,1277707.8068317214,1332391.5764196762
2021-07-22,1097453.8943108283,1366283.560458888,1158974.6742587658,1351387.7978865956,1224069.6912098245,1244866.6313255331,1298144.8532094075
2021-07-23,1095807.7134693621,1403887.695150417,1190873.0597888236,1388581.957461456,1224069.6912098245,1279129.0156739422,1333873.6106371894
2021-07-26,1095807.7134693621,1391353.1996073865,1180240.4478556882,1376184.1179355043,1224069.6912098245,1267708.4177149239,1321964.230075444
2021-07-27,1094166.3200550273,1391353.0168532592,1180240.2928312032,1376183.9371738345,1224069.6912098245,1267708.2512015284,1321964.0564355522
2021-07-28,1089237.616894433,1389265.9873279792,1174923.8670237947,1374119.6612680738,1224069.6912098245,1261997.8234997378,1316009.2319232984
2021-07-29,1094166.3977777907,1393462.1979653388,1180240.3766681256,1378270.123161054,1224069.6912098245,1267708.3412516299,1321964.1503396484
2021-07-30,1084309.1082442089,1380908.567761247,1178470.0161031235,1365853.3575876672,1224069.6912098245,1256287.6211589335,1310054.6424171068
2021-08-02,1094166.4475667411,1393462.2613734463,1187402.258883189,1378270.1858778612,1224069.6912098245,1267708.3989374337,1321964.2104943085
2021-08-03,1092525.1978953911,1412292.6678876353,1203448.095107414,1396895.2958689178,1224069.6912098245,1284839.4437853328,1339828.4355765732
2021-08-04,1092525.1978953911,1406015.8281694304,1198099.451038146,1390686.8887344406,1224069.6912098245,1279129.061344326,1333873.6582621897
2021-08-05,1081148.7854502925,1403906.8044271762,1187402.1345110196,1378270.0415135974,1224069.6912098245,1267708.2661537516,1321964.0720277058
2021-08-06,1086018.837719786,1408118.5476155798,1192750.806717656,1384478.4813083594,1224069.6912098245,1273418.6786351074,1327918.8806681153
2021-08-09,1090888.8645984933,1414432.9640300246,1198099.451038146,1390686.8887344406,1224069.6912098245,1279129.061344326,1333873.6582621897
2021-08-10,1086018.825024393,1408118.5311548908,1192750.7927745827,1384478.465124019,1224069.6912098245,1273418.663749039,1327918.865144948
2021-08-11,1042188.5694512562,1351288.7657073145,1144612.978882455,1328602.7808691657,1172908.526012958,1222025.2033433514,1274325.8500898127
2021-08-12,1040625.2865970792,1376546.4996457687,1166007.6140017533,1353436.4777078417,1194832.0498636675,1244866.7959292084,1298145.0248578463
2021-08-13,1040625.2865970792,1374481.6798963,1171356.272781578,1359644.9019175107,1200312.930826345,1250577.1940756727,1304099.818549855
2021-08-16,1040625.2865970792,1359889.4534580084,1160658.9141881515,1347228.0058684573,1189351.1268528325,1239156.3539737791,1292190.185481922
2021-08-18,1040625.2865970792,1322288.80753454,1128566.9490954513,1309977.4462012525,1156465.8283561394,1204893.9518416761,1256461.409509334
2021-08-19,1040625.2865970792,1328555.6834490267,1133915.6966541323,1316185.9734604568,1161946.8002923422,1210604.44477127,1262416.3020410324
2021-08-20,1040625.2865970792,1303488.4122481013,1112520.9048203237,1291352.094716335,1140023.1158530416,1187762.6848720196,1238596.9527988702
2021-08-23,1054053.3030549216,1322288.823408478,1128566.9626437787,1309977.4619273937,1156465.84223939,1204893.966306301,1256461.424593021
2021-08-24,1084026.4210871656,1320305.3901733651,1160658.9552219287,1347228.0534981727,1189351.1689009902,1239156.397782744,1292190.231165838
2021-08-25,1089021.8294341958,1324403.0142633785,1166007.501456767,1353436.347071911,1194831.934536499,1244866.6757726031,1298144.8995587383
2021-08-26,1084026.3827626444,1318327.851717893,1160658.9141881515,1347228.0058684573,1189351.1268528325,1239156.3539737791,1292190.185481922
2021-08-27,1074035.3689676987,1306177.380140617,1149961.6106840358,1345207.1638596547,1178389.3793304726,1227735.572686985,1280280.613746277
2021-08-30,1072424.3159142472,1318327.8983258763,1160658.9552219287,1355687.219894759,1189351.1689009902,1239156.397782744,1292190.231165838
2021-08-31,1072424.3159142472,1318327.8491752152,1158917.9667890957,1355687.1693512462,1189351.124558914,1239156.3515838005,1292190.1829896565
2021-09-01,1072424.3159142472,1316350.3574014525,1183845.3776808481,1386924.200903118,1216755.5283505938,1267708.3412516299,1321964.1503396484
2021-09-02,1072424.3159142472,1314378.6958523465,1183845.293587849,1386924.1023846646,1216755.4419198625,1267708.2512015284,1321964.0564355522
2021-09-03,1080465.1239641341,1326219.9765101878,1194510.5945555796,1399418.9469825616,1227717.2314902465,1279129.0762971481,1333873.6738549678
2021-09-06,1085288.680586479,1332140.664747594,1199843.288190049,1405666.4198342413,1233198.170625602,1284839.5350523277,1339828.5307496437
2021-09-07,1056347.586527108,1296616.8368772627,1167847.397989436,1368181.9009221504,1200312.8149701527,1250577.0733678902,1304099.6926759803
2021-09-08,1046700.6406288574,1284775.6658123115,1157182.195730721,1355687.1719659793,1189351.1268528325,1239156.3539737791,1292190.185481922
2021-09-09,1027406.6072695324,1282848.502313593,1135851.6347082003,1330697.5307014,1167427.5897623587,1216314.74759373,1268370.9963293276
2021-09-10,1025865.4973586281,1286940.8847104486,1141184.298763612,1336944.9688999807,1172908.4984963774,1222025.1746744872,1274325.820193969
2021-09-13,1025865.4973586281,1292954.46883329,1146516.7952767091,1343192.210815757,1178389.2350305116,1227735.4223443235,1280280.4569692
2021-09-14,1025865.4973586281,1292954.611784303,1146516.9220373502,1343192.3593211314,1178389.3653150182,1227735.5580846197,1280280.5985189548
2021-09-15,1025865.4973586281,1298968.274709664,1151849.4884279368,1349439.6831012992,1183870.1736691915,1233445.8805820288,1286235.3133242545
2021-09-16,1025865.4973586281,1304982.0965450874,1157182.195730721,1355687.1719659793,1189351.1268528325,1239156.3539737791,1292190.185481922
2021-09-17,1025865.4973586281,1303024.6234002698,1146516.851907437,1343192.2771610152,1178389.2932355378,1227735.4829867415,1280280.5202070125
2021-09-22,1025865.4973586281,1288970.072468686,1135851.6347082003,1330697.5307014,1167427.5897623587,1216314.74759373,1268370.9963293276
2021-09-23,1025865.4973586281,1295021.4475233885,1141184.159019608,1336944.8051840558,1172908.354867579,1222025.0250310942,1274325.6641460874
2021-09-24,1025865.4973586281,1301073.0934632241,1146516.9220373502,1343192.3593211314,1178389.3653150182,1227735.5580846197,1280280.5985189548
2021-09-27,1025865.4973586281,1295021.5907029302,1141184.2851906652,1336944.9529987078,1172908.4845461112,1222025.1601400403,1274325.8050374715
2021-09-28,1025865.4973586281,1295021.4475233885,1141184.159019608,1336944.8051840558,1172908.354867579,1222025.0250310942,1274325.6641460874
2021-09-29,1025865.4973586281,1293078.9153521035,1119853.767486817,1334939.3879762797,1150984.991978542,1199183.600147335,1250506.6642575224
2021-09-30,1025865.4973586281,1291142.20204903,1119853.767486817,1332939.9780092658,1150984.991978542,1199183.600147335,1250506.6642575224
2021-10-01,1025865.4973586281,1284993.9572569167,1118173.9868355868,1326592.6978529906,1145504.1568919788,1193473.2497980916,1244551.9204083763
2021-10-04,1025865.4973586281,1284993.9572569167,1116499.2379786188,1326592.6978529906,1145504.1568919788,1193473.2497980916,1244551.9204083763
2021-10-05,999823.3976339658,1254252.3148825048,1089788.5907484079,1294855.8651125785,1118099.6084653477,1164921.1094385828,1214777.7959173515
2021-10-06,1014526.8124284196,1272697.364364506,1105815.0347443738,1313898.0308878904,1134542.39462507,1182052.4531493061,1232642.3326532722
2021-10-07,1024328.9234251534,1270788.3183179593,1116499.1503139522,1326592.5936923225,1145504.06694992,1193473.1560896225,1244551.8226893402
2021-10-08,1053735.5205723494,1305312.3423378493,1148551.7849488154,1364676.6242112701,1178389.3793304726,1191682.9463554882,1280280.613746277
2021-10-12,1043933.3449375784,1293169.9208402042,1137867.598924999,1351981.9776951126,1167427.6347210926,1178829.296904589,1268371.045175487
2021-10-13,1042367.4449201721,1287098.6037539819,1132525.4123462054,1345634.5432635169,1161946.6664187948,1173294.7988183778,1262416.1565919046
2021-10-14,1050625.0973266293,1299240.9630420383,1143209.5436314493,1358329.1247408567,1172908.354867579,1184363.5444113794,1274325.6641460874
2021-10-15,1060444.101321255,1311383.4982228107,1153893.8296856987,1371023.890110335,1183870.2021060274,1195432.450344862,1286235.3442199246
2021-10-18,1084991.458786261,1309416.4229754764,1180604.3788590762,1402760.6063424014,1211274.6499284606,1223104.543241905,1316009.3594078561
2021-10-19,1065353.5915391333,1283790.8764661478,1159235.9598953475,1377371.257565713,1189351.1125747976,1200966.8900327154,1292190.1699693152
2021-10-20,1055534.677099756,1271958.7177592316,1148551.7712882415,1364676.607980164,1178389.3653150182,1189898.085054342,1280280.5985189548
2021-10-21,1053951.3750841063,1277874.8200172852,1153893.8862741587,1371023.9573471367,1183870.260164568,1195432.5089704301,1286235.4072985854
2021-10-22,1052372.8033436695,1277874.804818577,1153893.8725500472,1371023.941040537,1183870.2460839252,1195432.4947522692,1286235.3920004384
2021-10-25,1047500.7194905921,1271958.7328875754,1148551.7849488154,1364676.6242112701,1178389.3793304726,1189898.099206678,1280280.613746277
2021-10-26,1057244.937033138,1270050.794788244,1159236.0147953238,1377371.3227963063,1189351.1689009902,1200966.9469090167,1292190.231165838
2021-10-27,1062117.0085997633,1273992.5446779472,1164578.0889248454,1383718.6236188693,1194832.0218327583,1206501.3284979342,1298144.9944032019
2021-10-28,1052372.7389723444,1262304.4474549966,1153893.8019689023,1371023.8571780242,1183870.1736691915,1195432.4216302983,1286235.3133242545
2021-10-29,1050794.179863886,1268148.5118724087,1159235.9598953475,1368967.3213922572,1189351.1125747976,1200966.8900327154,1292190.1699693152
2021-11-01,1050794.179863886,1262304.385105089,1153893.7449737994,1360617.6554423557,1183870.1151934443,1195432.3625834484,1286235.2497923125
2021-11-02,1039505.4610345403,1250616.519809351,1152162.9043563388,1348019.492856959,1172908.4845461112,1184363.6753564149,1274325.8050374715
2021-11-03,1044362.9631889071,1248740.595029637,1155813.1234765274,1354318.6493656363,1178389.3653150182,1189898.085054342,1280280.5985189548
2021-11-04,1054077.9800345683,1258469.0979547293,1166564.8873371726,1366916.9786407433,1189351.140998663,1200966.9187341821,1292190.2008508935
2021-11-05,1049220.5024372716,1252669.7305777494,1161189.0395219591,1360617.8539774104,1183870.2879383126,1195432.537015427,1286235.4374738294
2021-11-08,1044362.9631889071,1246870.289595244,1155813.1234765274,1354318.6493656363,1178389.3653150182,1189898.085054342,1280280.5985189548
2021-11-09,1042796.4187441238,1246870.3044251925,1155813.1372234658,1354318.6654735475,1176621.7812670458,1189898.099206678,1280280.613746277
2021-11-10,1046077.5429088175,1252669.7305777494,1161189.0395219591,1360617.8539774104,1180323.9824731736,1195432.537015427,1286235.4374738294
2021-11-11,1050920.4573422598,1250790.7259818828,1166564.8734623557,1366916.962382991,1185788.403432792,1200966.9044501965,1292190.185481922
2021-11-12,1050920.4944963583,1248917.3941110012,1166564.9147049312,1366917.0107087872,1185788.445354994,1200966.9469090167,1292190.231165838
2021-11-15,1055763.4213155569,1254672.744372585,1171940.762394026,1373216.1352243414,1191252.880289872,1206501.3284979342,1298144.9944032019
2021-11-16,1050920.4698416323,1248917.364811243,1166564.8873371726,1366916.9786407433,1185788.4175362487,1200966.9187341821,1292190.2008508935
2021-11-17,1049344.0891368699,1248917.3349638262,1166564.8594578672,1366916.945973297,1185788.3891975274,1200966.8900327154,1292190.1699693152
2021-11-18,1049344.0891368699,1231651.196692437,1150437.2346727354,1348019.4766741272,1169395.0013284371,1184363.6611382538,1274325.7897393245
2021-11-19,1049344.0891368699,1229803.7198973983,1155812.9956880843,1354318.4996301227,1174859.3481612944,1189897.953497414,1280280.4569692
2021-11-22,1049344.0891368699,1222250.3271048923,1150437.121289535,1348019.3438178895,1169394.886076823,1184363.5444113794,1274325.6641460874
2021-11-23,1049344.0891368699,1216539.0729064567,1145061.4313074637,1341720.4040948064,1163930.611447783,1178829.3251802702,1268371.0755989377
2021-11-24,1049344.0891368699,1210827.5017523856,1139685.4429924563,1335421.1148014932,1158466.0335696528,1173294.7988183778,1262416.1565919046
2021-11-25,1049344.0891368699,1216539.0437262608,1145061.4038417474,1341720.3719119811,1163930.583529466,1178829.296904589,1268371.045175487
2021-11-26,1049344.0891368699,1199404.5401211288,1128933.636423673,1322822.7354833242,1147537.0506770206,1162225.9211709355,1250506.5069526639
2021-11-29,1049344.0891368699,1197605.4333109471,1107430.1385870317,1320838.5013800992,1125679.2020926967,1140088.2845772034,1226687.335391661
2021-11-30,1049344.0891368699,1207421.5382202277,1118181.8875053523,1331664.6791320816,1136608.1263848585,1151157.1028740695,1238596.9211721623
2021-12-01,1049344.0891368699,1201616.6877620101,1116504.6146740941,1325262.5121355858,1131143.721457161,1145622.751676435,1232642.1906345484
2021-12-02,1049344.0891368699,1219031.5140486225,1116504.6146740941,1344469.316325352,1147537.195029051,1162226.0673707216,1250506.6642575224
2021-12-03,1049344.0891368699,1224836.4260202826,1120141.0916778827,1350871.5511649968,1153001.6578625229,1167760.4772153443,1256461.457896844
2021-12-06,1049344.0891368699,1224836.258134954,1120140.938142887,1350871.366004342,1153001.4998234098,1167760.317153276,1256461.2856767494
2021-12-07,1049344.0891368699,1222999.0037477515,1125449.8442261666,1357273.8185605344,1158466.1484832393,1173294.915202898,1262416.2818167831
2021-12-08,1049344.0891368699,1226927.4463299627,1130758.5427838343,1363676.0208442858,1163930.583529466,1178829.296904589,1268371.045175487
2021-12-09,1049344.0891368699,1209646.8070866708,1114832.3928655423,1344469.3485741143,1147537.2225541524,1162226.0952481537,1250506.694252474
2021-12-10,1049344.0891368699,1215407.000824517,1120141.0916778827,1350871.5511649968,1153001.6578625229,1167760.4772153443,1256461.457896844
2021-12-13,1049344.0891368699,1209646.6567943015,1114832.2543533745,1344469.1815307403,1147537.0799785783,1162225.950847563,1250506.5388834747
2021-12-14,1049344.0891368699,1203886.4346190908,1109523.529332644,1338066.947332975,1142072.617692966,1156691.5415578128,1244551.7458411725
2021-12-15,1049344.0891368699,1202080.604967162,1104214.9150189555,1331664.846646063,1136608.2693621076,1151157.2476814766,1238597.0769788793
2021-12-16,1049344.0891368699,1217591.7649587402,1120140.9507720876,1350871.3812349483,1153001.5128231018,1167760.3303193685,1256461.2998429148
2021-12-17,1049344.0891368699,1194509.4566182902,1098906.0512313845,1325262.445097793,1131143.6642387775,1145622.6937256365,1232642.1282819116
2021-12-20,1049344.0891368699,1194509.6546672757,1098906.23342938,1325262.6648255489,1131143.8517817508,1145622.8836692246,1232642.3326532722
2021-12-21,1049344.0891368699,1194509.4871192551,1098906.0792911833,1325262.478937444,1131143.6931217413,1145622.722978312,1232642.1597565678
2021-12-22,1049344.0891368699,1206050.6107885153,1109523.5010017361,1338066.9131663705,1142072.5885309398,1156691.5120225025,1244551.7140624132
2021-12-23,1049344.0891368699,1204241.5348723326,1104214.8880236472,1331664.8140901697,1136608.2415748625,1151157.2195385452,1238597.0466982615
2021-12-24,1049344.0891368699,1208218.8293920537,1109523.613446838,1338067.0487732957,1142072.704274742,1156691.6292478654,1244551.8401920032
2021-12-27,1049344.0891368699,1208218.7377956682,1109523.529332644,1338066.947332975,1142072.617692966,1156691.5415578128,1244551.7458411725
2021-12-28,1049344.0891368699,1208218.7680618358,1109523.5571264734,1336059.8469119754,1142072.6463021575,1156691.570533212,1244551.7770174907
2021-12-29,1049344.0891368699,1213999.8104081335,1114832.3661249068,1340441.9158483339,1147537.195029051,1162226.0673707216,1250506.6642575224
2021-12-30,1049344.0891368699,1208218.8293920537,1109523.613446838,1334058.826491778,1142072.704274742,1156691.6292478654,1244551.8401920032
2022-01-03,1049344.0891368699,1206406.5011479657,1107859.3280266677,1334058.9124772365,1142072.7778859222,1156691.7038012943,1244551.9204083763
2022-01-04,1049344.0891368699,1198835.7685209503,1100907.02235453,1327675.635351876,1136608.1263848585,1151157.1028740695,1238596.9211721623
2022-01-05,1049344.0891368699,1198835.9299330788,1100907.1705814602,1327675.8141110989,1136608.2794186117,1149430.3672197585,1238597.0879377618
2022-01-06,1049344.0891368699,1244944.9452022265,1143249.6999224755,1378740.2032045622,1180323.9265744973,1191851.3938773554,1286235.3765593183
2022-01-07,1049344.0891368699,1244944.822504666,1143249.587247654,1378740.0673205939,1180323.8102457656,1191851.2764125154,1286235.2497923125
2022-01-10,1028369.2751870872,1221890.3337310846,1122078.3398974498,1353207.893661861,1158466.0045498027,1169779.9995373285,1262416.1249680792
2022-01-11,1013816.8797834964,1220057.498230488,1106199.8728234293,1334058.7253553253,1142072.617692966,1153226.508977838,1244551.7458411725
2022-01-12,1018667.67825136,1224059.0054076896,1111492.695181436,1340441.7814575036,1147537.0799785783,1158744.3391643348,1250506.5388834747
2022-01-13,1018667.7037692285,1224059.03607066,1111492.7230245934,1340441.8150358903,1147537.108724656,1158744.3681911572,1250506.570208962
2022-01-14,1018667.6522403925,1224058.9741521983,1111492.6668002468,1340441.7472302595,1147537.0506770206,1158744.3095766078,1250506.5069526639
2022-01-17,1017139.6507620319,1206572.4173785956,1095614.2001316717,1321292.5794126843,1131143.6642387775,1142190.819439799,1232642.1282819116
2022-01-18,1025428.9435858997,1218230.1218943307,1106199.8445773884,1334058.6912910677,1142072.5885309398,1153226.4795310048,1244551.7140624132
2022-01-19,1015616.2264223981,1216402.7767114893,1095614.2001316717,1321292.5794126843,1131143.6642387775,1142190.819439799,1232642.1282819116
2022-01-20,1015616.3948109882,1214581.1067302793,1095614.3817838803,1321292.798482239,1131143.8517817508,1142191.0088143845,1232642.3326532722
2022-01-21,1005803.5605672251,1202845.8855022204,1085028.6110357337,1308526.534285217,1120214.7970913213,1131155.217051395,1220732.6047737582
2022-01-24,1010710.035415766,1208713.5651518719,1090321.558683475,1314909.7414847403,1125679.388729665,1136673.1778539284,1226687.5387757202
2022-01-25,1009193.9703626423,1208713.5651518719,1090321.558683475,1314909.7414847403,1125679.388729665,1136673.1778539284,1226687.5387757202
2022-01-26,1009193.9703626423,1208713.4264071092,1090321.433528591,1314909.5905500231,1125679.2595161572,1136673.047378475,1226687.3979677765
2022-02-07,1009193.9703626423,1206900.3562674986,1085028.7355830697,1312937.226164198,1120214.9256775791,1131155.3468934724,1220732.744898168
2022-02-08,1009193.9703626423,1222728.0794936556,1100907.078043407,1330155.5548531653,1136608.1838796595,1147708.7075417177,1238596.9838260196
2022-02-09,1009193.9703626423,1246242.0039308523,1122078.2985949197,1355735.3855048725,1158465.9619078808,1169779.9564789503,1262416.078499862
2022-02-10,1009193.9703626423,1252120.5039493942,1120395.1811470273,1362130.3637383862,1163930.423992352,1175297.7864623414,1268370.8713229746
2022-02-11,1009193.9703626423,1240363.7036775805,1108212.8980036455,1349340.6245877745,1153001.685518696,1164262.314004412,1256461.4880346286
2022-02-14,1009193.9703626423,1234485.1429215358,1102960.6507537207,1342945.580280431,1151272.1829904178,1158744.427010012,1250506.6336857448
2022-02-15,998085.4710098167,1232633.4152071534,1092456.2636036854,1330155.6223729984,1138599.7863300615,1147708.765800393,1238597.0466982615
2022-02-16,1007682.3955417834,1242621.6639171166,1102960.5947664978,1342945.5121113686,1149547.8028465903,1158744.3681911572,1250506.570208962
2022-02-17,1017279.4716460501,1254456.280389712,1113465.0918330466,1355735.6038512236,1160495.9922743512,1169780.1448764708,1262416.2818167831
2022-02-18,1007682.3955417834,1242621.6639171166,1102960.5947664978,1342945.5121113686,1149547.8028465903,1158744.3681911572,1250506.570208962
2022-02-21,1007682.4954984459,1242621.7871784882,1102960.7041742443,1342945.6453243254,1149547.9168755366,1158744.483132353,1250506.694252474
2022-02-22,1006170.9717551983,1242621.632789148,1102960.5671370723,1342945.4784702638,1149547.774050144,1158744.3391643348,1250506.5388834747
2022-02-23,1006170.9717551983,1240757.7003399644,1097708.4840149453,1336550.6340020534,1144073.8517341006,1153226.6245987252,1244551.8706182009
2022-02-24,999856.9091183189,1232971.52676007,1092456.222564811,1330155.5724047832,1138599.7435577735,1147708.7226859198,1238597.0001695075
2022-02-25,990243.0014010981,1221116.155888367,1081951.9461898012,1317365.7493750828,1127651.7841431927,1136673.1778539284,1226687.5387757202
2022-03-01,999856.8708783918,1232971.479604581,1092456.1807833859,1330155.5215324517,1138599.7000115712,1147708.6787913411,1238596.9527988702
2022-03-02,999856.8708783918,1232971.479604581,1092456.1807833859,1330155.5215324517,1138599.7000115712,1147708.6787913411,1238596.9527988702
2022-03-03,1009470.8792522224,1244826.974600779,1102960.5671370723,1342945.4784702638,1149547.774050144,1158744.3391643348,1250506.5388834747
2022-03-04,1007956.672933344,1242959.7341388778,1092456.2903115244,1330155.6548919957,1138599.8141659948,1147708.7938590182,1238597.0769788793
2022-03-07,1007956.672933344,1241098.010043898,1092456.222564811,1330155.5724047832,1138599.7435577735,1147708.7226859198,1238597.0001695075
2022-03-08,1007956.672933344,1211263.892182192,1066195.228316984,1298180.645525217,1111229.5288996992,1120119.5419552955,1208823.0028001096
2022-03-09,1011404.8694367424,1217230.7093850602,1071447.4215599247,1296233.3745569293,1116703.5659878752,1125637.372211233,1214777.7959173515
2022-03-10,1021320.733853409,1229164.5007309401,1081951.9461898012,1306981.240161606,1127651.7841431927,1136673.1778539284,1226687.5387757202
2022-03-11,1021320.5645190431,1229164.2969362023,1081951.7668028167,1306981.0234648993,1127651.5971792021,1136672.9893941963,1226687.335391661
2022-03-14,1021320.6296585661,1227320.550490798,1080328.8391526125,1306981.106823762,1127651.6691004871,1136673.0618908629,1226687.413629416
2022-03-15,1011404.9484529595,1213584.5040005776,1068237.9089116156,1294292.0377687798,1116703.653230575,1125637.4601518884,1214777.8908221212
2022-03-16,1009887.8410302801,1207635.4660067423,1063001.3655266094,1287947.3683350298,1111229.5288996992,1120119.5419552955,1208823.0028001096
2022-03-17,1009887.8410302801,1231431.316594819,1083947.2737754248,1313325.7246394777,1133125.7488957823,1142190.9351955834,1232642.2532045199
2022-03-18,1009887.8410302801,1249278.207777335,1099656.7078152772,1332359.49532484,1149547.9168755366,1158744.483132353,1250506.694252474
2022-03-21,1009887.8410302801,1261175.9387758353,1110129.4909142156,1345048.466260206,1160495.8480887169,1169779.9995373285,1262416.1249680792
2022-03-22,1009887.8410302801,1259284.1748676717,1089183.7340352093,1319670.2933575427,1138599.7863300615,1147708.765800393,1238597.0466982615
2022-03-23,1013223.1847488866,1263443.1966836988,1094420.1387412918,1326014.794765963,1144073.765690178,1153226.5378664373,1244551.7770174907
2022-03-24,1018071.0795935943,1269488.3009134268,1099656.5307114017,1332359.2807432998,1149547.731736493,1158744.296512168,1250506.492853637
2022-03-25,1032615.1184657906,1287624.055446061,1115366.0893554953,1351393.2024009093,1165970.0299737584,1175297.9757485297,1268371.0755989377
2022-03-28,1022919.2018604781,1275533.6887282578,1104893.1683286831,1338704.0643501964,1155021.9545749438,1164262.314004412,1256461.4880346286
2022-03-29,1027767.0582141817,1281578.7449614555,1110129.5187232245,1345048.4999539913,1160495.877159415,1169780.0288405968,1262416.1565919046
2022-03-30,1026225.4076268604,1279656.3768440133,1110129.5187232245,1345048.4999539913,1160495.877159415,1169780.0288405968,1262416.1565919046
2022-03-31,1026225.4076268604,1277739.8939381216,1110129.6288420893,1345048.6333755527,1160495.9922743512,1169780.1448764708,1262416.2818167831
2022-04-01,1026225.4076268604,1265685.5867403913,1099656.5711886098,1332359.329786053,1149547.774050144,1158744.3391643348,1250506.5388834747
2022-04-06,1026225.4076268604,1259658.63880943,1094420.2210508464,1326014.8944933738,1144073.8517341006,1153226.6245987252,1244551.8706182009
2022-04-07,1024688.4160584684,1259658.6892039743,1094420.2648347784,1326014.9475426003,1144073.8975045013,1153226.670735296,1244551.9204083763
2022-04-08,1009979.9698949498,1241577.4640000896,1078710.8830428917,1306981.240161606,1127651.7841431927,1136673.1778539284,1226687.5387757202
2022-04-11,1009979.8539622463,1239715.0978040893,1078710.759220764,1305020.7683013638,1127651.6547032793,1136673.047378475,1226687.3979677765
2022-04-12,1000174.2243121275,1225840.2684906342,1068237.8392283292,1290415.041192959,1116703.5803857716,1125637.3867243151,1214777.81157974
2022-04-13,1009979.9047976816,1237858.37264385,1078710.81351564,1303066.2346351754,1127651.711461503,1136673.1045907738,1226687.4597107782
2022-04-14,1008464.934940485,1249876.415096703,1077092.7472953666,1315717.363126779,1138599.7863300615,1134968.0949338877,1238597.0466982615
2022-04-15,1008464.934940485,1243867.4740425344,1070309.0223352173,1309391.8832765466,1133125.8219302956,1127819.8605651115,1232642.3326532722
2022-04-18,1008464.934940485,1225840.2841414579,1054797.1897637253,1290415.0576682363,1116703.5946432007,1111474.531802284,1214777.8270893246
2022-04-19,1008464.934940485,1224001.5237152458,1065138.3250839037,1303066.169047792,1127651.6547032793,1122371.326607809,1226687.3979677765
2022-04-20,1008464.934940485,1216235.5552305111,1059967.8723609638,1296740.7539695266,1122177.7463560896,1116923.0503181056,1220732.744898168
2022-04-21,1008464.934940485,1228101.2679644674,1070309.0223352173,1309391.8832765466,1133125.8219302956,1127819.8605651115,1232642.3326532722
2022-04-22,1008464.934940485,1216235.3535793845,1059967.6966189255,1296740.5389706863,1122177.5602996915,1116922.8651329328,1220732.54250141
2022-04-25,1008464.934940485,1216235.3681106807,1059967.7092831722,1296740.5544638396,1122177.573707207,1116922.8784776665,1220732.5570864377
2022-04-26,1008464.934940485,1198436.9267408608,1044456.0956414104,1277763.9966892165,1105755.5781989028,1100577.7804083049,1202868.3036571986
2022-04-27,995987.6617571685,1196639.2713507495,1033080.8206476237,1263847.7421906742,1093712.6844569675,1088591.2785759731,1189767.7455844271
2022-04-28,996984.5787298823,1196042.96270792,1034114.8653891737,1265112.7691719253,1094807.4176351717,1089680.8855697445,1190958.6234483838
2022-04-29,1011939.3604579796,1213983.6228006873,1049626.60190307,1284089.4772655424,1111229.5432270176,1106026.1131135204,1208823.0183857214
2022-05-03,1016924.2963994053,1219963.853267128,1054797.1897637253,1290415.0576682363,1116703.5946432007,1111474.531802284,1214777.8270893246
2022-05-04,1031879.1042273544,1237904.5446708552,1070308.9533494993,1309391.7988809773,1133125.7488957823,1127819.787872589,1232642.2532045199
2022-05-05,1030331.2855710133,1255845.095038803,1085820.5949938376,1328368.3909133202,1149547.774050144,1144164.9154491876,1250506.5388834747
2022-05-06,1030331.2855710133,1253961.3273962447,1070308.9533494993,1309391.7988809773,1133125.7488957823,1127819.787872589,1232642.2532045199
2022-05-09,1030331.2855710133,1252083.2025923561,1070308.9533494993,1309391.7988809773,1133125.7488957823,1127819.787872589,1232642.2532045199
2022-05-10,1030331.2855710133,1246034.4914687215,1065138.378695637,1303066.2346351754,1127651.711461503,1122371.3831002575,1226687.4597107782
2022-05-11,1030331.2855710133,1252083.283294156,1070309.0223352173,1301111.6352832227,1133125.8219302956,1127819.8605651115,1232642.3326532722
2022-05-12,1030331.2855710133,1246034.4287519234,1065138.3250839037,1292886.593308415,1127651.6547032793,1122371.326607809,1226687.3979677765
2022-05-13,1030331.2855710133,1258131.9137159907,1075479.5280033615,1305438.9560376366,1138599.7863300615,1133268.1926449202,1238597.0466982615
2022-05-16,1030331.2855710133,1256244.7158454168,1073866.3087113565,1305438.8570708875,1136891.8866505665,1133268.1067306239,1238596.9527988702
2022-05-17,1030331.2855710133,1260393.8896228068,1077413.116011182,1311715.1369329132,1140646.85727398,1138716.6252560408,1244551.8706182009
2022-05-18,1030331.2855710133,1272455.0261659971,1087723.247480896,1324267.383895212,1151562.0938570928,1149613.390794411,1256461.409509334
2022-05-19,1030331.2855710133,1272455.0414416858,1087723.260538899,1324267.3997929024,1151562.1076814744,1149613.4045953986,1256461.424593021
2022-05-20,1030331.2855710133,1296577.3963302816,1108343.5934047045,1349371.9788505717,1173392.6548780804,1171407.0095772436,1280280.5831493214
2022-05-23,1030331.2855710133,1302608.0200019027,1113498.7064967528,1355648.1599875484,1178850.3233062376,1176855.442398187,1286235.4072985854
2022-05-24,1030331.2855710133,1300654.1079719,1113498.7064967528,1355648.1599875484,1178850.3233062376,1176855.442398187,1286235.4072985854
2022-05-25,1030331.2855710133,1304718.5129176127,1118653.7382406646,1361924.2420858366,1184307.9056119088,1182303.789242383,1292190.1374802021
2022-05-26,1030331.2855710133,1322756.1919472176,1134119.0795199347,1380752.7879355063,1200680.9130170702,1198649.0898223147,1310054.6122418633
2022-05-27,1030331.2855710133,1322756.222415024,1134119.1056427537,1380752.8197391815,1200680.940673046,1198649.1174314904,1310054.6424171068
2022-05-30,1030331.2855710133,1328768.5443947467,1139274.0156034343,1387028.7535703797,1206138.3940479867,1204097.3355631363,1316009.2319232984
2022-05-31,1030331.2855710133,1334781.2592114494,1144429.262378954,1393305.0974625992,1211596.204005544,1209545.90967398,1321964.2104943085
2022-06-01,1030331.2855710133,1332779.0873226323,1159894.4678011925,1412133.477910788,1227969.0675801784,1225891.0666667784,1339828.52832348
2022-06-02,1030331.2855710133,1354441.2605664253,1180514.8005743257,1437238.0568556315,1249799.614678673,1247684.6715506779,1363647.6867727318
2022-06-06,1030331.2855710133,1360355.788451487,1185669.8323280136,1443514.1389658218,1255257.196994694,1253133.0184052063,1369602.4169656413
2022-06-07,1028788.1391771357,1360355.8357382102,1185669.8735425558,1443514.1891431757,1255257.2406281317,1253133.0619648064,1369602.4645737826
2022-06-08,1024315.1589280365,1354441.2605664253,1180514.8005743257,1437238.0568556315,1249799.614678673,1247684.6715506779,1363647.6867727318
2022-06-09,1019842.1199079251,1348526.6076823436,1175359.6598729873,1430961.8421052494,1244341.917020827,1242236.2095495088,1357692.8307311574
2022-06-10,1028788.1508884208,1346503.81777082,1185669.8870397157,1428815.3993420915,1255257.2549174444,1253133.0762299385,1369602.4801647526
2022-06-13,1006423.1327755318,1315259.0307803364,1159894.3875098554,1395660.6230897116,1227968.9825765155,1225890.981806961,1339828.4355765732
2022-06-14,1004913.4980763686,1286031.052318551,1134118.9566763032,1364645.942576607,1200680.782963704,1198648.9599890285,1310054.4703415383
2022-06-15,1004913.4980763686,1315259.0462934065,1132417.7782412886,1395660.6395510936,1227968.9970600267,1225890.9962659627,1339828.4513794319
2022-06-16,1004913.4980763686,1326950.2221650505,1140772.541759999,1408066.4952949537,1238884.26242164,1236787.7905341338,1351738.0216705871
2022-06-17,1004913.4980763686,1286031.0983776504,1105594.573461096,1364645.9914512923,1200680.8259659903,1198649.0029185452,1310054.5172610343
2022-06-20,1004913.4980763686,1284102.051730084,1105594.6536182864,1364646.0903900815,1200680.9130170702,1198649.0898223147,1310054.6122418633
2022-06-21,1004913.4980763686,1288006.7446139897,1110619.9766631154,1370848.894847963,1206138.437112293,1204097.3785545677,1316009.2789104641
2022-06-22,1004913.4980763686,1299662.9454667098,1120670.863099202,1383254.8004256284,1217053.746320072,1214994.2165947072,1327918.8970418668
2022-06-23,1004913.4980763686,1288006.838717744,1110620.0578067198,1370848.9950042923,1206138.5252346229,1204097.4665277747,1316009.3750601267
2022-06-24,1004913.4980763686,1270522.642059843,1095543.8183651392,1352240.2479880094,1189765.6593942,1187752.3072730224,1298145.0547587692
2022-06-27,1004913.4980763686,1293834.9060768392,1115645.4725115856,1377051.9125990365,1211596.1488730696,1209545.8546348023,1321964.1503396484
2022-06-28,1004913.4980763686,1291894.153717724,1120670.8361804287,1383254.7671995282,1217053.7170861599,1214994.1874102652,1327918.865144948
2022-06-29,1004913.4980763686,1289959.2913113849,1120670.9025679443,1383254.8491422755,1217053.7891833088,1214994.2593854095,1327918.9438096469
2022-06-30,1004913.4980763686,1278390.1973469544,1110620.0838620057,1370849.027164582,1206138.553530784,1204097.4947760527,1316009.4059338719
2022-07-01,1004913.4980763686,1255251.9322346079,1090518.3793958526,1346037.300443458,1184308.0094044798,1182303.8928593139,1292190.2507275562
2022-07-04,977370.7858172616,1222679.2053344583,1062220.3489850012,1311108.7699557908,1153576.2173511358,1151624.105936753,1258659.0056769666
2022-07-05,991958.339592553,1240928.0612615696,1078074.308083104,1330677.4638072173,1170793.690339584,1168812.443073541,1277444.8709765056
2022-07-06,1001683.4251838668,1239066.6691696772,1088643.668207856,1343723.3264341431,1182272.0643739204,1180271.3931074222,1289968.845232858
2022-07-07,982233.2144689497,1213187.2829854265,1067504.9049941027,1317631.5481491063,1159315.2696458737,1157353.446459244,1264920.8458104338
2022-07-08,1006546.0279718811,1243216.8072581317,1093928.4134707716,1350246.3382252576,1188011.3221991768,1186000.9388126275,1296230.909619248
2022-07-11,1005036.2089299232,1225199.2285906016,1078074.4279621413,1348220.9687179197,1170793.8205287736,1168812.5730424211,1277445.013025027
2022-07-12,983853.7302046609,1201175.5853304288,1056935.6002018019,1319805.4134045178,1147836.9557028355,1167059.3541828576,1252396.9371192798
2022-07-13,1013369.3382355092,1237210.8481590434,1088643.6640447031,1359399.570608085,1182272.059852717,1200270.7241252372,1289968.8402998045
2022-07-14,1008450.1700860132,1235355.0318868048,1087010.6985486362,1352800.678360351,1176532.9923267614,1194444.286227313,1283706.9835476612
2022-07-15,1033046.515697867,1263590.2570350766,1111855.3715534678,1385795.8168569445,1205228.9189688775,1223577.073696272,1315016.9099756528
2022-07-18,1033046.515697867,1263590.2570350766,1111855.3715534678,1385795.8168569445,1205228.9189688775,1223577.073696272,1315016.9099756528
2022-07-19,1031496.9459243203,1257573.111173716,1106560.7786978118,1379196.7349807853,1199489.6865227662,1217750.4683674823,1308754.8732802721
2022-07-20,1031496.9459243203,1251555.884152222,1101266.1144279216,1372597.5640952555,1193750.3766650578,1211923.7844485973,1302492.7521216348
2022-07-21,1029952.1004705074,1251555.9844916202,1101266.2027183294,1372597.6741387746,1193750.472370089,1211923.881610622,1302492.85654473
2022-07-22,1044807.2855765729,1249678.6505148828,1117149.963997093,1392394.8982195563,1210968.1509683556,1229403.678571629,1321278.9461837152
2022-07-25,1049758.8671767847,1253720.5836737684,1122444.394159257,1398993.7773175787,1216707.207057985,1235230.1048591225,1327540.7904577623
2022-07-26,1069565.6588206254,1277375.7135867972,1143622.6122644302,1425389.9137302018,1239663.9706493884,1258536.3574511511,1352588.7559072112
2022-07-27,1074517.3516855359,1283289.4900385882,1148917.161395284,1431988.9411085823,1245403.1556986913,1264362.9146615732,1358850.740888263
2022-07-28,1072905.5756580075,1289203.187032701,1154211.639388417,1438587.8798222332,1251142.2636361313,1270189.3935861979,1365112.641733097
2022-07-29,1071298.734373746,1289203.3153843523,1154211.7543004584,1438588.0230464602,1251142.388198479,1270189.520044857,1365112.7776422102
2022-08-01,1066384.5199958847,1287269.5104112758,1148917.204968805,1431988.9954178068,1245403.2029315135,1264362.9626134585,1358850.792423668
2022-08-02,1061470.2653609898,1279418.2169307277,1143622.6122644302,1425389.9137302018,1239663.9706493884,1258536.3574511511,1352588.7559072112
2022-08-03,1056555.9860506102,1273494.9059554106,1138327.9929748147,1418790.7989072483,1233924.7095493956,1252709.7230322594,1346326.687947779
2022-08-04,1061470.2653609898,1279418.2169307277,1143622.6122644302,1425389.9137302018,1239663.9706493884,1258536.3574511511,1352588.7559072112
2022-08-05,1059878.0599629483,1285341.4494165182,1148917.161395284,1431988.9411085823,1245403.1556986913,1264362.9146615732,1358850.740888263
2022-08-08,1059878.0599629483,1267571.7519591467,1133033.5140027225,1412191.8589734405,1228185.6005507829,1246883.243030307,1340064.7859451072
2022-08-09,1059878.0599629483,1265670.394331208,1143622.6556371513,1410073.5711849802,1239664.0176645482,1258536.40518206,1352588.8072051257
2022-08-10,1059878.0599629483,1275476.3976177564,1154211.797278882,1420998.3634020102,1237804.5216380514,1270189.5673418483,1365112.82847378
2022-08-11,1059878.0599629483,1304730.3818690297,1180684.4892105358,1453590.0003948146,1264298.0268147315,1299322.2942731748,1396422.6898400672
2022-08-12,1059878.0599629483,1322282.6815081704,1178913.4624767199,1473144.8813065626,1281306.397362551,1316801.8398971746,1415208.5093592359
2022-08-15,1059878.0599629483,1322282.7600559518,1177147.8107917276,1473144.9688160368,1281306.473476211,1316801.9181193768,1415208.5934271058
2022-08-16,1048925.2638526843,1310581.197159203,1166730.622000605,1460108.3483371458,1269967.5308972737,1305148.8580229254,1402684.681849142
2022-08-17,1039559.7547688633,1308615.3253634642,1156313.2675757683,1447071.520575473,1258628.4080287004,1293495.6126423576,1390160.5711404884
2022-08-18,1053607.9221506827,1324312.9256446694,1171939.192159906,1466626.6282460543,1275636.9758059625,1310975.3609595567,1408946.6085004373
2022-08-19,1044242.5617819134,1312541.3097248075,1161522.003152388,1453590.0074963549,1264298.0329914824,1299322.3006210374,1396422.6966623154
2022-08-22,1034877.2014166814,1300769.693809392,1151104.8141488046,1440553.3867515791,1252959.0901812848,1287669.2402869195,1383898.7848289239
2022-08-23,1033324.8856145564,1294883.8580907974,1145896.195080258,1434035.0456350562,1247289.5920356682,1281842.6826385625,1377636.7993772093
2022-08-24,1033324.8856145564,1300769.5657100547,1151104.7007884118,1440553.2448863937,1252958.966790319,1287669.1134777106,1383898.6485430633
2022-08-25,1033324.8856145564,1298818.4113614897,1140687.4636772042,1427516.5639371956,1241619.971615746,1276015.999328591,1371374.6788729904
2022-08-26,1033324.8856145564,1302794.8424961155,1145896.034562198,1434034.8447542745,1247289.4173143397,1281842.5030770092,1377636.6063967391
2022-08-29,1033324.8856145564,1285029.541702983,1130270.2529213594,1414479.9159704905,1230281.0051285613,1264362.9146615732,1358850.740888263
2022-08-30,1033324.8856145564,1285029.462502545,1130270.1832592261,1414479.8287916163,1230280.9293024489,1264362.8367348851,1358850.657137991
2022-08-31,1027022.5883023806,1279107.7950910216,1125061.676913085,1407961.6287418674,1224611.5538533588,1258536.40518206,1352588.8072051257
2022-09-01,1027022.5296047643,1279107.7219859315,1125061.612612222,1407961.5482723701,1224611.483862903,1258536.3332526907,1352588.7299003617
2022-09-02,1027022.5296047643,1277189.0604029526,1125061.612612222,1407961.5482723701,1224611.483862903,1258536.3332526907,1352588.7299003617
2022-09-05,1027022.5493518017,1275276.1707040016,1125061.6342443023,1407961.5753438983,1224611.5074090748,1258536.3574511511,1352588.7559072112
2022-09-06,1031777.219784879,1281180.1480866612,1130270.1832592261,1414479.8287916163,1230280.9293024489,1264362.8367348851,1358850.657137991
2022-09-07,1030229.5539552016,1269372.2250149734,1119853.1131898228,1412358.1090484287,1218942.115950195,1252709.9094450248,1346326.8882914633
2022-09-08,1030229.5539552016,1263468.112568685,1114644.445020389,1403683.41459549,1213272.5643590519,1246883.296870564,1340064.8438089313
2022-09-12,1043107.2539615675,1281180.1480866612,1130270.1832592261,1423361.0702861934,1230280.9293024489,1264362.8367348851,1358850.657137991
2022-09-13,1047914.3431818574,1279258.3778645312,1128574.7779843374,1429920.5334972555,1235950.5957444347,1270189.5673418483,1365112.82847378
2022-09-14,1033493.4060460011,1259764.1394787366,1111376.762212928,1410242.5948785115,1218941.9862524266,1252709.7761542986,1346326.7450397117
2022-09-15,1033493.4259174572,1259764.1637008048,1111376.7835818834,1410242.6219938986,1218942.0096895883,1252709.8002407292,1346326.7709261593
2022-09-16,1033493.4060460011,1259764.1394787366,1111376.762212928,1410242.5948785115,1218941.9862524266,1252709.7761542986,1346326.7450397117
2022-09-19,1031943.1659369321,1259764.2180972581,1111376.831570989,1410242.6828879924,1218942.0623233465,1252709.8543325763,1346326.8290603748
2022-09-20,1030397.4615834657,1259764.086057552,1111376.7150842145,1410242.5350761823,1218941.934562334,1252709.7230322594,1346326.687947779
2022-09-21,1039982.6632530936,1257874.4399284655,1121715.220701882,1423361.219472997,1230281.0582519358,1264362.9692566001,1358850.7995632621
2022-09-22,1020812.4759120228,1232838.556472955,1101038.442440096,1397124.1463029878,1207603.0663947572,1241056.7394085522,1333802.8585574876
2022-09-23,1025604.9187469694,1238626.405314963,1106207.5248318042,1403683.272256556,1213272.4413285153,1246883.1704317692,1340064.7079211667
2022-09-26,1011227.3480345528,1221262.5662740585,1090700.016413935,1384005.5629010259,1196264.0299999707,1229403.5828973146,1321278.8433595088
2022-09-27,1009710.5070125009,1203898.5177155498,1075192.3208775374,1364327.6161079963,1179255.4134425255,1211923.7844485973,1302492.7521216348
2022-09-28,1003351.1510527288,1198110.6015477409,1070023.1783576845,1357768.4138569264,1173585.9725610868,1206097.2856507814,1296230.8299184546
2022-09-29,983962.7635454154,1196313.4356454192,1049346.4451900006,1331531.3979074974,1150908.0301624679,1182791.106631421,1271182.9435398753
2022-09-30,969421.461589714,1176868.6476914408,1033838.8832364681,1311853.6206197634,1133899.5601167807,1165311.4587532096,1252397.0141248773
2022-10-03,979115.7211339361,1188637.3887109242,1044177.3199826154,1324972.2176244764,1145238.6082690936,1176964.627347687,1264921.0423090952
2022-10-04,993656.9332329876,1206290.285100016,1059684.7861085825,1344649.8733151795,1162246.9732124906,1194444.1672120078,1283706.855638155
2022-10-05,992166.4478331382,1241596.4591664388,1090700.0533092031,1384005.6097179833,1196264.0704661678,1229403.6244845283,1321278.8880546005
2022-10-06,992166.4478331382,1271018.0968874465,1116545.9564557788,1416801.8627616675,1224611.483862903,1227559.5190478016,1352588.7299003617
2022-10-07,992166.4478331382,1269111.5697421152,1106207.5679700773,1414676.659967525,1213272.4886419503,1214371.669700216,1340064.7601790621
2022-10-11,992166.4478331382,1243524.6068413644,1085530.8220233477,1386154.9128822766,1190594.532227459,1191673.167876211,1315016.8583198905
2022-10-12,992166.4478331382,1231681.570708718,1075192.4815694513,1372953.4992324023,1179255.5896870964,1180323.9526634046,1302492.9467845329
2022-10-13,985917.3931737468,1225759.8415008462,1073579.692847097,1366352.557048315,1173585.9162625133,1174649.1427194548,1296230.7677364347
2022-10-14,995443.3082212458,1237603.1097093371,1082329.105703418,1379554.2293927663,1184925.0810005148,1185998.5803312033,1308754.9246900545
2022-10-17,990680.4215790387,1231681.5637298666,1077150.4975421573,1372953.491453088,1179255.583005297,1180323.9459755516,1302492.939404456
2022-10-18,1004968.9370031911,1229834.0413842718,1092686.1649107859,1392755.5050106014,1196263.904982562,1197347.676878285,1321278.7052772352
2022-10-19,990680.4271923496,1210532.6315697525,1077150.5036454177,1372953.4992324023,1179255.5896870964,1180323.9526634046,1302492.9467845329
2022-10-20,989194.4065515611,1198892.7684761013,1066793.1749235713,1359751.8800870425,1167916.4706427956,1168974.5607867534,1289968.8402998045
2022-10-21,982918.0713913473,1193072.8479970838,1061614.520410953,1353151.083067172,1162246.9219024891,1163299.87564004,1283706.7989660343
2022-10-24,1002097.1103567388,1216352.4999907608,1082329.1118360206,1379554.2372094812,1184925.0877144383,1185998.5870512095,1308754.9321056122
2022-10-25,987712.7936908172,1198892.715548289,1066793.1278275917,1359751.8200577435,1167916.4190825012,1168974.5091797474,1289968.7833512344
2022-10-26,997302.3425143693,1197094.3764749665,1077150.455230131,1372953.437521493,1179255.5366824355,1180323.8996107234,1302492.8882406533
2022-10-27,1006891.788115469,1206794.70726479,1087507.6711458054,1386154.9128822766,1190594.532227459,1191673.167876211,1315016.8583198905
2022-10-28,1005381.4504332958,1201048.0658016247,1082329.0631879685,1379554.175201885,1184925.0344549473,1185998.5337434674,1308754.8732802721
2022-10-31,1005381.4504332958,1166568.1466093978,1051257.351987791,1339949.6682411146,1150907.978351881,1151950.6594160725,1271182.886314856
2022-11-01,1005381.4504332958,1166568.1991249607,1051257.3993123916,1339949.728561818,1150908.0301624679,1151950.711273598,1271182.9435398753
2022-11-02,1003875.6573500772,1166568.2227988262,1051257.4206461862,1339949.7557542184,1150908.0535185323,1151950.7346508221,1271182.9693367505
2022-11-03,998930.5029051232,1164818.3704646279,1046078.8606637454,1333349.079224045,1145238.6082690936,1146276.1530887352,1264921.0423090952
2022-11-04,989039.9956898579,1151558.0543979572,1035721.5330127808,1320147.4614436484,1133899.490397185,1134926.7623855388,1252396.9371192798
2022-11-07,993985.2619035793,1157315.9217889325,1040900.2100393446,1326748.2871601593,1132198.6411615894,1140601.4722026668,1258659.0056769666
2022-11-08,989040.0615956013,1151558.131133266,1035721.6020291987,1324758.1647294192,1124878.4943595445,1134926.8380126038,1252397.0205740961
2022-11-09,987556.5015032078,1151558.049994209,1035721.5290520109,1322773.9105208656,1124878.415100341,1134926.7580453916,1252396.9323299073
2022-11-10,987556.5015032078,1163073.6349419367,1046078.7483429087,1336001.654735165,1136127.2035960823,1146276.0300093943,1264920.9064904726
2022-11-11,987556.5015032078,1161329.0244895238,1044509.6302203943,1342615.6137796908,1141751.6717749375,1151950.7405827928,1271182.9758827076
2022-11-14,966647.2645660357,1136740.5541608846,1022394.5418095615,1316160.1002180236,1119254.0734104556,1129252.1750908669,1246135.0037656906
2022-11-15,986077.3603362073,1159589.6105259275,1042945.185866035,1342615.579619391,1141751.6427252386,1151950.711273598,1271182.9435398753
2022-11-16,986077.3603362073,1159589.6105259275,1042945.185866035,1342615.579619391,1141751.6427252386,1151950.711273598,1271182.9435398753
2022-11-17,986077.3603362073,1159589.6105259275,1042945.185866035,1342615.579619391,1141751.6427252386,1151950.711273598,1271182.9435398753
2022-11-18,986077.319716748,1159589.5627589824,1042945.1429040208,1342615.524313062,1141751.5956930926,1151950.663821322,1271182.891176069
2022-11-21,984598.2037371729,1157850.178414844,1037807.5512569551,1336001.7437610715,1136127.2793031398,1146276.1063927298,1264920.990779837
2022-11-22,984598.2037371729,1144669.2350190138,1027532.1604965723,1322773.9155793714,1124878.4194020617,1134926.7623855388,1252396.9371192798
2022-11-23,984598.2037371729,1156115.927369204,1037807.482101538,1336001.654735165,1136127.2035960823,1146276.0300093943,1264920.9064904726
2022-11-24,984598.2037371729,1150392.704715457,1032669.9321801323,1329387.9278979066,1130502.9328847916,1140601.5186675037,1258659.0569511293
2022-11-25,984598.2037371729,1150392.5811941088,1032669.8212990551,1329387.7851572682,1130502.811499072,1140601.3961974664,1258658.9218048763
2022-11-28,984598.2037371729,1150392.6578517552,1032669.8901121189,1329387.8737424524,1130502.8868313422,1140601.4722026668,1258659.0056769666
2022-11-29,984598.2037371729,1148667.0688649775,1027532.2289672825,1322774.0037238332,1124878.4943595445,1134926.8380126038,1252397.0205740961
2022-11-30,984598.2037371729,1152681.3053259403,1032669.8212990551,1329387.7851572682,1130502.811499072,1140601.3961974664,1258658.9218048763
2022-12-01,984598.2037371729,1164150.8891917348,1042945.2487449053,1342615.6605653043,1141751.7115611222,1151950.7807243804,1271183.0201791355
2022-12-02,984598.2037371729,1181355.007677533,1058358.1593909345,1362457.1769183013,1158624.809292206,1168974.6028984543,1289968.8867702615
2022-12-05,984598.2037371729,1221498.1390063812,1094321.7861663545,1408754.26545436,1197995.5552390285,1208697.0408610231,1333802.7809809013
2022-12-06,984598.2037371729,1192824.556413206,1068633.5553642379,1375685.0118107554,1169873.674900066,1180323.9526634046,1302492.9467845329
2022-12-07,984598.2037371729,1191035.3195785861,1053220.529267905,1373621.4842930392,1153000.4507811568,1163300.002972505,1283706.9394779992
2022-12-08,978327.7741254034,1183450.191850136,1048082.8468801535,1364873.553616565,1147376.0350539344,1157625.3453192806,1277444.9284834214
2022-12-09,983123.5184594835,1189251.4424149636,1053220.529267905,1371564.1380859104,1153000.4507811568,1163300.002972505,1283706.9394779992
2022-12-12,978327.7939791934,1183450.215866598,1051640.6984740032,1364873.5813147596,1147376.058338322,1157625.3688116637,1277444.9544073748
2022-12-13,978327.8388713652,1183450.2701711478,1051640.6984740032,1364873.6439442174,1147376.1109875499,1157625.4219311979,1277445.013025027
2022-12-14,973532.0059168079,1177648.912405111,1051640.6984740032,1358182.9358396768,1141751.591326846,1151950.6594160725,1271182.886314856
2022-12-15,972071.7079079327,1175882.4390365032,1050065.6473448437,1358182.9969811896,1141751.6427252386,1151950.711273598,1271182.9435398753
2022-12-16,972071.7079079327,1162553.512146952,1039720.1301576,1344801.8283140496,1130502.811499072,1140601.3961974664,1258658.9218048763
2022-12-19,972071.7079079327,1162553.5600359908,1039720.1729867663,1344801.8837104389,1130502.858067847,1140601.4431822323,1258658.9736527828
2022-12-20,972071.7079079327,1168337.438319507,1044892.9367511177,1351492.4747319687,1136127.2793031398,1146276.1063927298,1264920.990779837
2022-12-21,972071.7079079327,1168337.438319507,1044892.9367511177,1351492.4747319687,1136127.2793031398,1146276.1063927298,1264920.990779837
2022-12-22,972071.7079079327,1168337.485914228,1044892.9793170631,1351492.5297879013,1136127.325585711,1146276.1530887352,1264921.0423090952
2022-12-23,972071.7079079327,1166584.9796853566,1034547.5042743201,1338111.4156315855,1124878.5401838725,1134926.8842462725,1252397.0715931638
2022-12-26,972071.7079079327,1182310.288947216,1050065.7168384348,1358183.0868660593,1141751.7182866305,1151950.7875099666,1271183.027667061
2022-12-27,972071.7079079327,1176485.9740086328,1044892.8671235582,1351492.384673821,1136127.2035960823,1146276.0300093943,1264920.9064904726
2022-12-28,972071.7079079327,1170661.786018491,1039720.1301576,1344801.8283140496,1130502.811499072,1140601.3961974664,1258658.9218048763
2022-12-29,972071.7079079327,1164837.6559708873,1034547.4446531517,1338111.3385159716,1124878.4753569094,1134926.8188402215,1252396.9994172836
2022-12-30,972071.7079079327,1164837.5714003146,1034547.369542024,1338111.2413652297,1124878.3936874883,1134926.7364412618,1252396.9084896499
2023-01-03,972071.7079079327,1163090.315043214,1033512.9807859582,1336773.3352787776,1123753.6877565393,1133224.3463366,1251144.7035946273
2023-01-04,972071.7079079327,1139260.522721817,1013856.5202430356,1311349.1434125507,1102380.9324704353,1110006.4582005881,1227349.089067375
2023-01-05,972071.7079079327,1140423.013559001,1014891.0500029067,1312687.2318770965,1103505.7917168716,1111139.098462528,1228601.4646580417
2023-01-06,972071.7079079327,1142748.008280993,1016960.1211340564,1310718.201029281,1105755.5228349962,1113404.391698993,1231106.229895852
2023-01-09,972071.7079079327,1153210.663889227,1026271.1008405439,1320737.634536799,1115879.4864196961,1123598.3860167474,1242377.866693476
2023-01-10,972071.7079079327,1155535.554549771,1028340.0793648004,1323400.26217953,1118129.1168449998,1125863.5778638665,1244882.5198237211
2023-01-11,972071.7079079327,1153802.2512179462,1032478.4490593878,1328726.0485110283,1122628.8263716823,1130394.4133378174,1249892.325623124
2023-01-12,972071.7079079327,1143993.383484676,1025236.547976266,1319406.2388640079,1114754.6020515026,1122465.7204592747,1241125.463133198
2023-01-13,972071.7079079327,1142839.0182524407,1023698.6931543016,1318074.8704213868,1113629.7406898374,1121333.078067474,1239873.0851875155
2023-01-16,972071.7079079327,1138221.4455446985,1018035.4466351849,1312749.2677326323,1109130.1863212767,1116802.398824924,1234863.4521352763
2023-01-17,972071.7079079327,1133603.8966395082,1013905.4695727639,1307423.6924961654,1104630.6551469096,1112271.7429370089,1229853.844906572
2023-01-30,972071.7079079327,1149765.273771465,1028360.3499048577,1326063.1550353505,1120378.9713464852,1128128.9953371747,1247387.422431882
2023-01-31,972071.7079079327,1148040.625860808,1014937.9984088759,1308755.130883698,1105755.5756044085,1113404.4448334281,1231106.2886473127
2023-02-01,972071.7079079327,1171976.33119138,1037652.7710736545,1338045.6642152814,1130502.8868313422,1138322.941222364,1258659.0056769666
2023-02-02,972071.7079079327,1171976.33119138,1037652.7710736545,1338045.6642152814,1130502.8868313422,1138322.941222364,1258659.0056769666
2023-02-03,972071.7079079327,1166145.581272437,1032490.3000835807,1331388.6956054852,1124878.4732315762,1132659.6217332103,1252396.9970510183
2023-02-06,972071.7079079327,1171976.301372672,1037652.7446725538,1338045.6301712552,1130502.858067847,1138322.9122599026,1258658.9736527828
2023-02-07,972071.7079079327,1189468.4359775046,1053140.0556886788,1358016.4045315816,1147375.9877901028,1155312.7588819664,1277444.8758616655
2023-02-08,972071.7079079327,1187684.2333235384,1037652.7019285511,1338045.575053176,1130502.811499072,1138322.8653689963,1258658.9218048763
2023-02-09,970615.888449721,1185905.5025951182,1037652.8133446563,1338045.7187234291,1130502.9328847916,1138322.9875943803,1258659.0569511293
2023-02-10,980273.693111791,1197705.4780828787,1047977.6476046192,1351359.5170386308,1141751.6427252386,1149649.5084017923,1271182.9435398753
2023-02-13,980273.7579865343,1197705.5573473086,1047977.7169600261,1351359.606471921,1140039.0152611507,1149649.5844858668,1271183.027667061
2023-02-14,980273.7130050708,1197705.5023886317,1047977.6688718558,1351359.544462577,1138331.4657499725,1149649.5317323166,1271182.9693367505
2023-02-15,985102.5832141157,1203605.4508856325,1053140.0516612974,1358016.399338303,1143938.9352047306,1155312.7544638598,1277444.8709765056
2023-02-16,983624.9293392946,1201800.042709304,1063464.9071795174,1355979.3747392953,1155153.9718079097,1166639.2985919453,1289968.7833512344
2023-02-17,983624.9293392946,1200000.042645336,1063464.9071795174,1353948.4520612035,1155153.9718079097,1166639.2985919453,1289968.7833512344
2023-02-20,983624.9293392946,1205825.4657863465,1068627.5178959966,1360521.2206979326,1160761.6888409571,1172302.7713633697,1296230.9614634535
2023-02-21,983624.9293392946,1194174.8524394026,1058302.5028949312,1347375.9462428712,1149546.4790047538,1160976.052279859,1283706.855638155
2023-02-22,983624.9293392946,1188349.6868687633,1053140.120442653,1340803.468220303,1143939.0099162285,1155312.8299181901,1277444.9544073748
2023-02-23,983624.9293392946,1188349.7343981382,1051560.410261989,1340803.5218472378,1143939.055669349,1155312.8761262193,1277445.0055002149
2023-02-24,983624.9293392946,1186567.2097965411,1051560.410261989,1353948.6623898256,1155154.1512548765,1166639.4798230962,1289968.9837409584
2023-03-01,983624.9293392946,1150281.5246537628,1051560.410261989,1314513.204137552,1121508.8332512043,1132659.6371746962,1252397.0141248773
2023-03-02,983624.9293392946,1179038.4857662313,1051560.410261989,1347375.9462428712,1149546.4790047538,1160976.052279859,1283706.855638155
2023-03-03,983624.9293392946,1190541.3002615117,1060229.1924271241,1360521.0774257286,1160761.5666048003,1172302.6479118578,1296230.8249614541
2023-03-06,983624.9293392946,1184789.840708662,1055107.2656903905,1353948.4520612035,1155153.9718079097,1166639.2985919453,1289968.7833512344
2023-03-07,983624.9293392946,1190541.4188879323,1060229.2980691495,1360521.212989061,1160761.6822639462,1172302.7647209656,1296230.9541188579
2023-03-08,983624.9293392946,1188755.6067596003,1070473.017353424,1373666.291522112,1171976.724944533,1183629.314986885,1308754.8732802721
2023-03-09,983624.9293392946,1181295.7658320542,1065351.0725837767,1367093.6430171572,1166369.1104048234,1177965.945727857,1302492.8096231036
2023-03-10,983624.9293392946,1158578.6152336746,1044863.620197977,1340803.468220303,1143939.0099162285,1155312.8299181901,1277444.9544073748
2023-03-13,982151.7410688706,1158578.6615723225,1044863.6619884664,1340803.5218472378,1143939.055669349,1155312.8761262193,1277445.0055002149
2023-03-14,982151.7017866146,1158578.6152336746,1044863.620197977,1340803.468220303,1143939.0099162285,1155312.8299181901,1277444.9544073748
2023-03-15,986966.106453533,1164257.8461325534,1049985.4321138184,1347375.9462428712,1149546.4790047538,1160976.052279859,1283706.855638155
2023-03-16,986966.1709130195,1162511.4593633546,1049985.5006891435,1347376.0342409909,1149546.5540824845,1160976.1281040637,1283706.9394779992
2023-03-17,991780.5314811218,1166432.4703975432,1055107.2656903905,1353948.4520612035,1155153.9718079097,1166639.2985919453,1289968.7833512344
2023-03-20,990292.8606839001,1172094.815687919,1060229.1924271241,1360521.0774257286,1160761.5666048003,1172302.6479118578,1296230.8249614541
2023-03-21,990292.8606839001,1166432.4703975432,1055107.2656903905,1358480.29580959,1155153.9718079097,1166639.2985919453,1289968.7833512344
2023-03-22,990292.8606839001,1172094.7639431623,1060229.1456209263,1363030.3148800351,1160761.5153603752,1172302.5961579257,1296230.7677364347
2023-03-23,990292.8606839001,1166432.4703975432,1055107.2656903905,1356445.6273685372,1155153.9718079097,1166639.2985919453,1289968.7833512344
2023-03-24,990292.8606839001,1164682.8216919468,1070472.9913036611,1376199.8002353383,1171976.6964246961,1183629.2861834844,1308754.8414319642
2023-03-27,990292.8606839001,1168502.619021884,1075594.7854125341,1382784.3774145285,1177584.1460177721,1189292.488855867,1315016.7208920352
2023-03-28,990292.8606839001,1157374.195624554,1065351.184772554,1369615.2070861273,1166369.233231493,1177966.0697757532,1302492.9467845329
2023-03-29,979301.714794154,1146245.4262786098,1055107.2656903905,1356445.6273685372,1155153.9718079097,1166639.2985919453,1289968.7833512344
2023-03-30,988809.5384495198,1157374.0694885498,1065351.0686656442,1369615.0578191138,1166369.106115168,1177965.941395551,1302492.8048328145
2023-03-31,993563.4940861996,1162938.4423707325,1063753.0420626458,1376199.833724907,1171976.724944533,1183629.314986885,1308754.8732802721
2023-04-06,993563.3902523215,1161194.0347071765,1062159.6913564664,1376199.6899030306,1171976.6024653064,1183629.1912898866,1308754.736506835
2023-04-07,988809.6462145781,1153907.3940118493,1057077.7455546642,1369615.2070861273,1166369.233231493,1177966.0697757532,1302492.9467845329
2023-04-10,987326.4317452562,1142812.1306078893,1046913.5364627925,1356445.8300949144,1155154.1444504212,1166639.4729509864,1289968.9761423739
2023-04-11,987326.4317452562,1148359.590682806,1051995.4837836772,1363030.3148800351,1160761.5153603752,1172302.5961579257,1296230.7677364347
2023-04-12,987326.4317452562,1148359.64137972,1051995.5302263815,1363030.3750540707,1160761.5666048003,1172302.6479118578,1296230.8249614541
2023-04-13,987326.4317452562,1137264.4989059092,1041831.4319168567,1349861.1415993082,1149546.600059885,1160976.1745386028,1283706.9908212945
2023-04-14,987326.4317452562,1135558.6021575504,1057077.6303494321,1369615.0578191138,1166369.106115168,1177965.941395551,1302492.8048328145
2023-04-17,987326.4317452562,1139309.1278897072,1062159.802359107,1376199.833724907,1171976.724944533,1176198.9924834576,1308754.8732802721
2023-04-18,987326.4317452562,1133857.8154343988,1057077.6303494321,1369615.0578191138,1166369.106115168,1168817.9442316287,1302492.8048328145
2023-04-19,987326.4317452562,1139309.1278897072,1062159.802359107,1376199.833724907,1171976.724944533,1174437.3364787393,1308754.8732802721
2023-04-20,987326.4317452562,1128406.5759371181,1051995.5263573676,1363030.3700411376,1160761.5623357682,1163198.6271920537,1296230.8201941955
2023-04-21,987326.4317452562,1144760.3677360695,1067241.9066766147,1382784.5219245474,1177584.2690830235,1180056.6538781591,1315016.8583198905
2023-04-24,987326.4317452562,1143043.2271844654,1057077.587570072,1380710.3451416607,1166369.058912841,1168817.8969301982,1302492.7521216348
2023-04-25,987326.4317452562,1135844.2307188932,1051995.6410087284,1372014.4982495555,1160761.6888409571,1163198.753962845,1296230.9614634535
2023-04-26,987326.4317452562,1130356.8915856977,1046913.3799972826,1365386.2048234479,1155153.9718079097,1157579.2633058692,1289968.7833512344
2023-04-27,987326.4317452562,1135844.0609623273,1051995.4837836772,1372014.293196377,1160761.5153603752,1163198.5801180338,1296230.7677364347
2023-04-28,987326.4317452562,1141331.276528017,1057077.6303494321,1378642.4373622208,1166369.106115168,1168817.9442316287,1302492.8048328145
2023-05-02,987326.4317452562,1146818.608813018,1062159.8850182209,1385270.7225162245,1171976.8161497898,1174437.427875485,1308754.975129841
2023-05-03,987326.4317452562,1145098.3808997986,1072323.984899316,1398526.758810393,1183191.7844287604,1185675.9424243735,1321278.8112064328
2023-05-04,987326.4317452562,1143383.3786786585,1072324.0531165588,1398526.8477794372,1183191.8596989983,1185676.0178526442,1321278.8952612511
2023-05-05,987326.4317452562,1137964.5001067217,1070715.567036884,1391898.758453468,1177584.3153402351,1180056.7002324895,1315016.9099756528
2023-05-08,987326.4317452562,1143383.3786786585,1074202.9082318547,1398526.8477794372,1183191.8596989983,1185676.0178526442,1321278.8952612511
2023-05-09,987326.4317452562,1137964.378505916,1069111.7849447592,1391898.609717712,1177584.1895057284,1180056.5741337882,1315016.7694553502
2023-05-10,987326.4317452562,1154221.0124845721,1084384.81044397,1411782.8755708223,1194406.8207843818,1196914.5251928424,1333802.7233047124
2023-05-11,987326.4317452562,1152489.6809658452,1084384.9263193605,1411783.026431375,1194406.9484165243,1196914.6530929536,1333802.8658324478
2023-05-12,987326.4317452562,1118347.5499853601,1053838.7670515645,1372014.3537670309,1160761.5666048003,1163198.6314700486,1296230.8249614541
2023-05-15,987326.4317452562,1107542.3319817414,1043656.8181405967,1358758.2651774497,1149546.5540824845,1151960.0725849243,1283706.9394779992
2023-05-16,985847.6602548738,1107542.3319817414,1043656.8181405967,1358758.2651774497,1149546.5540824845,1151960.0725849243,1283706.9394779992
2023-05-17,981038.5832056653,1102139.614478326,1038565.7414421216,1352130.087770407,1147822.2342513606,1146340.6802893232,1277444.8709765056
2023-05-18,990656.7128541488,1112945.022017083,1048747.868955418,1365386.4088860312,1147822.2342513606,1157579.4363108505,1289968.9761423739
2023-05-19,990656.7128541488,1111275.6044840573,1048747.868955418,1365386.4088860312,1147822.2342513606,1157579.4363108505,1289968.9761423739
2023-05-22,985847.699684954,1104224.7256262777,1043656.8598828189,1358758.3195225068,1147822.2342513606,1151960.1186588563,1283706.9908212945
2023-05-23,984368.9281354266,1109611.0708528447,1048747.7585150835,1365386.2651014894,1147822.2342513606,1157579.3144098066,1289968.8402998045
2023-05-24,984368.9281354266,1104224.7256262777,1043656.8598828189,1363338.185703837,1147822.2342513606,1151960.1186588563,1283706.9908212945
2023-05-25,984368.9281354266,1104224.6093438503,1043656.7499786025,1361296.097988005,1147822.2342513606,1151959.9973495647,1283706.855638155
2023-05-26,984368.9281354266,1104224.6093438503,1043656.7499786025,1361296.097988005,1146103.0796319128,1151959.9973495647,1283706.855638155
2023-05-29,984368.9281354266,1102568.2724298346,1053838.8050155581,1374577.0850477747,1157284.6147823115,1163198.6733736745,1296230.8716574956
2023-05-30,984368.9281354266,1132827.5976697728,1084384.9204048004,1414419.9813725664,1190829.1656311608,1196914.6465646226,1333802.8585574876
2023-05-31,984368.9281354266,1143464.3605694058,1094566.827443444,1427700.7753903947,1202010.5382555937,1208153.1592322118,1346326.6925376204
2023-06-01,984368.9281354266,1132827.548754426,1084384.873581202,1414419.9202980974,1190829.1142113141,1196914.5948820056,1333802.8009640556
2023-06-02,1001352.7005519306,1154101.3055385465,1104748.9087658254,1440981.7967356206,1213192.1022716204,1219391.864269461,1358850.740888263
2023-06-05,1001352.6812984591,1154101.283348107,1103091.7854026768,1440981.769029197,1213192.0789450146,1219391.8408236497,1358850.7147610113
2023-06-06,987509.1574705301,1152370.1314230848,1086212.4178163658,1421060.4507686817,1196419.9128876452,1202533.964154128,1340064.8438089313
2023-06-07,992123.6434039865,1156020.9571518293,1091288.1296564445,1427700.8585168591,1202010.6082414673,1208153.2295757334,1346326.7709261593
2023-06-08,996738.2150169837,1161397.8489620069,1096363.9357398832,1434341.3895609125,1207601.4074006139,1213772.5993331384,1352588.8143118185
2023-06-09,995243.1076944582,1156020.9571518293,1091288.1296564445,1427700.8585168591,1202010.6082414673,1208153.2295757334,1346326.7709261593
2023-06-12,995243.1076944582,1161397.7234163154,1096363.8172242786,1434341.234510357,1207601.276860374,1213772.4681258004,1352588.6680986166
2023-06-13,995243.1076944582,1193658.767506378,1126818.3641319298,1474184.041908513,1241145.7528400666,1247488.3660649888,1390160.5711404884
2023-06-14,995243.1076944582,1191868.2793551185,1142045.6393229018,1494105.4478802497,1257917.9927433108,1264346.316957759,1408946.5248045488
2023-06-15,995243.1076944582,1190083.2032101545,1142045.6859486676,1494105.5088793973,1257918.044099743,1264346.3685766375,1408946.5823269528
2023-06-16,995243.1076944582,1179504.756762743,1131894.2367922405,1480824.6600531724,1246736.6253309983,1253107.8095289257,1396422.6966623154
2023-06-19,995243.1076944582,1179504.6376931998,1131894.1225289204,1480824.5105657587,1246736.4994744812,1253107.6830292456,1396422.5556951752
2023-06-20,995243.1076944582,1195372.4130881755,1147121.3977198924,1500745.916537495,1263508.7393777254,1269965.6339220155,1415208.5093592359
2023-06-21,995243.1076944582,1190083.2689464418,1142045.7490315202,1494105.591408878,1257918.113583004,1264346.438414978,1408946.6601525343
2023-06-26,995243.1076944582,1188298.144043022,1152197.194541676,1491864.4330217647,1269099.528335526,1275584.993425943,1421470.5413187519
2023-06-27,995243.1076944582,1212653.158880958,1177576.0132092757,1522441.2546591456,1297053.2908974765,1303681.607787294,1452780.4970106794
2023-06-28,995243.1076944582,1196972.342228613,1162348.7790887014,1502754.5684839275,1280281.096231647,1286823.702363115,1433994.594015342
2023-06-29,995243.1076944582,1212653.2083255255,1177576.0612236117,1522441.3167349738,1297053.3437833642,1303681.660943444,1452780.5562461687
2023-06-30,995243.1076944582,1181291.487420555,1147121.5079161045,1483067.834405621,1263508.860754484,1269965.7559190446,1415208.6453087677
2023-07-03,995243.1076944582,1191745.3887690993,1157273.020228052,1496192.32145998,1274690.3490865307,1281204.3848855468,1427732.6088886373
2023-07-04,995243.1076944582,1189957.7706859456,1191901.0653229423,1540961.5455519194,1312831.7678517343,1319540.717315422,1470453.374256777
2023-07-05,995243.1076944582,1166958.0602966503,1170617.0902894097,1513444.3396215138,1289388.3132034123,1295977.4598436605,1444195.2444369374
2023-07-06,995243.1076944582,1140436.3207260699,1168861.1646539755,1479047.9221360327,1260084.0715073247,1266523.4650097943,1411372.6679749433
2023-07-07,995243.1076944582,1113914.5458254635,1139968.3942799051,1444651.4588305436,1230779.7907745962,1237069.4309397992,1378550.0477894794
2023-07-10,998484.5909067038,1119218.8529075684,1145396.7661867228,1451530.6893720296,1236640.5939979523,1242960.184560156,1385114.5125493028
2023-07-11,993752.418296175,1113914.4778083924,1139968.3246719518,1444651.370618246,1230779.7156215808,1237069.3554027302,1378549.96361342
2023-07-12,993752.484463833,1112243.6060916798,1139968.400575198,1444651.4668084,1230779.7975713804,1237069.4377713169,1378550.0554023013
2023-07-13,1026877.5057753221,1147596.9287308434,1177967.27670767,1492806.4262916169,1271805.7146500167,1278305.0091340146,1424501.6385963734
2023-07-14,1017413.2633167078,1137020.0726626317,1167110.5115605383,1479047.938173276,1260084.0851703535,1276387.5516203137,1411372.683278387
2023-07-17,1015887.1434217327,1163462.2710573415,1194252.48419341,1513444.2342077685,1289388.2233955169,1304114.6663805328,1444195.1438464988
2023-07-18,1015887.1434217327,1168750.851063415,1199681.0227607752,1520323.6759537088,1295249.206555821,1310042.5893753883,1450759.8101469146
2023-07-19,1015887.1434217327,1195193.1435150523,1226823.091939725,1554720.0943384643,1324553.449018051,1339681.5233199887,1483582.3874670358
2023-07-20,1015887.1434217327,1193400.3537997797,1183395.7469366982,1499685.7814342107,1277666.6240280613,1292259.1915350438,1431066.2222560614
2023-07-21,995753.4001816919,1169748.4979203476,1161682.0843956778,1472168.6376047502,1254223.2222870255,1268548.0365193542,1404808.1516956782
2023-07-24,1005059.4886527744,1180680.7056422357,1172538.9052216825,1485927.196283438,1265944.911881015,1280403.6026218783,1417937.1743454554
2023-07-25,1009712.5529941629,1186146.8331222653,1177967.3390908968,1483698.3054890127,1271805.7820027743,1286331.411287146,1424501.7140356582
2023-07-26,1042283.9437926916,1224409.6554784868,1215966.3066541478,1529265.6692739513,1312831.797795687,1327825.9960273425,1470453.40779587
2023-07-27,1042283.8229924508,1224409.5135699578,1215966.1657241993,1529265.4920327475,1312831.6456390717,1327825.8421329062,1470453.2373709807
2023-07-28,1040720.3972579621,1222572.899299603,1199681.0374645533,1508784.4248922225,1295249.2224309216,1310042.6054318026,1450759.8279280164
2023-07-31,1040720.3972579621,1220741.7364248873,1199680.9881357485,1508784.3628536223,1295249.169172519,1310042.5515651216,1450759.768275287
2023-08-01,1040720.3972579621,1209694.2156390713,1188824.0638107127,1495130.101585588,1283527.367834628,1298186.8724424397,1437630.6204653785
2023-08-02,1043906.776470832,1215218.0398108014,1194252.5886517137,1501957.3110474902,1289388.3361751079,1304114.7804482093,1444195.2701666674
2023-08-04,1034416.76242367,1204170.6584467709,1183395.8013431001,1488303.2220987952,1277666.6827685495,1292259.2509464226,1431066.2880490678
2023-08-07,1062886.9244471062,1237312.9420941488,1181620.7076410856,1529265.661429221,1312831.7910612056,1327825.9892159447,1470453.4002528312
2023-08-08,1048651.7155500066,1235456.9726810076,1181620.7076410856,1508784.257764452,1295249.0789564056,1310042.4603186264,1450759.6672276196
2023-08-09,1048651.7155500066,1233606.5628367523,1179850.9312442192,1508784.257764452,1295249.0789564056,1310042.4603186264,1450759.6672276196
2023-08-10,1047078.7379766816,1239188.608342491,1185189.7335711527,1515611.4769434873,1301110.0556387722,1315970.376761558,1457324.3262723417
2023-08-11,1047078.7379766816,1228024.7182219957,1174512.3210542435,1501957.284288674,1289388.3132034123,1304114.7572141483,1444195.2444369374
2023-08-14,1047078.7379766816,1222442.8163378628,1169173.6560904614,1495130.2407685753,1283527.4873193295,1298186.9932918071,1437630.7542956884
2023-08-15,1047078.7379766816,1205696.9670194183,1153157.5237934606,1474648.9344949902,1265944.8588221364,1280403.5489570003,1417937.1149162056
2023-08-16,1047078.7379766816,1203888.4215688892,1137141.5089025642,1454167.7783594243,1248362.3592142332,1262620.234983562,1398243.619900758
2023-08-17,1035693.4348107236,1190798.0644062231,1126464.082818808,1440513.5683554318,1236640.6018850885,1250764.6003722614,1385114.5213833866
2023-08-18,1045510.5355062422,1202085.366336877,1137141.5776828537,1454167.8663151271,1248362.4347217437,1262620.3113534637,1398243.704473874
2023-08-21,1045510.5355062422,1202085.366336877,1137141.5776828537,1454167.8663151271,1248362.4347217437,1262620.3113534637,1398243.704473874
2023-08-22,1045510.4341928158,1202085.249850832,1137141.4674900766,1454167.7254014548,1248362.313751298,1262620.1890013823,1398243.5689794377
2023-08-23,1045510.4341928158,1202085.249850832,1137141.4674900766,1454167.7254014548,1246489.770280671,1262620.1890013823,1398243.5689794377
2023-08-24,1043942.1685415265,1200282.1219760557,1163834.9841722639,1451986.4738133526,1246489.770280671,1292259.2216476605,1431066.2556032017
2023-08-25,1043942.1685415265,1192986.732742435,1158496.2645886855,1443161.209907079,1246489.770280671,1286331.397078461,1424501.6983007584
2023-08-28,1043942.1685415265,1192986.732742435,1158496.2645886855,1443161.209907079,1246489.770280671,1286331.397078461,1424501.6983007584
2023-08-29,1043942.1685415265,1187489.1846502598,1153157.656241767,1436510.802204734,1246489.770280671,1280403.6960204137,1417937.2777763228
2023-08-30,1043942.1685415265,1170996.279307895,1137141.5776828537,1416559.2632852239,1246489.770280671,1262620.3113534637,1398243.704473874
2023-08-31,1037484.7038577204,1165498.531253103,1131802.7751544423,1409908.6136872359,1246489.770280671,1256692.3946868218,1391679.0451814122
2023-09-01,1042378.5433484068,1163750.2834562233,1137141.515182246,1416559.1854270075,1246489.770280671,1262620.2419561797,1398243.627622334
2023-09-04,1052166.0911764617,1172918.0897636428,1147818.8521613448,1429860.1506733762,1256309.3827358226,1274475.7776305033,1411372.6165754888
2023-09-05,1042378.4809160166,1162007.2029499495,1137141.447074107,1416559.1005833813,1244622.7614809885,1262620.1663325976,1398243.5438757027
2023-09-06,1042378.6006405657,1162007.3364147043,1135435.7349034958,1416559.2632852239,1244622.904434725,1262620.3113534637,1398243.704473874
2023-09-07,1040815.0327396049,1156551.8329560822,1128412.3638016847,1409908.6650333742,1238779.529486014,1256692.4404531226,1391679.095863665
2023-09-08,1040815.0327396049,1151096.4694061156,1123089.7319027917,1403258.2373388836,1232936.3043930845,1250764.721575497,1385114.6556055748
2023-09-11,1040815.0327396049,1149369.8247020065,1128412.2948993577,1409908.578942517,1238779.4538445245,1256692.3637178473,1391679.010885929
2023-09-12,1040815.0327396049,1147648.4285883561,1128412.3700331612,1409908.672819369,1238779.5363269756,1256692.4473930052,1391679.1035489899
2023-09-13,1040815.0327396049,1158475.3642293455,1139057.832356386,1423209.776258394,1250466.2044555454,1268548.106242447,1404808.2289080236
2023-09-14,1040815.0327396049,1153061.8162123882,1133735.0223425063,1416559.1260159493,1244622.783826652,1262620.1890013823,1398243.5689794377
2023-09-15,1040815.0327396049,1153061.9279479,1133735.1322051878,1416559.2632852239,1244622.904434725,1262620.3113534637,1398243.704473874
2023-09-18,1040815.0327396049,1147648.3804555226,1128412.3227070956,1409908.6136872359,1238779.4843720668,1256692.3946868218,1391679.0451814122
2023-09-19,1040815.0327396049,1145926.9078848392,1133735.0223425063,1416559.1260159493,1244622.783826652,1262620.1890013823,1398243.5689794377
2023-09-20,1040815.0327396049,1144210.7028746428,1133735.1322051878,1416559.2632852239,1244622.904434725,1262620.3113534637,1398243.704473874
2023-09-21,1040815.0327396049,1138838.683218566,1128412.2948993577,1409908.578942517,1238779.4538445245,1256692.3637178473,1391679.010885929
2023-09-22,1040815.0327396049,1128094.9220561266,1117766.8958908732,1407793.7160741033,1227092.8552233495,1244836.7753808864,1378549.96361342
2023-09-25,1044205.0510798097,1133466.871848308,1123089.6639724316,1412379.0135252308,1232936.2298186272,1250764.6459226834,1385114.5718265723
2023-09-26,1039256.2701114087,1128095.0540449799,1117767.0266713314,1405685.35275901,1227092.9987951145,1244836.9210287174,1378550.1249059013
2023-09-27,1029358.591348443,1126402.9114639123,1107121.6264173188,1392297.8732089242,1215406.3988065894,1232981.3313046342,1365421.0760972735
2023-09-28,1034307.4307299259,1130123.1253886367,1112444.326544325,1398991.6129839672,1221249.698800852,1238909.126166676,1371985.6005015874
2023-10-02,1029358.4897135204,1124715.7266572197,1107121.5171043721,1392297.7357387678,1215406.2788020195,1232981.209564783,1365420.9412808293
2023-10-03,1027814.4519789501,1124715.8377073512,1107121.6264173188,1392297.8732089242,1215406.3988065894,1232981.3313046342,1365421.0760972735
2023-10-04,1027814.4519789501,1113901.1242758296,1096476.0902542023,1378910.2227417938,1203719.6496160342,1221125.5902210404,1352291.8596709692
2023-10-05,1027814.4519789501,1113901.1037708304,1096476.070069968,1378910.1973584343,1203719.627457631,1221125.5677422239,1352291.8347776078
2023-10-06,1046202.8004997979,1112230.2521151742,1094831.355964863,1405685.274124637,1227092.9301512402,1244836.851392244,1378550.0477894794
2023-10-11,1061148.6189764887,1126429.6794322475,1108808.6580872529,1425766.5785642618,1244622.904434725,1262620.3113534637,1398243.704473874
2023-10-12,1061148.4970960706,1126429.550053838,1108808.5307327423,1425766.414804894,1244622.7614809885,1262620.1663325976,1398243.5438757027
2023-10-13,1066130.4787778049,1131718.0194805865,1114014.2713088996,1432460.2396375432,1250466.1357262866,1260726.2360830987,1404808.1516956782
2023-10-16,1066130.4149228127,1131717.9516972834,1114014.2045859478,1432460.1538415367,1250466.0608306646,1258837.9037173805,1404808.0675558704
2023-10-17,1064531.2193004284,1137006.3737542725,1119219.898533363,1439153.918716409,1256309.3827358226,1264720.3465346997,1411372.6165754888
2023-10-18,1064531.2193004284,1135300.864193641,1103602.9168844398,1419072.7529258241,1238779.529486014,1247073.1313013625,1391679.095863665
2023-10-19,1064531.2193004284,1122906.0224628823,1093191.4741395987,1405685.1526469477,1227092.8241072937,1235308.1836861204,1378549.9286567846
2023-10-20,1042690.3985730368,1101517.3363207323,1072368.7793940825,1378910.1973584343,1203719.627457631,1211778.503996861,1352291.8347776078
2023-10-23,1032567.3077035747,1090823.1167277228,1061957.5522318904,1365522.8742874723,1192033.1640675538,1200013.7999903706,1339162.9394274445
2023-10-24,1010296.2501308025,1067295.5614263804,1039052.5874812668,1336070.42278789,1166322.6471573832,1174131.1517326564,1310279.035491302
2023-10-25,995111.4406144941,1051254.0490523984,1023435.56859568,1315989.2091163744,1148792.752109917,1156483.8944218273,1290585.4678228367
2023-10-26,995111.4602142618,1049677.16797882,1023435.5887533211,1314015.2253026997,1148792.7747366,1156483.9171999951,1290585.4932422764
2023-10-27,993618.7930239404,1050237.4848815221,1025517.870767152,1314716.6456666035,1151130.1084767398,1158836.8993383276,1293211.3184426322
2023-10-30,993618.7930239404,1048104.9982394192,1023435.5768173265,1312047.1392688665,1148792.7613386055,1156483.9037123015,1290585.4781906
2023-10-31,993618.7930239404,1013985.5669596406,990119.2202584364,1269335.4812963242,1111395.596225339,1118836.365397759,1248572.4712802505
2023-11-01,1005692.8421665626,1027846.5654655091,1003653.9701403152,1286687.066745858,1126588.1721363543,1134130.6552717164,1265640.2301545471
2023-11-02,1003606.309480304,1025714.0699704809,1001571.6675459371,1284017.5492657817,1124250.8152948252,1131777.6498773315,1263014.3790014533
2023-11-03,999433.390476604,1024175.4988655251,997407.20842926,1278678.7015704236,1119576.2655757242,1127071.8041502538,1257762.8608968982
2023-11-06,1003606.3177938107,1026911.3646895896,1001571.6758425897,1284017.5599021122,1124250.8246077066,1131777.6592525626,1263014.3894638014
2023-11-07,1005692.8219722356,1029046.3202147869,1003653.949986929,1286687.040909163,1126588.1495144472,1134130.6324983563,1265640.2047404728
2023-11-08,1004184.2827392772,1021573.978902576,1002148.4690619486,1277343.861168075,1118407.5156536635,1125895.2294730654,1256449.8549938225
2023-11-09,1004184.2827392772,1039721.1459736162,1018422.9283734496,1300034.5061282038,1138274.8267434358,1145895.5517754047,1278769.340323168
2023-11-10,1004184.2827392772,1045058.4224990399,1023650.873202321,1306708.0682449976,1144118.0160791394,1151777.86113572,1285333.7404106043
2023-11-13,1004184.2827392772,1043490.8348652914,1022605.2605710459,1305373.3256122172,1142949.3517614515,1150601.372636024,1284020.8306778425
2023-11-14,1008831.7088770398,1048320.1741248542,1028878.9470284748,1313381.7950290565,1149961.3495930182,1157660.3156394802,1291898.3024717798
2023-11-15,1030361.7038288766,1070692.9126680752,1050836.780372385,1341411.3495801184,1174503.2645959721,1182366.5382258063,1319469.3667888055
2023-11-16,1035487.7758262729,1076019.6333109748,1056064.7163231135,1348084.9003638092,1180346.4440087192,1188248.837596731,1326033.7557285186
2023-11-17,1040614.0645740782,1081346.5791884942,1061292.8733314583,1354758.7333313755,1186189.8704939866,1194131.3856943215,1332598.4222363168
2023-11-20,1050866.3071504256,1092000.1229146032,1071748.8457734569,1368105.9632404996,1197876.3416920172,1205896.0975610393,1345727.3263581502
2023-11-21,1049290.0076897,1090362.1227302314,1066520.9170424507,1361432.4216729093,1192033.1703486368,1200013.8063135054,1339162.9464837865
2023-11-22,1057990.1996399013,1099402.8642730473,1076977.025109508,1374779.8247097698,1203719.7931326008,1211778.670781021,1352292.020901439
2023-11-23,1052854.258644502,1094065.8883322482,1071748.913869682,1368106.05016651,1197876.4178020658,1205896.174180643,1345727.4118622786
2023-11-24,1047718.3842120897,1088728.9815598957,1066520.8703873907,1366053.8910912604,1192033.1182030314,1200013.7538187862,1339162.8879019746
2023-11-27,1052854.258644502,1094065.8883322482,1071748.913869682,1370694.1924060397,1197876.4178020658,1205896.174180643,1345727.4118622786
2023-11-28,1047718.430044633,1088729.0291864516,1066520.9170424507,1364007.93894101,1192033.1703486368,1200013.8063135054,1339162.9464837865
2023-11-29,1046146.8523995661,1087095.935642672,1071748.981298297,1370694.2786426665,1197876.4931659377,1205896.2500490744,1345727.4965281312
2023-11-30,1046146.8523995661,1080172.701526715,1066520.8703873907,1364007.8792723517,1196079.6784261889,1200013.7538187862,1339162.8879019746
2023-12-01,1046146.8523995661,1069582.8142335124,1056064.8240558298,1350635.304971855,1182579.5832632133,1188248.9588139944,1326033.8910016853
2023-12-04,1046146.8523995661,1069582.7051217807,1056064.7163231135,1350635.1671890155,1182579.4626243021,1188248.837596731,1326033.7557285186
2023-12-05,1046146.8523995661,1069582.7051217807,1056064.7163231135,1350635.1671890155,1182579.4626243021,1188248.837596731,1326033.7557285186
2023-12-06,1046146.8523995661,1074877.6690085223,1061292.7594732281,1357321.479897872,1188433.81639967,1194131.2575848338,1332598.2792717293
2023-12-07,1046146.8523995661,1073265.3525050096,1059700.8203340182,1350635.1671890155,1182579.4626243021,1188248.837596731,1326033.7557285186
2023-12-08,1046146.8523995661,1071657.9337968943,1058113.7170891082,1350635.2530049756,1182579.5377624256,1188248.9130950726,1326033.839981367
2023-12-11,1046146.8523995661,1076963.1026653927,1063351.8362446711,1357321.479897872,1188433.81639967,1194131.2575848338,1332598.2792717293
2023-12-12,1046146.8523995661,1071657.8657064498,1058113.6498592293,1350635.1671890155,1182579.4626243021,1188248.837596731,1326033.7557285186
2023-12-13,1046146.8523995661,1066352.628747507,1052875.4634737878,1343948.854480159,1176725.1088489343,1182366.4176086285,1319469.2321853084
2023-12-14,1046146.8523995661,1076963.2388495863,1063351.9707076922,1357321.6515339576,1188433.966679564,1194131.408585181,1332598.4477815153
2023-12-15,1046146.8523995661,1075347.793991312,1063351.9038073712,1357321.5661386638,1188433.8919097644,1194131.3334569293,1332598.3639416709
2023-12-18,1046146.8523995661,1073737.2557627049,1063351.9707076922,1357321.6515339576,1188433.966679564,1194131.408585181,1332598.4477815153
2023-12-19,1046146.8523995661,1079026.5811658439,1068590.1372712124,1364007.93894101,1194288.2983013594,1200013.8063135054,1339162.9464837865
2023-12-20,1046146.8523995661,1084315.8459979952,1073828.243849593,1370694.149779691,1200142.562881969,1205896.136679243,1345727.3700123557
2023-12-21,1046146.8523995661,1089605.1440564815,1079066.3833329405,1377380.4026201032,1205996.8642381532,1211778.503996861,1352291.8347776078
2023-12-22,1046146.8523995661,1094894.4894159792,1084304.5696597996,1384066.7152541815,1211851.2179480474,1217660.9239191758,1358856.3582474021
2023-12-25,1046146.8523995661,1093252.1476818554,1084304.5696597996,1381990.6151813003,1211851.2179480474,1217660.9239191758,1358856.3582474021
2023-12-26,1046146.8523995661,1096888.3828353009,1089542.911092976,1386587.215212967,1217705.745009401,1223543.5180240104,1365421.0760972735
2023-12-27,1046146.8523995661,1096888.2266832886,1089542.7559866584,1386587.0178196977,1217705.5716579412,1223543.3438414906,1365420.8817171962
2023-12-28,1046146.8523995661,1091614.8809947467,1084304.7240204138,1379920.9305244433,1211851.3904660868,1217661.0972642798,1358856.5516929599
2023-12-29,1046146.8523995661,1096888.2745327456,1089542.8035156846,1386587.0783066594,1217705.6247778025,1223543.3972160125,1365420.9412808293
2024-01-02,1046146.8523995661,1102161.7557212226,1094780.9700744692,1393253.3368886926,1223559.9563943055,1229425.794939019,1371985.4399771658
2024-01-03,1046146.8523995661,1100508.5130876407,1094780.9900710485,1393253.36233698,1223559.9787430805,1229425.8173949358,1371985.465036987
2024-01-04,1046146.8523995661,1098860.3312507684,1094781.0981655386,1393253.499901491,1223560.0995527157,1229425.9387837413,1371985.6005015874
2024-01-05,1046146.8523995661,1093602.6263165541,1089542.911092976,1386587.215212967,1217705.745009401,1223543.5180240104,1365421.0760972735
2024-01-08,1046146.8523995661,1088344.8477690788,1087908.5967263367,1379920.837189621,1211851.3084991192,1217661.0149043563,1358856.4597828859
2024-01-09,1046146.8523995661,1072571.6658847902,1070535.933448073,1359921.8980707126,1194288.1701750378,1215834.5233819997,1339162.8028149398
2024-01-10,1034339.0415449629,1062056.2977887888,1060040.52343655,1346589.3816572472,1182579.5076012125,1202111.4556791605,1326033.80616141
2024-01-11,1024098.1264578892,1060463.2133421055,1049545.1398598498,1333256.8988244338,1170870.8745180331,1190209.4382087374,1312904.8425759259
2024-01-12,1024098.1264578892,1058874.9009906196,1049545.1398598498,1333256.8988244338,1170870.8745180331,1190209.4382087374,1312904.8425759259
2024-01-15,1034339.0415449629,1069463.5815757357,1060040.52343655,1346589.3816572472,1182579.5076012125,1202111.4556791605,1326033.80616141
2024-01-16,1022049.896066728,1056757.1158911113,1047446.0145936101,1330590.3405827517,1168529.0937380914,1187828.9796567645,1310278.9891251754
2024-01-17,1020516.821222628,1056757.189882639,1047446.0879331975,1330590.4337474066,1168529.1755556175,1187829.0628256209,1310279.0808676796
2024-01-18,1020516.821222628,1048286.1605569534,1039049.6969619261,1319924.3406347563,1159162.1752561918,1178307.3534666195,1299775.8047838942
2024-01-19,1029281.141795967,1046713.7313161179,1049545.1398598498,1333256.8988244338,1170870.8745180331,1190209.4382087374,1312904.8425759259
2024-01-22,1034427.555967807,1050371.7509524624,1054792.8741886218,1339923.1942807373,1176725.2385176492,1196160.4951858108,1319469.3775836502
2024-01-23,1029281.0367955443,1045145.90567882,1049545.0327922285,1333256.7628144242,1170870.7550735667,1190209.316791479,1312904.708642098
2024-01-24,1039573.9532139268,1055597.4724206482,1060040.5912584483,1331256.8776702026,1182579.5832632133,1202111.5325908246,1326033.8910016853
2024-01-25,1039573.9786197451,1055597.4982180602,1060040.6171644444,1329263.015680846,1182579.612163901,1202111.5619688474,1326033.9234082073
2024-01-26,1038014.6176518155,1066048.9381608693,1070536.048297935,1342424.0099045325,1194288.2983013594,1214013.6333698148,1339162.9464837865
2024-01-29,1038014.6176518155,1064449.864753628,1075783.7740248856,1349004.5197570059,1200142.6527047975,1219964.6805922159,1345727.4707312558
2024-01-30,1038014.6176518155,1062855.601755928,1075783.7946470845,1349004.5456167003,1200142.6757108897,1219964.703978286,1345727.4965281312
2024-01-31,1038014.6176518155,1057670.9200089625,1070536.048297935,1342424.0099045325,1194288.2983013594,1214013.6333698148,1339162.9464837865
2024-02-01,1038014.6176518155,1062855.4750342544,1075783.6663840143,1349004.384778188,1200142.5326208142,1219964.5585248785,1345727.3360803337
2024-02-02,1038014.6176518155,1062855.601755928,1075783.7946470845,1349004.5456167003,1200142.6757108897,1219964.703978286,1345727.4965281312
2024-02-05,1038014.6176518155,1052486.212595257,1065288.2759698443,1335843.4416154572,1188433.8919097644,1208062.5333006,1332598.3639416709
2024-02-15,1036459.8619061235,1050907.4832763642,1063690.3435558896,1335843.3567393315,1188433.81639967,1208062.4565433513,1332598.2792717293
2024-02-16,1031354.213830322,1044164.4189369789,1056865.2590095138,1329262.932050849,1182579.5377624256,1202111.486338528,1326033.839981367
2024-02-19,1036459.8693940094,1049333.4906326777,1062097.205432353,1335843.3663901081,1188433.824985489,1208062.465270977,1332598.288899062
2024-02-20,1056882.704507961,1070009.9929185482,1083025.2092480876,1362165.3780911516,1211851.2179480474,1231866.6291022385,1358856.3582474021
2024-02-21,1056882.7239633494,1070010.0126155873,1083025.2291847146,1362165.403166268,1211851.240256139,1231866.6517787795,1358856.383261605
2024-02-22,1055297.3998774043,1070009.9929185482,1083025.2092480876,1362165.3780911516,1211851.2179480474,1231866.6291022385,1358856.3582474021
2024-02-23,1055297.3998774043,1068404.9779291702,1083025.2291847146,1362165.403166268,1211851.240256139,1231866.6517787795,1358856.383261605
2024-02-26,1055297.3998774043,1061651.1049942255,1077793.2034063095,1355584.8690182474,1205996.8642381532,1225915.5825848363,1352291.8347776078
2024-02-27,1055297.3998774043,1071958.3972757228,1088257.215089866,1368745.8871640556,1217705.5716579412,1237817.6756196406,1365420.8817171962
2024-02-29,1055297.3998774043,1061651.1245373923,1077793.2232466242,1355584.893972228,1205996.8864384766,1225915.6051518288,1352291.8596709692
2024-03-01,1055297.3998774043,1061651.251115474,1077793.3517492893,1355585.0555953183,1205997.0302265524,1225915.751314765,1352292.020901439
2024-03-04,1055297.3998774043,1056497.5116791776,1072561.2511934317,1349004.4273966185,1200142.5705363252,1219964.597066617,1345727.3785952337
2024-03-05,1099977.5632831946,1054912.765411659,1119649.3061238748,1346980.9207555235,1252831.7565598711,1273524.0184012488,1404808.0927774631
2024-03-06,1089697.399140361,1043488.5348018704,1109185.2939171095,1332393.7234343388,1241123.0485546386,1261621.9247713306,1391679.0451814122
2024-03-07,1110257.7739906828,1063177.0423127303,1130113.365728046,1357533.2845855693,1239261.3639818067,1285426.165942454,1417937.1998423669
2024-03-08,1105117.61812093,1058254.8559136319,1124881.2845065352,1351248.3182970057,1231676.446050664,1279475.0336857946,1411372.581794692
2024-03-11,1079417.2860118784,1033644.3521925512,1098721.333637024,1319824.0337026843,1203032.8942735945,1249719.8902044364,1378550.062737029
2024-03-12,1077798.1600828606,1097631.8269999241,1166737.3814268599,1401527.3844998681,1277506.3210876489,1327083.4629082447,1463888.8325208318
2024-03-13,1077798.1600828606,1095985.3792594243,1271377.532346053,1527224.9402361005,1392080.908622809,1446104.4320240694,1595179.3446809622
2024-03-14,1077798.1600828606,1089840.373297897,1266145.5057356148,1520940.0395483437,1386352.1583716087,1440153.361883746,1588614.7951530248
2024-03-15,1138442.4495255903,1152888.983304505,1339393.585141207,1608928.2970458546,1466554.3409173817,1523468.0104210826,1680518.1207448666
2024-03-18,1182912.8687152509,1197923.720359556,1337384.4947634952,1671777.0742023564,1523841.634036318,1582978.4943051788,1746163.3760816536
2024-03-19,1182912.8687152509,1197923.720359556,1337384.4947634952,1671777.0742023564,1523841.634036318,1582978.4943051788,1746163.3760816536
2024-03-20,1214042.1601358745,1229448.034260419,1337384.4947634952,1715771.2153682092,1563942.7366275133,1624635.8303313942,1792115.0518471748
2024-03-21,1254065.4481720226,1227603.8622090283,1337384.4947634952,1772334.9886964173,1615501.1854816119,1678195.146413072,1851195.6499262138
2024-03-22,1252184.3499997645,1251845.514403725,1337384.4947634952,1810044.5171542373,1649873.800318025,1713901.6849822765,1890583.0769572798
2024-03-25,1252184.3499997645,1277925.629287136,1337384.4947634952,1847753.7779282837,1684246.1711579838,1749607.9700860737,1929970.2243938895
2024-03-26,1241803.1401119858,1269232.0083441127,1337384.4947634952,1835183.6638518423,1672788.3856255398,1737705.5337140092,1916840.798723351
2024-03-27,1216286.778842121,1243152.0433206195,1337384.4947634952,1797474.6197603808,1638416.2122939387,1701999.453783424,1877453.877610693
2024-03-28,1280078.094850408,1308352.3778316197,1337384.4947634952,1891747.840090184,1724347.2017362814,1791265.2313047328,1975921.81764015
2024-03-29,1335363.8507506913,1306389.8492648723,1337384.4947634952,1973451.221886071,1798820.6568059658,1868628.8333607086,2061260.619801954
2024-04-01,1284330.7282176171,1254582.1425667475,1337384.4947634952,1898032.5425778506,1730075.7713261037,1797216.1137726177,1982486.160149015
2024-04-02,1282404.2321252907,1262890.706735325,1337384.4947634952,1910602.4051950504,1741533.3276509175,1809118.31204202,1995615.3231715458
2024-04-03,1282404.2321252907,1296124.6727020442,1337384.4947634952,1907736.5015872577,1787363.152062784,1856726.688674705,2048131.5158865869
2024-04-08,1282404.2321252907,1321050.1796723125,1337384.4947634952,1941511.522547566,1821735.5651827855,1892433.0176993385,2087518.7117717103
2024-04-09,1282404.2321252907,1316895.9338242866,1337384.4947634952,1935406.1404011904,1816006.8369903872,1886481.970473869,2080954.187520856
2024-04-10,1282404.2321252907,1314920.5899235501,1337384.4947634952,1941511.3797516983,1821735.4311962973,1892432.8785131364,2087518.558237187
2024-04-11,1282404.2321252907,1263405.911381932,1337384.4947634952,1868246.9104599722,1752990.8021673395,1821020.4253282314,2008744.392450203
2024-04-12,1282404.2321252907,1246890.7161005177,1337384.4947634952,1843825.2560398215,1730075.7713261037,1797216.1137726177,1982486.160149015
2024-04-15,1259283.3813241601,1226246.7643625143,1337384.4947634952,1813298.2506595608,1701432.0415547886,1767460.785389458,1949663.4371285345
2024-04-16,1208403.2633321495,1176701.4586883618,1337384.4947634952,1740033.7016973956,1632687.3377704297,1696048.2545480635,1870889.1856796676
2024-04-17,1212643.3095887094,1180830.2696295392,1337384.4947634952,1746139.1332259616,1638416.1122985266,1693504.1821662413,1877453.7630263933
2024-04-18,1225363.3660139935,1179059.0242250948,1349388.9439763557,1764455.309240295,1655602.3246263713,1708705.1845901378,1897147.3675783016
2024-04-19,1238083.5670492896,1189514.2796566612,1363396.6245699252,1782771.6934850283,1672788.732338441,1726442.8402609953,1916841.1960201282
2024-04-22,1236226.4416987156,1152851.1682973807,1321374.1258674276,1727823.2508776132,1621230.1755197907,1673230.5609378826,1857760.4742249874
2024-04-23,1269268.686689009,1185440.4304372256,1358727.2629911902,1776666.0559183804,1667059.7644831878,1720530.1177847022,1910276.3971406708
2024-04-24,1286715.5756288352,1201735.0477641288,1377403.8158011076,1801087.437841562,1689974.5396383696,1744179.876261704,1936534.3364523423
2024-04-25,1334695.0226032166,1246545.714622868,1428764.8738268814,1868246.9413533704,1752990.8311548585,1809217.3930773244,2008744.4256668724
2024-04-26,1365227.214589508,1244675.8960509337,1461448.9871952434,1910984.550563861,1793091.8667477216,1850604.655227021,2054696.0246593014
2024-04-29,1369588.9177220636,1246782.2817656987,1466118.1049489765,1917089.8693059618,1798820.5354473891,1856517.0689524189,2061260.480737699
2024-04-30,1367534.5343454806,1266635.3774733476,1489463.7872561128,1947616.585326977,1827463.9937106436,1886079.2560253679,2094082.8926382957
2024-05-02,1314120.2553720663,1218987.8431954794,1433434.0267416888,1874352.306071944,1758719.5429946128,1815129.8513265122,2015308.9311793044
2024-05-03,1348364.2195603976,1250752.802207224,1470787.1253469454,1923195.060746075,1804549.0846985981,1862429.3593980907,2067824.7999406368
2024-05-06,1382608.517029118,1282518.0703723673,1508140.5874923337,1972038.290783753,1850379.072439947,1909729.327813524,2120341.179814208
2024-05-07,1451096.9418745223,1280594.2932668086,1582847.3262477966,1969080.2333475773,1942038.820284277,2004329.0297046024,2225373.678711553
2024-05-08,1442535.8979696576,1271132.4659939723,1573508.99393955,1954531.4436549703,1930581.3641174077,1992504.0796768465,2212244.630459567
2024-05-09,1440372.094122703,1278676.2496597252,1582847.2901155623,1966130.991910797,1942038.775952647,2004328.9839510513,2225373.627912135
2024-05-10,1455184.8909876868,1293763.9045576632,1601523.9908642897,1989330.2230672252,1964953.7326180146,2027978.929760114,2251631.7752155242
2024-05-13,1450942.3694396177,1289991.9981303813,1596854.8247101663,1983530.4264985158,1959225.00453458,2022066.4547462359,2245067.251089531
2024-05-14,1442457.3147747507,1282448.1749903867,1587516.4796697942,1971930.8175459104,1947767.5327463169,2010241.4885960352,2231938.1849370594
2024-05-15,1425487.2076110854,1280524.502727901,1568839.7919729466,1948731.602601852,1924852.592094659,1986591.5593143164,2205680.0559837087
2024-05-16,1484882.4744275452,1331881.837491456,1634208.0797688589,2029928.7069127194,2005054.738195579,2069366.1609317819,2297583.339813555
2024-05-17,1482655.1507159038,1316660.3107897264,1631756.7676492056,2006729.4912277337,1982139.7968120726,2045716.2308947404,2271325.210021583
2024-05-20,1454762.2350846268,1293828.0605508857,1631756.7676492056,1971930.7283806244,1947767.4446736283,2010241.3976984464,2231938.0840149554
2024-05-21,1420532.656171785,1263385.1547411268,1631756.7676492056,1925532.5219590536,1901937.7840985847,1962941.766943062,2179422.079039804
2024-05-22,1420532.5572265098,1263385.0667417478,1631756.7676492056,1925532.387838698,1901937.6516216884,1962941.630217016,2179421.927235116
2024-05-23,1484713.2560787024,1261489.9891416351,1631756.7676492056,2012529.3480177056,1987868.5843788416,2051628.76729986,2277889.802309265
2024-05-24,1471877.1612079972,1248710.7059308602,1631756.7676492056,1995130.0168435087,1970682.4579432406,2033891.401927315,2258196.2961808983
2024-05-27,1469669.3454661851,1299530.3163519346,1631756.7676492056,2076327.1505861836,2050884.633115322,2116666.033548389,2350099.6133232596
2024-05-28,1469669.3454661851,1346719.8899941056,1631756.7676492056,2151724.3858372085,2125357.979529953,2193528.086252486,2435438.2909777192
2024-05-29,1469669.3454661851,1346719.9081314092,1631756.7676492056,2151724.414816122,2125358.0081537697,2193528.115794401,2435438.323777624
2024-05-30,1469669.3454661851,1285010.239199325,1631756.7676492056,2053127.6684031114,2027969.4284992947,2093015.8318357365,2323841.1818943075
2024-05-31,1467468.3579997453,1283082.723840526,1631756.7676492056,2053127.968856624,2027969.7252711651,2093016.1381264601,2323841.521963879
2024-06-03,1467468.143251308,1281160.7948826477,1631756.7676492056,2053127.6684031114,2027969.4284992947,2093015.8318357365,2323841.1818943075
2024-06-04,1450886.6858809083,1266684.4921413104,1610902.599337622,2029928.630613993,2005054.662831788,2069366.0831507237,2297583.253454521
2024-06-05,1417723.6255403396,1237731.7595439744,1574082.0394520808,2026883.7376680719,2002047.0808375403,2022066.3781151185,2245067.166007257
2024-06-06,1504776.9068570866,1313732.899058869,1670736.2844173748,2148119.440870339,2002047.0808375403,2146228.457440065,2382922.2881598086
2024-06-07,1502519.741496801,1284780.1078950374,1633915.6500500496,2100777.96558945,2002047.0808375403,2098928.656725133,2330406.0944813555
2024-06-11,1502519.741496801,1282852.9377331948,1647723.2810000884,2118530.8813265287,2002047.0808375403,2116665.9446210125,2350099.5145886503
2024-06-12,1502519.741496801,1316711.914143181,1693749.2807681172,2177707.9913284667,2002047.0808375403,2175790.9611814334,2415745.051652162
2024-06-13,1502519.741496801,1366804.0287998267,1758185.154903165,2260555.2696272316,2002047.0808375403,2258565.309256894,2507648.053978475
2024-06-14,1502519.741496801,1377538.1644757385,1771992.9851395718,2278308.4415932107,2002047.0808375403,2276302.853156117,2527341.7583220867
2024-06-17,1502519.741496801,1413318.3217015604,1818018.7064200249,2337485.193534705,2002047.0808375403,2335427.5119712935,2592986.8981869156
2024-06-18,1502519.741496801,1434786.5501156317,1845634.311659961,2372991.466451974,2002047.0808375403,2370902.5288175642,2632374.228097102
2024-06-19,1502519.741496801,1432634.3702904582,1841031.6483927679,2367073.674077288,2002047.0808375403,2364989.945858663,2625809.584121519
2024-06-20,1537776.0877968005,1466250.8693521777,1887057.4603030768,2426250.542544506,2002047.0808375403,2424114.7210969864,2691454.8532490595
2024-06-21,1582784.2653023682,1509165.6213236728,1942288.5292542218,2497262.9064110024,2002047.0808375403,2495064.5729816714,2770229.3112111497
2024-06-24,1571532.0425236814,1498436.7632263722,1928480.5430928976,2479509.5339673357,2002047.0808375403,2477326.828781241,2750535.3844763893
2024-06-25,1522773.395365668,1451945.9838787094,1868647.1449772853,2402579.8072927864,2002047.0808375403,2400464.8231261424,2665196.7590596606
2024-06-26,1586534.7460789892,1512741.659306607,1946890.872069544,2503180.286770399,2002047.0808375403,2500976.744287979,2776793.4981356035
2024-06-27,1584154.9439598708,1510472.546817647,1914672.8090642628,2461756.4856987875,2002047.0808375403,2459589.4084705585,2730841.817351108
2024-06-28,1627410.625304233,1551716.314931157,1969903.7797160794,2532768.7231786717,2002047.0808375403,2530539.1340798894,2809616.135111741
2024-07-01,1635015.4163799186,1558967.3910887667,1979109.0205145676,2544604.19769464,2002047.0808375403,2542364.189861325,2822745.3007803047
2024-07-02,1653539.6112700517,1576629.986493421,2001531.6844463882,2573433.7387522478,2002047.0808375403,2571168.352355988,2854726.090412634
2024-07-03,1598941.6993163903,1524571.5389065782,1998529.3869197185,2488462.0164364707,2002047.0808375403,2486271.430405537,2760466.429093451
2024-07-04,1622340.8873914632,1546882.381251881,1998529.3869197185,2524878.5979573396,2002047.0808375403,2522655.954513334,2800863.5700129094
2024-07-05,1619907.376060376,1544562.057680003,1998529.3869197185,2521091.2800604035,2002047.0808375403,2595424.876278142,2881657.7114555887
2024-07-08,1619907.376060376,1563868.8887468495,1998529.3869197185,2552604.6033394537,2002047.0808375403,2631809.161182201,2922054.586791056
2024-07-09,1619907.376060376,1632333.2527025172,1998529.3869197185,2664354.668741666,2002047.0808375403,2747026.7101529613,3049978.7434565807
2024-07-10,1619907.376060376,1625126.363132966,1998529.3869197185,2652591.3172079343,2002047.0808375403,2734898.354554065,3036512.8289705664
2024-07-11,1619907.376060376,1632333.2527025172,1998529.3869197185,2664354.668741666,2002047.0808375403,2747026.7101529613,3049978.7434565807
2024-07-12,1563922.1375410971,1578282.4442273923,1998529.3869197185,2576130.9413431496,2002047.0808375403,2656065.4959886936,2948985.9978619916
2024-07-15,1546069.2328564795,1575915.0205610513,1998529.3869197185,2546723.1984338993,2002047.0808375403,2652081.3977447106,2915321.93961234
2024-07-16,1546069.2009187005,1573554.6560227019,1998529.3869197185,2546723.145825206,2002047.0808375403,2648109.179190804,2915321.879389353
2024-07-17,1521075.0681982334,1548116.1867147498,1998529.3869197185,2505552.1967685805,2002047.0808375403,2605299.19872961,2868192.073082468
2024-07-18,1471086.6812441042,1497239.1244254333,1998529.3869197185,2423210.0984958126,2002047.0808375403,2519679.029679278,2773932.231339189
2024-07-19,1468880.051222238,1457264.293433492,1942257.206798557,2358512.741497138,2002047.0808375403,2452406.0458771614,2699870.9339005216
2024-07-22,1484967.7736276416,1475434.6329189842,1966474.8267421038,2387920.569155421,2002047.0808375403,2482984.610527826,2733535.0891653155
2024-07-23,1452049.7169789427,1473221.4809696057,1922882.9516222815,2334986.2860254752,2002047.0808375403,2427942.9931144523,2672939.3883599504
2024-07-26,1389871.2264271744,1408024.3538499805,1840542.8237041018,2234999.4047042145,2002047.0808375403,2323975.59537845,2558480.954491464
2024-07-29,1433761.9584804317,1452488.3433651475,1898665.3104292958,2305578.4325636723,2002047.0808375403,2397364.4016330196,2639275.2035569767
2024-07-30,1393528.7871101794,1411729.6859839465,1845386.3638388757,2240880.989842285,2002047.0808375403,2330091.3286955357,2565213.807988561
2024-07-31,1391438.4939295142,1441372.4250225076,1884134.7920625613,2287933.801055269,2002047.0808375403,2379017.330520308,2619076.784904939
2024-08-01,1391438.4939295142,1519184.2762437793,1985848.9733356657,2411446.8927734285,2002047.0808375403,2507447.526187734,2760466.483768456
2024-08-02,1391438.4939295142,1516905.4998294136,1864760.6052222406,2264407.428565005,2002047.0808375403,2354554.36404252,2592145.3343560393
2024-08-05,1391438.4939295142,1333664.3624762546,1641958.0594573964,1993854.87703629,2002047.0808375403,2073231.0108028285,2282434.491114497
2024-08-06,1422141.4840848125,1365137.1678544444,1680706.209215633,2040907.3501044046,2002047.0808375403,2122156.661021054,2336297.080944773
2024-08-07,1385256.040385618,1329730.2194529802,1637114.4885966368,2037845.989079248,2002047.0808375403,2067115.2386893397,2275701.594906169
2024-08-08,1340173.8031010304,1286455.0331118482,1583835.685483528,1968572.786403042,2002047.0808375403,1999842.34691459,2201640.398781072
2024-08-09,1393452.8197151374,1337598.443708198,1646801.554242963,2046833.9954717134,2002047.0808375403,2079346.686859388,2289167.2815730814
2024-08-12,1409846.4221679678,1335592.0460426356,1666175.7372917165,2070914.453980213,2022566.7830120784,2103809.648549725,2316098.7268514424
2024-08-13,1407731.6525347158,1395619.118345154,1743672.2092331483,2167235.9645411875,2116639.566837477,2201661.1666998793,2423824.14619453
2024-08-14,1407731.6525347158,1442139.728695393,1801794.5825641036,2239477.121543245,2187194.1782256486,2275049.829776339,2504618.2376342625
2024-08-15,1407731.6525347158,1438263.035850145,1796951.0822930501,2233457.0634577237,2181314.6647130665,2268934.146793487,2497885.4395504748
2024-08-16,1407731.6525347158,1442139.6949822598,1801794.5404432607,2239477.0691906265,2187194.127095257,2275049.7765921312,2504618.1790833976
2024-08-19,1398066.1684757662,1434386.3222877404,1792107.556138194,2227436.973200842,2175435.1197801977,2262818.431128252,2491152.605486423
2024-08-20,1432073.214142773,1432234.742804309,1789419.3948039867,2281617.921553669,2228351.1570408894,2317860.010317182,2551748.264210231
2024-08-21,1398066.1339764236,1396129.6324091025,1744310.0402674384,2227436.918235553,2175435.0660981312,2262818.375289873,2491152.544013562
2024-08-22,1390509.0149266783,1388582.9809420619,1734881.3313432941,2215396.711010858,2163675.9501450574,2250586.9168241858,2477686.846012108
2024-08-23,1330052.1920640282,1328209.8985616276,1659451.821566063,2119075.2595924768,2069603.2240815063,2152735.458756068,2369961.492813754
2024-08-26,1328057.1137759322,1373489.6599440076,1716023.890926063,2191316.2677415367,2140157.6900918097,2226123.9706150917,2450755.4177771555
2024-08-27,1322425.0552806472,1369716.4273425816,1711309.6528222738,2185296.312715581,2134278.277232759,2220008.392328843,2444022.7349545886
2024-08-28,1318781.957176061,1367661.8527015676,1706595.2314434126,2179276.123652297,2128398.6358002275,2213892.5762877273,2437289.7903860295
2024-08-29,1315138.9700371304,1361841.078719362,1701880.9536617983,2173256.117958828,2122519.17345655,2207776.9465291426,2430557.0508972085
2024-08-30,1347926.3681821004,1395792.7953633352,1744310.1187115386,2227437.018406555,2175435.1639305362,2262818.4770520297,2491152.656044231
2024-09-02,1351569.3811315843,1399565.1759238273,1749024.429893797,2233457.066751747,2181314.667930187,2268934.1501398333,2497885.4432344907
2024-09-03,1349542.0270598868,1388247.9393076904,1734881.3777080022,2215396.770217341,2163676.0079693026,2250586.9769711266,2477686.9122282956
2024-09-04,1349542.0270598868,1320344.472207518,1650023.0053536766,2107034.915363588,2057843.9743227449,2140503.8611099594,2356495.641587603
2024-09-05,1349542.0270598868,1318363.9554992067,1697166.7102670497,2103874.3629905423,2116639.7539988225,2201661.361379159,2423824.360518309
2024-09-06,1313832.515687454,1283479.4304396433,1654737.275999481,2048204.8662390735,2063723.4277669203,2146619.4816115648,2363228.3708853507
2024-09-09,1287630.8730130333,1257883.116590802,1621737.0006157525,2007357.7023970936,2022566.778660176,2103809.6440230147,2316098.7218679553
2024-09-10,1298860.1472636817,1268852.9642292063,1635879.9742924592,2024863.6279164334,2040205.340707605,2122156.7153452584,2336297.140750669
2024-09-11,1272658.4497902247,1243256.5968473349,1602879.629890795,1984016.3786452597,1999048.6055243984,2079346.7882227092,2289167.393164669
2024-09-12,1306346.4718210658,1276166.334437562,1645308.8019074097,2036534.4658699725,2051964.6046871971,2134388.327783423,2349763.0082614976
2024-09-13,1304386.952113334,1274252.0849359056,1687737.928690877,2089052.497105887,2104880.5474369884,2189429.8086651205,2410358.558758187
2024-09-16,1304386.952113334,1258127.3869336557,1668880.4508604892,2065711.0407808237,2081362.2407235191,2164966.813921548,2383427.0770912883
2024-09-18,1304386.952113334,1272343.4491556357,1687737.7689483676,2089052.2993794016,2104880.3482123963,2189429.6014380353,2410358.330620442
2024-09-19,1304386.952113334,1240357.1360072766,1685206.162294945,2036534.1832405603,2051964.3199163966,2134388.031573892,2349762.6821623575
2024-09-20,1343484.3020193514,1279451.57603059,1735718.086601052,2100723.0859129103,2116639.5603823652,2201661.1599854776,2423824.1388025987
2024-09-23,1328556.761813776,1265235.5075483783,1716432.4116703237,2077381.8170356997,2093121.442536978,2177198.361696478,2396892.87341391
2024-09-24,1336020.5063863604,1263337.6542870558,1726075.2161518743,2089052.4115543095,2104880.4612372154,2189429.7190028583,2410358.4600483766
2024-09-25,1391999.0547073772,1314299.3807085978,1798396.8492639377,2176582.596013553,2193073.8325560666,2281165.6592334257,2511351.1969725583
2024-09-26,1433049.9044130424,1353058.822507974,1851432.6027873443,2240771.263900042,2257748.836457281,2348438.541577876,2585412.3827157733
2024-09-27,1430900.3295564228,1353058.852944952,1851432.644435211,2240771.314306059,2257748.887245207,2348438.594405862,2585412.4408744713
2024-09-30,1430900.3295564228,1338964.5739111693,1832147.0026864216,2217430.085588633,2234230.809863882,2323975.838206293,2558481.221822331
2024-10-01,1430900.3295564228,1331917.3047242528,1822504.004380486,2205759.256486214,2222471.5548024722,2311744.2350445385,2545015.3645239673
2024-10-04,1421197.6982380354,1329919.4287671663,1812861.2106780182,2194088.675013426,2210712.5492469,2299512.891410821,2531549.792941831
2024-10-07,1504352.791921788,1405625.3404617133,1918932.7614527384,2322466.063709874,2340062.6103737815,2434058.7115661222,2679672.225491608
2024-10-08,1489233.758260069,1391498.5365947448,1899647.119699838,2299124.8349874727,2316544.532987443,2409595.955361339,2652741.0064337268
2024-10-09,1496793.2624013089,1398561.926671402,1909289.9243895754,2295676.1477349917,2328303.551941556,2421827.3129317923,2666206.593358913
2024-10-11,1511912.3256423965,1412688.7581765088,1928575.603873532,2315391.615291904,2351821.6753394254,2446290.116996307,2693137.8651059065
2024-10-14,1509644.457153933,1412688.8148195979,1928575.6812015912,2315391.708129716,2351821.769637935,2446290.215082618,2693137.973089811
2024-10-15,1514920.1870047885,1410569.7815973684,1938218.4163299815,2326968.4946554364,2363580.7037647367,2458521.4844183996,2706603.4628768307
2024-10-16,1537531.05524596,1429478.954459998,1967147.2018925375,2361699.5507766423,2398858.2136485167,2454833.702191772,2747000.742420121
2024-10-17,1563910.176049042,1454004.2464184954,2000897.1632342075,2402218.7699091337,2440014.9567213757,2493210.9893335155,2794130.499040786
2024-10-18,1582752.5280907552,1471522.4263630603,2025004.4357146327,2431161.2580628903,2469412.822088388,2523249.772822969,2827794.8304836703
2024-10-21,1582752.4999959092,1471522.400242618,2025004.399769539,2431161.2149082595,2469412.7782547674,2523249.7280337093,2827794.7802885454
2024-10-22,1580378.3712459153,1478529.6835503043,2034647.3243530567,2442738.228888279,2481171.943414604,2535265.260857035,2841260.534638062
2024-10-23,1580378.3712459153,1476311.8890249787,2031595.3533665272,2483257.5373539184,2522328.777226167,2577319.376165837,2888390.395166197
2024-10-24,1580378.3712459153,1477536.8938740918,2033281.117856952,2489046.056386402,2528208.3720380333,2583327.1550761233,2895123.2863481073
2024-10-25,1580378.3712459153,1460356.2088932241,2009638.2819262343,2460103.620921714,2498810.560189093,2553288.426271517,2861459.0161902886
2024-10-28,1622567.0292296612,1501589.8517791894,2066381.086690089,2529565.4642376234,2569365.3067988977,2625381.3735350748,2942253.2624761565
2024-10-29,1581724.3454432867,1463792.362745924,2014366.8723091295,2465892.136411012,2504690.151402026,2559296.2015044075,2868191.9032509574
2024-10-30,1555733.5718150255,1439739.4384494058,1981266.9497257276,2425372.7851765174,2463533.2741486887,2517242.041806734,2821061.9929764117
2024-11-01,1500039.137212818,1437579.8292917318,1910338.6464737265,2338545.729170781,2375340.092929771,2427126.115265553,2720069.4737410685
2024-11-04,1552020.5767817132,1485169.088540758,1976538.3544975517,2419584.2637558575,2457653.67691107,2511234.260417811,2814329.099016704
2024-11-05,1549692.5459165405,1506487.3051226826,2004909.7184377078,2454315.1383552235,2492931.0024169707,2547280.685208497,2854726.1674236422
2024-11-06,1549692.5459165405,1527805.5502919087,2033281.1204232946,2489046.059527997,2528208.375229058,2583327.158336717,2895123.29000224
2024-11-07,1549692.5459165405,1506487.364816293,2004909.797880992,2454315.2356059146,2492931.101197791,2547280.7861428894,2854726.2805403676
2024-11-08,1549692.5459165405,1559782.8509330272,2075838.1340846622,2541142.331949517,2581124.323389245,2637396.754549871,2955718.8466945277
2024-11-11,1549692.5459165405,1557443.1766566278,2075838.1369039004,2537330.618451593,2577252.6369041614,2637396.7581317737,2955718.85070875
2024-11-12,1549692.5459165405,1540940.9326413758,2056923.8856613277,2510445.753796085,2577252.6369041614,2613365.7973247557,2928787.4595030295
2024-11-13,1549692.5459165405,1505517.0894084359,2009638.3942292465,2452734.497677503,2577252.6369041614,2553288.5689548966,2861459.176094919
2024-11-14,1565575.7967627137,1523228.994477468,2033281.117856952,2481590.0987783014,2577252.6369041614,2583327.1550761233,2895123.2863481073
2024-11-15,1543730.4574859529,1501974.5433998732,2004909.6292605752,2446963.1086537987,2577252.6369041614,2547280.5719070425,2854726.0404472044
2024-11-18,1492758.3689238883,1452381.183967926,1938709.9694131978,2366167.3844536487,2577252.6369041614,2463172.4879639917,2760466.483768456
2024-11-19,1481835.6881567037,1450202.6121919742,1924524.2106615494,2348853.8717511594,2577252.6369041614,2445149.178016021,2740267.84023819
2024-11-20,1500040.0306955492,1465819.6131626293,1948166.9790434912,2377709.527473854,2577252.6369041614,2475187.8209984633,2773932.0142154894
2024-11-21,1497789.970649506,1458704.0679619003,1938709.9694131978,2366167.3844536487,2577252.6369041614,2463172.4879639917,2760466.483768456
2024-11-22,1497789.970649506,1462261.8537996095,1935801.904459078,2371938.47743608,2577252.6369041614,2469180.1768338513,2767199.274042459
2024-11-25,1499185.4857308047,1465819.7031613635,1937605.52232608,2377709.6734610177,2577252.6369041614,2475187.9729706217,2773932.1845300137
2024-11-26,1506463.079421187,1472935.3271615284,1947011.3669383337,2389251.9443019773,2577252.6369041614,2487203.4390660794,2787397.8640979044
2024-11-27,1459158.6787289672,1470725.924170786,1885873.3230578657,2314227.117691987,2577252.6369041614,2409102.840590175,2699870.8697406403
2024-11-28,1426409.4212897131,1435563.7067070818,1843546.9113694248,2262286.762777184,2577252.6369041614,2355033.1014492265,2639275.1528698076
2024-11-29,1408215.4235691812,1417252.9451419406,1820032.282397876,2233431.064272373,2577252.6369041614,2324994.4139307416,2605610.928981162
2024-12-02,1406103.1004338274,1453874.4386155286,1867061.502255929,2291142.4145463835,2577252.6369041614,2385071.7403160934,2672939.3222348
2024-12-03,1403997.1926317143,1453874.5295916523,1867061.6190872137,2291142.5579145113,2573392.709111955,2385071.889561844,2672939.489493851
2024-12-04,1396924.1338626195,1446550.1987135997,1857655.733785854,2279600.2371423966,2560428.468183958,2373056.3714882177,2659473.751674257
2024-12-05,1435825.8168494944,1444380.3734155293,1909387.9164453845,2343082.7725302773,2631731.536235653,2439141.482651955,2733535.042686158
2024-12-06,1411070.2564672926,1417351.2940781177,1876467.5111260777,2302684.8869544743,2586356.959326332,2397087.4162422735,2686405.236959051
2024-12-09,1403997.1622020854,1410246.7156462637,1867061.5786213262,2291142.508257277,2573392.6533373524,2385071.8378688255,2672939.4315617145
2024-12-10,1401891.1664587823,1371171.8087913843,1815329.3132896393,2287705.794494891,2502089.471337664,2318986.6210958073,2598878.022193961
2024-12-11,1378033.1181181942,1349858.3118755321,1787111.8313723595,2248772.5329550714,2463196.9883616995,2282940.289133809,2558481.0578197213
2024-12-12,1381659.550426168,1353410.599356153,1791814.7953273195,2254690.403331023,2469679.1381896343,2288948.0753857065,2565213.9572293423
2024-12-13,1367153.9367650435,1351380.4834571187,1773003.0893862373,2231019.110423826,2443750.7454575263,2264917.121840256,2538282.5741616283
2024-12-16,1363527.438572295,1345777.1600211372,1768300.0399881492,2225101.132532409,2437268.4778623357,2258909.226439308,2531549.55242915
2024-12-17,1312757.8595921795,1295668.4948908857,1702459.1584619798,2142251.7196851447,2346519.226338552,2174801.003064864,2437289.8394902577
2024-12-18,1310788.7228027913,1309985.3041661298,1721270.9017178388,2165923.0595465642,2372447.6705020503,2198832.004277957,2464221.2759788875
2024-12-19,1294521.3490419462,1295668.492979964,1702459.1559511013,2142251.7165256366,2346519.222877779,2174800.9998573503,2437289.8358956114
2024-12-20,1294521.3490419462,1295668.492979964,1702459.1559511013,2142251.7165256366,2346519.222877779,2174800.9998573503,2437289.8358956114
2024-12-23,1323129.5309448584,1293724.990240494,1699905.4672171746,2189594.2550118095,2398375.9565009433,2222862.8589009265,2491152.548184616
2024-12-24,1341009.6597414105,1309243.8945370736,1720296.717643644,2219183.3665660233,2430786.4423996047,2252901.5461833715,2524816.7718087323
2024-12-25,1333857.6675530102,1302261.318357685,1711121.877927209,2207347.820127552,2417822.355585298,2240886.170945399,2511351.1940644225
2024-12-26,1331856.8810516805,1309244.0103866924,1720296.8698656398,2219183.5629324513,2430786.6574899205,2252901.745533383,2524816.9952194057
2024-12-27,1331856.8810516805,1309243.9527724718,1720296.794162744,2219183.465275689,2430786.5505214124,2252901.646392828,2524816.8841130254
2024-12-30,1331856.8810516805,1295278.6542937786,1701946.9227338578,2195512.1247238177,2404858.105601626,2228870.644478792,2497885.4468388525
2024-12-31,1331856.8810516805,1293335.736312338,1692771.9305891418,2183676.38165281,2391893.803405522,2216855.0696206572,2484419.645381112
2025-01-02,1331856.8810516805,1287898.997360175,1688184.5833000068,2177758.7020477164,2385411.8625387847,2210847.4770381823,2477686.9630159535
2025-01-03,1331856.8810516805,1280899.5162942377,1679009.6277710127,2165923.006211003,2372447.6120808483,2198831.950132017,2464221.2152977725
2025-01-06,1344396.1329152072,1294898.44999836,1697359.5015657577,2189594.3498148327,2398376.060343603,2222862.955144383,2491152.656044231
2025-01-07,1358930.1786194344,1308897.3843852056,1715709.3762554203,2213265.694573107,2424304.5098708803,2246893.9613287332,2518084.0981041263
2025-01-08,1380731.0766750781,1329895.6217422346,1743233.9730252528,2248772.43401903,2463196.8799919304,2282940.1886945376,2558480.945257875
2025-01-09,1366197.1196593267,1327900.7783096211,1724884.2103087085,2245399.2753680013,2437268.588683137,2258909.3291502455,2531549.6675368426
2025-01-10,1326228.555693655,1287121.9040511441,1674422.1328375658,2176444.684629026,2365965.4625920826,2192824.1641944684,2457488.316240441
2025-01-13,1324239.2128601146,1269490.085524249,1651484.8282274227,2146630.354228446,2333554.9554396323,2189534.927948177,2423824.070540373
2025-01-14,1259816.0328994205,1209542.002487528,1573498.1225844414,2045261.7998838166,2223359.4148563617,2083015.8026092027,2309365.826002644
2025-01-15,1281853.597565276,1230700.1393898984,1601022.8291467568,2081038.9197144085,2262251.9401146485,2119453.341306302,2349762.8342948165
2025-01-16,1285526.6236454244,1234226.5902399856,1605610.4034356917,2087001.9331509143,2268734.2017330504,2125526.427509798,2356495.849819305
2025-01-17,1270834.8908037625,1232375.2503546258,1587260.5702535696,2063150.4824863325,2242805.8108561016,2101234.6969096866,2329564.468678513
2025-01-20,1281853.5461323767,1241198.6469892287,1601022.7649075598,2081038.8362151186,2262251.849344395,2119453.256265678,2349762.7400132893
2025-01-21,1279930.7658131781,1269650.2794255407,1637722.5400320436,2128741.878912842,2314108.7847769656,2168036.8614440192,2403625.6619183114
2025-01-22,1279930.7658131781,1283876.0831212648,1635265.9562219954,2152593.379266138,2340037.2296694303,2192328.6426500618,2430557.099164106
2025-02-03,1279930.7658131781,1166513.3541567193,1635265.9562219954,1955818.7554040742,2126127.8354816586,1991921.7064424602,2208373.028744667
2025-02-04,1279930.7658131781,1187852.0417617306,1662685.3700204927,1991595.975857551,2165020.470124885,2028359.3476198677,2248770.150653126
2025-02-05,1278013.7518336629,1186070.263699088,1662685.3786568376,1991595.986202328,2165020.4813704663,2028359.3581556017,2248770.1623337213
2025-02-06,1320104.0272775863,1223297.5137649935,1717444.4807900037,2057187.4741749694,2236323.5548091303,2095161.6159259393,2322831.4589409754
2025-02-07,1339235.9137550646,1241026.4113957346,1742334.9077252261,2087001.6982100043,2268733.9463339206,2125526.188232055,2356495.584540548
2025-02-10,1346888.6847399634,1248117.9856397326,1752291.0998276542,2098927.413371506,2281698.1307159523,2137672.0431735767,2369961.2636268036
2025-02-11,1362194.30705781,1262301.208583655,1772203.5885646609,2122778.968905096,2307626.6355937086,2161963.8805785,2396892.763178306
2025-02-12,1360151.0155972233,1287121.7359813224,1807050.2855535424,2164519.0014730906,2353001.3130026027,2204474.402921163,2444022.6732926206
2025-02-13,1360151.0155972233,1285191.0533773503,1762247.4696765041,2110853.3414410325,2294662.546545646,2149818.114953246,2383427.183113832
2025-02-14,1381132.5958027353,1305016.3072327124,1792115.9050888042,2146630.3181588617,2333554.9162291754,2186255.507895828,2423824.029813135
2025-02-17,1377296.2147522026,1301391.354895103,1787137.9330102834,2140667.609074947,2327072.9854658255,2180182.731663044,2417091.3579421937
2025-02-18,1404151.5112509946,1326766.6157303045,1821984.553919544,2137456.6076613343,2372447.5638097133,2222693.1611939142,2464221.165159361
2025-02-19,1407988.0215142136,1330391.6901594952,1826962.6936605405,2140086.569952282,2378929.7128901896,2228766.14196314,2470954.063792609
2025-02-20,1404151.4780458263,1326766.5843551226,1821984.5108335214,2134255.174353544,2372447.5077064224,2222693.108631993,2464221.1068858216
2025-02-21,1402045.2508287576,1324776.43447859,1807050.2937296354,2116761.3757293695,2353001.32364888,2204474.412895422,2444022.684350728
2025-02-24,1402045.2508287576,1319148.1329201201,1802072.115313118,2110929.985297051,2346519.124208127,2198401.3849447775,2437289.733409113
2025-02-25,1402045.2508287576,1322792.3316533815,1807050.410590186,2116761.5126186972,2353001.475815663,2204474.5554570844,2444022.842403793
2025-02-26,1402045.2508287576,1275419.5474499008,1742335.0300295043,2040954.536763174,2268734.1055891053,2125526.3374346825,2356495.749956215
2025-02-27,1439943.6637760915,1311860.0083438465,1792115.8975510101,2099267.3673387626,2333554.906414042,2186255.498700249,2423824.0196183217
2025-03-03,1375946.1615485712,1253555.1135634386,1712466.294562563,2005966.5866227234,2229841.345197597,2089088.5784465172,2316098.497435142
2025-03-04,1323948.2917192841,1251674.7808930934,1647751.1175010642,1930159.8491441903,2145574.239951958,2010140.6086788224,2228571.680218763
2025-03-05,1371946.4843129853,1295110.1169385395,1645279.4908248126,2000135.5307892372,2223359.5176983895,2083015.8989596025,2309365.932822919
2025-03-06,1403945.2361336963,1325316.7668962898,1645279.4908248126,2046785.9221779073,2275216.2994522876,2131599.3601598265,2363228.6951045026
2025-03-07,1401839.3182794957,1291334.2543372787,1600691.7606461998,1994304.1834393975,2216877.366148311,2076942.9158766617,2302633.031624537
2025-03-10,1401839.3182794957,1310213.4101024435,1624093.6869714367,2023460.6773493302,2213552.050099089,2107307.5783894784,2336297.257233083
2025-03-11,1401839.3182794957,1253575.9100553389,1553887.8673980015,1935991.145038768,2213552.050099089,2016213.53817433,2235304.522006656
2025-03-12,1401839.3182794957,1251695.5461902558,1581970.1804962608,1970978.9396094754,2213552.050099089,2052651.1351463504,2275701.594906169
2025-03-13,1428728.4329914444,1275704.706646144,1614732.912801518,2011798.0752504952,2213552.050099089,2095161.7086615772,2322831.5617536916
2025-03-14,1395598.3662240368,1246123.0302892237,1577289.681479639,1965147.4991042376,2213552.050099089,2046578.055047896,2268968.586150124
2025-03-17,1424587.1911566865,1272007.011844271,1610052.527547021,2005966.7764816533,2213552.050099089,2089088.776172703,2316098.7166471593
2025-03-18,1399739.6376841802,1249820.75154346,1581970.100216416,1970978.8395887006,2213552.050099089,2052651.030980977,2275701.4794217097
2025-03-19,1383174.6322011882,1235029.9382774103,1563248.516088549,1947653.5908026726,2213552.050099089,2028359.2450891917,2248770.0369809982
2025-03-20,1381099.8702528866,1233177.3933699941,1544527.1321803557,1944732.1104164685,2213552.050099089,2004067.7189881064,2221838.882561032
2025-03-21,1395746.7847561354,1246255.552478591,1563248.5951085389,1965356.4878177764,2237027.331159217,2028359.3476198677,2248770.150653126
2025-03-24,1391567.899639427,1242524.2461723557,1558568.2072622892,1959472.1833968973,2230329.64048785,2022286.4117681212,2242037.301818297
2025-03-25,1383210.1369888647,1235061.6403305796,1549207.4400626537,1947703.5852325866,2216934.2712985054,2010140.5510843599,2228571.616365823
2025-03-26,1387389.0888635481,1238793.0062446876,1553887.9026784184,1953587.9836556301,2223632.0689659375,2016213.5839516707,2235304.572758372
2025-03-27,1366494.6356209856,1220136.4500169063,1530485.9324688264,1924166.4226044612,2190143.5712787244,1985848.8644976597,2201640.284021141
2025-03-28,1364444.8936675542,1218306.245341881,1479001.727388709,1859439.150953004,2116469.0615125843,1919046.6495743296,2127579.0349168465
2025-03-31,1250304.836221903,1116391.1401770704,1357311.5525944328,1706447.121864371,1942328.9741329204,1761150.1996240083,1952524.8346051364
2025-04-01,1280484.756584901,1143338.6450802032,1390074.4064028354,1747637.427419898,1989213.0075780817,1803660.9307930085,1999654.9762378128
2025-04-02,1319287.2213811453,1177985.178198045,1432197.7608131305,1800595.9959661716,2049492.0287080472,1858317.1767276446,2060250.4198157918
2025-04-07,1194256.7792746157,1066346.1012494704,1296466.6506224452,1629951.3404413403,1855259.1957886836,1682202.2152432343,1864998.0011877543
2025-04-08,1095094.6823109954,977804.744546346,1294521.9506465115,1494612.4454300015,1701212.4317609437,1542524.8007413996,1710142.6000377038
2025-04-09,1093452.040287529,976338.0374295264,1211160.4587034257,1400463.5590210888,1594049.363177495,1445357.8109361257,1602417.0007451929
2025-04-10,1133101.5078605989,1011740.8552295989,1256960.74724009,1453422.3842760965,1654328.6765009928,1500014.3218087333,1663012.7380505148
2025-04-11,1087226.961679592,970779.6948530023,1206071.6579158243,1394579.384045807,1587351.819844965,1439285.0086795762,1595684.3000226251
2025-04-14,1298249.8433522084,1159201.0051198786,1440161.4346850573,1665257.145649456,1895445.3155530596,1718639.808353196,1905395.0698055397
2025-04-15,1275312.4938777187,1138720.3567286886,1414716.8052894103,1635835.5475570385,1861956.7757043936,1688275.050670516,1871730.738685538
2025-04-16,1266137.69089361,1130528.2195253486,1404539.1052910578,1624067.0837998907,1848561.5595012875,1676129.3287025685,1858265.2070223729
2025-04-17,1264238.4843572695,1128832.4271960605,1368916.7762842055,1582877.0223979834,1801677.803959053,1633618.8495139494,1811135.3447514183
2025-04-18,1267037.6238411444,1131331.7653009666,1374005.6045926523,1588761.2291955894,1808375.383512701,1639691.6846129422,1817868.0818852393
2025-04-21,1267037.6252355366,1131331.7665460128,1374005.6061047644,1588761.230944043,1808375.385502843,1639691.6864174453,1817868.0838858283
2025-04-22,1262344.9258044697,1127141.677923955,1368916.731711747,1586378.089097627,1801677.7452957283,1637232.1488878191,1811135.2857801525
2025-04-23,1276423.2046993577,1139712.105048501,1384183.5507395456,1601667.6405096722,1821770.923680251,1653011.8329908145,1831333.9392134338
2025-04-24,1304579.4807980713,1164852.7077770056,1414716.8833226834,1636998.3961231187,1861956.878406631,1689475.1763339746,1871730.84192689
2025-04-25,1302622.611576874,1163105.42871534,1429983.7417566627,1654663.9962618304,1882050.1086549652,1707707.077464775,1891929.547496231
2025-04-28,1296042.7703884644,1157230.3203468006,1424894.7115736792,1648775.3733539027,1875352.2634073915,1701629.6846895001,1885196.5432737784
2025-04-29,1309929.0554568926,1169629.31711243,1440161.56434234,1666440.9669371562,1895445.4861994076,1719861.5790546956,1905395.241347661
2025-04-30,1323815.1903043783,1182028.1797465067,1455428.2519551653,1684106.3694151493,1915538.491624226,1738093.2761884255,1925593.7209133215
2025-05-02,1337701.2206448417,1194426.9490667686,1470694.8246709309,1701771.6389433602,1935631.3458291274,1756324.8361104405,1945792.0484652664
2025-05-05,1379359.8056277228,1231623.6980833805,1516495.0858891301,1754768.0759266536,1995910.6231978666,1811020.1644195393,2006387.7496270926
2025-05-06,1377290.7659192812,1229776.2625362554,1450339.1436401396,1678217.656099007,1908840.5435444217,1732015.7901067461,1918860.613318841
2025-05-07,1413830.8903422514,1262402.7628783942,1491050.4992781165,1725325.614354825,1962422.1396595077,1780633.874442973,1972723.4751129874
2025-05-08,1404180.0908549835,1253785.610699916,1488813.9235291993,1713548.5541221441,1949026.66025062,1768479.280424783,1959257.6788623955
2025-05-09,1413831.0501991136,1262402.905613813,1496801.3709317513,1725325.809431295,1962422.3615436438,1780634.0757729523,1972723.698161859
2025-05-12,1437957.7100102669,1283945.4834515727,1522343.8977253537,1754768.0464381063,1995910.5896569644,1811020.1339856863,2006387.7159101241
2025-05-13,1539290.387411115,1374424.940927374,1629623.2578953074,1878426.3036491333,2136562.127942608,1938642.467887496,2147777.5758079463
2025-05-14,1536981.4518299983,1372363.3035159828,1650057.3281250752,1901980.149499237,2163352.7744071335,1962951.3725053563,2174708.8543162453
2025-05-15,1536981.4518299983,1383035.2605200617,1665383.0600257649,1919645.7404789038,2183445.9942377745,1981183.2641835029,2194907.549413208
2025-05-16,1492310.9425503914,1344853.2698464585,1619406.1841780953,1866649.3362281357,2123166.7540997076,1926487.9696562267,2134311.885677489
2025-05-19,1478188.1221023488,1332125.9482692643,1604080.5693082407,1848983.8801470094,2103073.687705543,1908256.2172010238,2114113.344822436
2025-05-20,1478188.1221023488,1332125.9482692643,1604080.5693082407,1848983.8801470094,2103073.687705543,1908256.2172010238,2114113.344822436
2025-05-21,1459357.6245022998,1315156.1227803605,1583646.3398221557,1825429.8507261,2076282.8324436687,1883947.123127682,2087181.8564207493
2025-05-22,1445234.805804206,1313183.38859619,1568320.7268512873,1822691.7059500108,2056189.7685392217,1865715.3729315628,2066983.3180684836
2025-05-23,1443066.9535954997,1332571.9542125028,1593863.495618379,1849602.9340739816,2089678.313898501,1896101.7190022909,2100647.6547280257
2025-05-26,1443066.9535954997,1302674.4362994202,1558103.653712191,1808105.334879613,2042794.3954542757,1853560.8753880346,2053517.6286999593
2025-05-27,1443066.9535954997,1311216.632609151,1568320.8092117093,1819961.8588804135,2056189.8765201047,1865715.4709096758,2066983.4266161905
2025-05-28,1443066.9535954997,1315487.696559018,1573429.3460495323,1825890.073404454,2062887.563414307,1871792.7200005867,2073716.271654028
2025-05-29,1443066.9535954997,1319758.6263728403,1578537.7224498317,1831818.1017483629,2069585.039962507,1877869.7782308212,2080448.905241695
2025-06-02,1443066.9535954997,1317778.988433281,1573429.304599727,1825890.0253039221,2062887.5090704064,1871792.6706908136,2073716.2170248602
2025-06-03,1443066.9535954997,1311533.2547750024,1568320.8507996448,1819961.907141239,2056189.9310451047,1865715.5203837722,2066983.4814274083
2025-06-04,1440905.4105444767,1311533.0866964026,1568320.6498126157,1819961.6739053314,2056189.667535565,1865715.2812843432,2066983.2165346288
2025-06-05,1469066.61965364,1337165.829302378,1598972.0759550876,1855531.1990764139,2096376.0578231062,1902179.0198406142,2107380.5570956357
2025-06-06,1459679.4941102716,1328621.530940386,1588754.87312948,1843674.620155933,2082980.5147091139,1890024.368018619,2093914.6968055323
2025-06-09,1454986.031506795,1324349.472933951,1586371.7408197857,1837746.4572149615,2076282.8860933767,1883947.1718075685,2087181.9103520806
2025-06-10,1459679.6124993034,1322362.9487245502,1586371.7408197857,1843674.7696893439,2082980.6836517123,1890024.5213112808,2093914.8666349605
2025-06-11,1457490.0930805544,1328873.407090315,1594182.007419583,1855530.9574344258,2096375.7848163906,1902178.7721237768,2107380.282655827
2025-06-12,1457490.0930805544,1320382.2399648593,1583995.5850100676,1843674.5809112997,2082980.4703705923,1890024.3277873804,2093914.6522342649
2025-06-13,1457490.0930805544,1333119.1139525974,1599275.3665405612,1861459.3178614788,2103073.6365515734,1908256.1707856837,2114113.2933999444
2025-06-16,1457490.0930805544,1324627.872947439,1589088.8555013146,1849602.838178733,2089678.2055562085,1896101.6206962476,2100647.5458170124
2025-06-17,1459971.5783191032,1328873.4751043222,1594182.089012537,1855531.052403665,2096375.8921124786,1902178.8694805305,2107380.390515144
2025-06-18,1445978.1665001092,1326880.1648916658,1578902.3076679574,1837746.3156698784,2076282.7261759776,1883947.02670406,2087181.7495952277
2025-06-19,1450642.761655461,1329166.8104194016,1583995.7041145635,1843674.7195416936,2073168.3020867137,1890024.4699029247,2093914.8096808204
2025-06-20,1441313.9085010495,1320619.149809997,1573809.2793713412,1831818.3403022743,2056750.9596353206,1877870.022781948,2080449.1761742856
2025-06-23,1427320.3837065594,1307797.434354435,1558529.3746657902,1829070.612791821,2036782.2384705606,1859638.0328111043,2060250.3721810956
2025-06-24,1425179.4031309995,1350536.023272483,1609461.839060342,1886015.2940717947,2103343.921892538,1920410.674913674,2127578.9900632435
2025-06-25,1454568.0192362326,1380452.9968078786,1645114.5180083087,1927794.1645852795,2149937.040004723,1962951.4693452583,2174708.961602954
2025-06-26,1459071.2538157678,1378382.3173126667,1650207.6703991338,1933762.4721717099,2156593.0854383744,1969028.6213366424,2181441.6990664504
2025-06-27,1468077.8691602326,1384813.6322063978,1660394.1405162725,1945699.2810896183,2169905.3923762836,1981183.122597799,2194907.3925536503
2025-06-30,1495097.8529613083,1410301.1371240553,1690953.706682755,1981509.890432077,2209842.516818744,2017646.8122998842,2235304.6789902244
2025-07-01,1454567.914989983,1372069.9153379272,1645114.4001059376,1927794.026423771,2149936.885922638,1962951.3286640896,2174708.8057455104
2025-07-02,1452386.063117498,1408694.2578385246,1689027.055407694,1979252.1831146863,2207324.6501936046,2015347.9310305878,2232757.8010994187
2025-07-03,1486466.073695498,1443911.6706469655,1731252.7993716027,2028733.5668833049,2262507.854764476,2065731.7099413108,2288576.835460527
2025-07-04,1486465.9861195495,1441745.803140995,1731252.6973739124,2028733.4473593752,2262507.721467608,2065731.5882376155,2288576.700627791
2025-07-07,1459274.535153948,1413252.525514778,1699583.4407146336,1991622.469663777,2221120.3850992983,2027943.8152820496,2246712.492689478
2025-07-08,1454742.7114900146,1408863.6246712736,1694305.330071356,1985437.422491216,2214222.6248224247,2021645.971010921,2239735.2553053205
2025-07-09,1445678.8096711473,1400085.5765192986,1691763.872076249,1973066.9808159778,2200426.7169151437,2009049.9288042665,2225780.3887203215
2025-07-10,1443510.2914566405,1413252.6083580998,1705116.3027905913,1991622.5864105143,2221120.5152989533,2027943.9341579045,2246712.6243893146
2025-07-11,1443510.2914566405,1417641.5916138703,1710411.6950352825,1997807.749722348,2228018.4050980182,2034241.896686345,2253689.992788039
2025-07-14,1443510.2914566405,1415515.1292264496,1710411.6613375382,1997807.7103624588,2228018.3612026246,2034241.8566086472,2253689.9483868754
2025-07-15,1443510.2914566405,1400267.529431935,1694525.4859342168,1979252.2219813126,2207324.693538896,2015347.9706060274,2232757.8449441413
2025-07-16,1443510.2914566405,1426522.4626756392,1726297.7384344279,2016363.0839189983,2248711.9008103195,2053135.6256925964,2274621.9222980933
2025-07-17,1443510.2914566405,1426522.5732798257,1726297.8722814315,2016363.2402559677,2248712.0751622533,2053135.784880693,2274622.0986589384
2025-07-18,1443510.2914566405,1444025.890567795,1747479.4083875276,2041103.8551071247,2276303.5915378807,2050056.081203372,2302531.5289398176
2025-07-21,1443510.2914566405,1452777.4794545746,1758070.092024306,2053474.063932186,2290099.2397632785,2059391.4582411498,2316486.1328508365
2025-07-22,1443510.2914566405,1450598.3132353928,1747479.3730543633,2050393.8528362878,2276303.5455121547,2046985.5614101426,2302531.4823837755
2025-07-23,1443510.2914566405,1435258.1434305059,1731593.166582212,2028710.8068941948,2255609.8373775114,2028376.5662051032,2281599.3380038147
2025-07-24,1443510.2914566405,1474760.7461818,1779251.7967035223,2084547.0043537354,2317690.975725813,2084203.5643598184,2344395.7852487382
2025-07-25,1443510.2914566405,1540598.2240827526,1858682.6136336455,2177607.0601546224,2421159.2357745348,2177248.2880310235,2449056.223290648
2025-07-28,1443510.2914566405,1544987.3659366106,1863977.9732705776,2183811.030884675,2428057.083098044,2183451.236624533,2456033.5487244064
2025-07-29,1433158.8663511735,1536209.110201586,1853387.2877448725,2171403.12896345,2414261.4324120907,2171045.3789698808,2442078.942324481
2025-07-31,1457727.2792989195,1533904.7965362836,1885159.6092275223,2208627.145086817,2455648.729541496,2208263.262242396,2483943.1105717723
2025-08-04,1470011.421526203,1544514.1089766226,1901045.6868839809,2227239.0558074103,2476342.2698780964,2226872.106553601,2504875.0852202945
2025-08-05,1490485.1721539914,1566025.5042251423,1927522.7160793638,2258259.1801066687,2510831.807415089,2257887.120125551,2539762.016775776
2025-08-06,1519148.3235002167,1596141.352995905,1964590.4282354172,2301687.203321993,2559116.992296767,2301307.988347489,2588603.5513514164
2025-08-07,1516869.6010149664,1634861.7944203222,2012248.9946002818,2357523.3260853556,2621198.0475945757,2357134.9118183334,2651399.914588926
2025-08-08,1570398.6725172682,1695093.544741071,2086384.483875029,2444379.4486253425,2717768.501979639,2443976.724359009,2749083.069336939
2025-08-11,1546483.9977912996,1692550.9044239596,2083254.9071492164,2407155.4363769023,2676381.209158547,2406758.8449607817,2707218.9054476023
2025-08-12,1582356.023788984,1729217.2520314537,2128385.2180786524,2462991.4763989807,2738462.1724609593,2462585.6857039733,2770015.1756297294
2025-08-13,1578370.2159359057,1724861.514385054,2123024.0134009086,2456787.4296351,2731564.2405996984,2456382.6610891633,2763037.7646841616
2025-08-14,1574384.4578626961,1720505.8311386793,2117662.875680749,2450583.4603552935,2724666.3948886367,2450179.713945661,2756060.4408814292
2025-08-15,1572022.8811759022,1785841.498670082,2198080.4570018784,2543643.596116509,2828134.7438407657,2543224.517564021,2860720.968851106
2025-08-18,1588810.6293889221,1807620.000606175,2224886.251090633,2574663.5645873994,2862624.1081209304,2574239.3753332766,2895607.725153466
2025-08-19,1607952.997854577,1804908.5706052657,2251692.2099788403,2605683.7237660824,2897113.684438401,2605254.423778905,2930494.6959362603
2025-08-20,1577325.3199220565,1767877.541423164,2208802.8320539803,2556051.6499480046,2841930.5634272345,2555630.5271039163,2874675.7460976453
2025-08-21,1539040.6791086865,1724967.841172645,2155191.048876037,2494011.487349514,2772951.583971857,2493600.585945873,2804901.979707023
2025-08-22,1592639.0843231888,1785041.3184940508,2230247.4165993547,2490270.4701184896,2869521.9895858234,2580442.354628719,2902585.0851219906
2025-08-25,1590250.125696704,1776459.3923998082,2219525.07740035,2474586.1413570717,2855726.2161293267,2568036.3865715987,2888630.35453694
2025-08-26,1587868.4195791015,1776459.5002125548,2219525.21210261,2474586.2915389054,2855726.389442428,2568036.542424897,2888630.529846983
2025-08-27,1610880.9809151124,1773794.810962236,2251692.2099788403,2510449.822870038,2897113.684438401,2605254.423778905,2930494.6959362603
2025-08-28,1591703.7773488867,1750053.0724708769,2224886.281799889,2480563.439042584,2862624.1476326385,2574239.4108645204,2895607.7651204346
2025-08-29,1580197.4837979022,1737402.0851023658,2208802.764853924,2462631.6532997605,2841930.476965061,2555630.449352062,2874675.6586392405
2025-09-01,1557184.8966594758,1712100.110325259,2176635.7309110323,2426768.081757296,2800543.135564337,2518412.5262681823,2832811.445610529
2025-09-02,1554849.1193144866,1686798.1382514867,2144468.7004049583,2390904.5140465973,2759155.7985855537,2481194.607160771,2790947.2370547084
2025-09-03,1540876.4855420126,1674147.205753342,2128385.2532170634,2372972.806078229,2738462.2176713888,2462585.7263598414,2770015.2213610807
2025-09-04,1575808.1948906155,1671635.984944712,2176635.801359524,2426768.160301514,2800543.226206072,2518412.607778543,2832811.537296653
2025-09-05,1595214.6268720157,1689688.0256532673,2203441.560311867,2456654.3554553525,2835032.545278379,2549427.424894244,2867698.2478702636
2025-09-08,1599095.9514586008,1693799.2139329826,2208802.764853924,2462631.6532997605,2841930.476965061,2555630.449352062,2874675.6586392405
2025-09-09,1587452.0267473946,1681465.7010471884,2205489.5607066434,2444699.835302035,2821236.7690746244,2537021.4543666276,2853743.5145063004
2025-09-10,1585070.8487072736,1734910.8226933999,2272182.4243030245,2522404.2333190856,2910909.3340410427,2617660.2804593802,2944449.301240392
2025-09-11,1585070.8487072736,1743133.202680852,2282951.1318636965,2534358.833991937,2924705.2031660904,2630066.334547269,2958404.1285963026
2025-09-12,1585070.8487072736,1740518.5028768308,2336794.2528243633,2594131.3746091183,2993684.014771141,2692096.124764461,3028177.7252025995
2025-09-15,1593637.126373759,1749924.8740756062,2352947.241542198,2612063.1949976683,3014377.725420641,2710705.1222310066,3049109.872126393
2025-09-16,1582696.8716822905,1737911.7102903938,2336794.353490052,2594131.4863605145,3009856.15883251,2692096.2407360356,3028177.8556520795
2025-09-17,1560816.2458809037,1713885.25488438,2304488.4054981526,2558267.8782696505,2963799.4995151777,2654878.279723543,2986313.5999597423
2025-09-18,1542582.3670943668,1693863.1824116802,2277566.746807243,2528381.4989351425,2929175.589772838,2623863.271471776,2951426.674388616
2025-09-19,1579050.127562741,1733907.3305363217,2331410.0684638685,2588154.2623497234,2998423.41475534,2685893.2929000864,3021200.5310704545
2025-09-22,1576681.552371397,1731306.4695405173,2320641.3297590106,2584272.030956199,2984573.754107137,2673487.202932641,3007245.6633557794
2025-09-23,1592583.6482840811,1748768.0815518175,2347562.926002643,2610336.4836282833,3019197.583536116,2704502.1392422277,3042132.5080034556
2025-09-24,1621805.4131393041,1780855.62038878,2390637.54370351,2658232.642175297,3074595.792561186,2754126.1107356776,3097951.542000877
2025-09-25,1629110.7775469108,1788877.4207594492,2401406.084911825,2670206.555922258,3088445.199209346,2766531.973177882,3111906.153786033
2025-09-26,1680248.8266389356,1845030.5704551132,2476786.6078035976,2754024.7687930935,3185391.990300505,2853373.856375081,3209589.388011338
2025-09-30,1636416.2236051627,1796899.31078823,2412174.7464780435,2682180.603499338,3102294.760649646,2778937.974278012,3125860.921539186
2025-10-01,1633961.599269755,1794203.9618220476,2358331.663578631,2622310.6157232574,3033047.2427324806,2716908.227909162,3056087.3742552637
2025-10-02,1650138.8982466485,1811967.7660197068,2385253.225656713,2652245.632548703,3067671.0282211904,2747923.1248584394,3090974.1746288845
2025-10-03,1683663.0715677997,1848779.6498586538,2433711.960031568,2706128.576808913,3129993.7426009523,2803749.850238247,3153770.3150456483
2025-10-07,1713462.4663474143,1881501.4666977883,2476786.5779296244,2754024.7355751884,3185391.9518796275,2853373.8219588683,3209589.3492986015
2025-10-08,1676213.2574498001,1840599.2336167262,2422943.3555374965,2694154.5926923286,3116144.2545610648,2791343.914887896,3139815.621250484
2025-10-09,1691113.0249571216,1856960.2190302212,2444480.765840433,2718102.7847743854,3143843.48955153,2816156.017512643,3167725.269718283
2025-10-13,1688576.3554196858,1854174.7787016758,2440814.0446916725,2514544.387919546,2908401.421547191,2605254.4256269024,2930494.6980149616
2025-10-14,1734220.009398092,1904294.6988005885,2506791.322724712,2586388.4317818484,2991498.5107465982,2679690.1819119826,3014223.0229687416
2025-10-15,1665975.3168172622,1829357.2597221087,2408144.5522708204,2484609.371186862,2873777.6361657726,2574239.5287737325,2895607.897749447
2025-10-16,1726191.2697412365,1895478.5818813131,2495185.889276157,2574414.4958004,2977649.078381329,2667284.2964332015,3000268.38527112
2025-10-17,1798450.3401431146,1974824.0881958862,2599635.38800755,2682180.536306179,3102294.6829319173,2778937.904660917,3125860.8432310848
2025-10-20,1846623.1735107503,2027721.2239174559,2669268.5602824828,2754024.7419277322,3185391.95922718,2774769.4978039255,3209589.3567019687
2025-10-21,1843853.238750484,2024679.6420815797,2802731.9148987667,2891725.903295707,3344661.469598667,2909144.1801250963,3370068.7362818313
2025-10-22,1843853.238750484,1992347.9650457292,2762112.650724609,2849816.8724102234,3296188.1614365266,2866982.710686988,3321227.207216413
2025-10-23,1856562.933169126,2009090.3565958682,2785323.6421354203,2873764.8728404543,3323887.17475644,2891074.9616150027,3349136.63232977
2025-10-27,1926184.0477866705,2084431.2499717795,2889773.2856522454,2869454.2255311934,3448532.9520878256,2999490.2798756817,3474729.264383039
2025-10-28,1918448.3950503573,2076060.0684530514,2878167.809711269,2853649.877149513,3434683.469013902,2987444.174926507,3460774.5755915614
2025-10-29,1964862.4738740427,2126287.333313807,2947800.909007759,2922689.800597514,3517780.6582197836,3059721.057522955,3544503.001311502
2025-10-30,2030615.7952880145,2123097.9023138364,3046447.8643095326,3020496.4228966916,3635501.753390237,3162113.3749535647,3663118.348796103
2025-10-31,2027569.8715950823,2107804.1552140755,3029039.514959027,3003236.368143168,3614727.36715214,3144044.0769485016,3642186.152753896
2025-11-03,1977992.0542307685,2059348.85854737,2959406.3813733286,2934196.410698053,3531630.1370269693,3071767.1587609746,3558457.685803829
2025-11-04,1954721.5549704316,2035121.2202274383,2924589.8289703582,2899676.4462427935,3490081.5391366556,3035628.7146034357,3516593.4696315145
2025-11-05,1853882.8170971668,1930134.8835571303,2773718.2399194976,2750090.070456202,3310037.7796628694,2879028.933190025,3335182.032186977
2025-11-06,1935329.5765617345,2014931.6302260486,2895576.1913637756,2870909.9639298697,3455457.8937998377,3005513.506459992,3481706.81047443
2025-11-07,1908180.5655663738,2011909.2327807096,2854956.7378043975,2830636.5308560603,3406984.359633402,2963351.840446211,3432865.053687907
2025-11-10,1905318.294718024,2000729.7245066115,2843351.334896163,2819129.9896211782,3393134.9637136566,2951305.8113026368,3418910.4527126625
2025-11-11,1949055.492121755,2049727.1078087937,2912984.316059091,2888169.795941949,3476232.011943953,3023582.571280306,3502638.7363861157
2025-11-12,1925760.0590160256,2025228.4309276242,2908614.8395850025,2853649.913593135,3434683.512877834,2987444.2130787997,3460774.6197887
2025-11-13,1987881.3764278602,2090558.4067987665,2997944.2464028024,2945703.1739329253,3545479.800148274,3083813.4203130803,3572412.556010393
2025-11-14,1914112.312745899,2012979.0612348367,2886692.3665621327,2836389.9283827837,3413909.210342642,2969374.987877463,3439842.5080852364
2025-11-17,1871403.9223609944,2009959.5926429844,2822283.40597434,2773103.3346241317,3337736.7901962125,2903121.181694316,3363091.4544925955
2025-11-18,1868596.8164774529,1927837.0357017461,2711031.529659515,2663790.092538394,3206166.204560375,2788682.752885533,3230521.4107689084
2025-11-19,1825500.0781663875,1886199.0603188912,2652477.8957145084,2606256.7926566266,3136918.5103691323,2728451.985624143,3160747.685871867
2025-11-20,1910125.9145922868,1973638.7570104203,2775440.454418705,2727076.6510927794,3282338.5823345734,2854936.5222138497,3307272.4216674427
2025-11-21,1821470.2994440147,1882035.2890157052,2646622.5692132623,2600503.498918816,3129993.784581336,2722428.9468479804,3153770.35734493
2025-11-24,1825500.09809404,1886199.0809091502,2652477.9246696746,2606256.8211072306,3136918.5446125832,2728452.0154086626,3160747.720375444
2025-11-25,1813410.7969688694,1883369.7822877865,2634911.9960823907,2602347.43587557,3116144.4274648777,2710382.9514550134,3139815.795467737
2025-11-26,1810690.680773416,1847116.9271491969,2588069.045801288,2552255.0294345594,3060746.2211105474,2662198.2932855855,3083996.7641613428
2025-11-27,1873425.8817847453,1913980.8636507238,2681754.768560109,2644644.317689959,3171542.423542346,2758567.426728291,3195634.6148999296
2025-11-28,1877516.3811476305,1918159.9120878468,2687610.1996603557,2650418.720617639,3178467.273032791,2764590.57309945,3202612.0680692056
2025-12-01,1840702.307592562,1880548.9059719788,2634911.921993574,2598449.6881701523,3116144.3398447013,2710382.875244094,3139815.7071819664
2025-12-02,1803888.2614407109,1842937.927852539,2582213.6835537027,2546480.694406749,3053821.4530478073,2656175.2177392123,3077019.393038327
2025-12-03,1840702.3093143927,1840173.5209607603,2634911.924458325,2598449.6906007957,3116144.342759607,2710382.877779442,3139815.710119014
2025-12-04,1837941.2558504213,1878248.8672120967,2693465.4864698285,2656192.981251258,3185391.9518796275,2770613.5710469605,3209589.3492986015
2025-12-05,1837941.2558504213,1870082.5689028506,2681754.768560109,2644644.317689959,3171542.423542346,2758567.426728291,3195634.6148999296
2025-12-08,1837941.2558504213,1890498.34352351,2711031.6047026557,2673516.0173889953,3206166.29330917,2788682.8300781106,3230521.5001918715
2025-12-09,1837941.2558504213,1902747.7429300798,2728597.6126516196,2690838.944768991,3226940.5043129353,2806751.9756665714,3251453.5196686024
2025-12-10,1858817.5334946576,1927246.6660183927,2763729.806763891,2725484.9752771743,3268489.1370833428,2842890.450162375,3293317.7709859735
2025-12-11,1843064.8392400723,1924355.796019365,2759584.2120537455,2702387.6401502076,3240790.070809684,2818798.153175863,3265408.2925166152
2025-12-12,1787930.4461628087,1863993.6328455447,2673023.050731887,2621547.021183914,3143843.4035841366,2734475.1700263703,3167725.18309785
2025-12-15,1740672.4202940802,1814725.128296493,2602370.5302435746,2552255.0992251574,3060746.3048056746,2662198.366082547,3083996.848492249
2025-12-16,1732796.0491265913,1806513.675922808,2590595.060044495,2540706.3964128173,3056155.185348466,2650152.1808220223,3070042.0666648983
2025-12-17,1730196.8550529014,1790090.8499502584,2567044.232611802,2517609.101578159,3023836.245376536,2626059.925863487,3042132.6368824253
2025-12-18,1699868.5879323592,1761350.7823018602,2525830.109371217,2477188.66375871,2975288.2857843097,2583898.300424107,2993290.927098908
2025-12-19,1735530.2430791552,1758708.7561284073,2578819.6657164833,2529157.76801045,3037707.054836923,2638106.0731768226,3056087.3747502374
2025-12-22,1779116.4945268377,1800176.8494141763,2643584.358141968,2592675.2473899988,3113996.2834715187,2704359.6893898933,3132838.208273959
2025-12-23,1787041.289602681,1808195.4545340613,2655359.789581353,2604223.912189063,3127867.0909702783,2716405.8349996475,3146792.944168275
2025-12-24,1787041.289602681,1808195.4545340613,2655359.789581353,2600317.5763207795,3127867.0909702783,2716405.8349996475,3146792.944168275
2025-12-26,1784360.727668277,1808195.5563448472,2655359.9390918864,2596423.0881000008,3127867.267085424,2716405.98794739,3146793.121349045
2025-12-29,1784360.727668277,1820223.416383431,2673023.0162891457,2613694.1257347483,3148673.3959224075,2734475.134791799,3167725.142280716
2025-12-30,1784360.727668277,1817493.081258856,2714237.100433429,2653993.4456317374,3197221.3094613515,2776636.720236063,3216566.805732295
2025-12-31,1784360.727668277,1799024.539944179,2690686.2370259175,2630965.3037230875,3169479.6938410047,2752544.4284756575,3188657.3333170665
2026-01-02,1784360.727668277,1826580.6900960614,2731900.212884963,2671264.517738276,3218027.4798259228,2794705.903145234,3237498.868442826
2026-01-05,1784360.727668277,1846263.6724702409,2761338.793961501,2700049.6969009046,3252704.501491857,2824821.269704666,3272385.711115314
2026-01-06,1784360.727668277,1865946.629682458,2790777.3374048974,2728834.8392656757,3287381.4788280306,2854936.5977657796,3307272.509189814
2026-01-07,1785447.0322273117,1869883.2269916302,2796665.0548680685,2734591.876318368,3294316.884631132,2860959.6723542176,3314249.87920312
2026-01-08,1785447.0529857806,1867078.4021511427,2796665.0873834463,2734591.9081120533,3294316.9229324497,2860959.7056171154,3314249.9177361885
2026-01-09,1729064.5383526727,1805409.9416186055,2708349.385190201,2648236.4107497158,3190285.906273221,2770613.647918605,3209589.4383497825
2026-01-12,1751617.505471075,1828958.7161989654,2743675.6053945282,2682778.550368342,3231898.2414675057,2806752.0089301816,3251453.5582024963
2026-01-13,1729064.4415584595,1805409.8405505249,2739560.0919864364,2648236.262499634,3190285.7276788387,2770613.4928177614,3209589.258674775
2026-01-14,1726470.8448961219,1789710.701582702,2711670.4415518823,2625208.2340870206,3162544.24878526,2746521.31979814,3181679.9238136103
2026-01-15,1769250.3884473327,1836808.3265867857,2783030.1520782416,2694292.6245738873,3245769.053194369,2818798.1582118464,3265408.2983504995
2026-01-16,1776811.3117630072,1834053.1140969056,2794923.4814240895,2705806.732501973,3259639.905546211,2814569.9609745285,3279363.0793692917
2026-01-19,1765469.9614181248,1819616.9650482454,2777083.5418761377,2688535.62334385,3238833.690546219,2792415.994356982,3258430.9717532634
2026-01-20,1727665.4392582276,1780652.9773390263,2717617.0436671213,2630965.227488044,3169479.602001929,2732621.1778801703,3188657.2409222983
2026-01-21,1670958.7661787283,1722207.1093141646,2628417.4696357786,2544609.8014613762,3065448.6712795827,2642929.127403836,3083996.8479927545
2026-01-22,1668452.3280294603,1741689.0172221987,2658150.5875693727,2573394.8724007783,3100125.562570815,2672826.403747125,3118883.559501679
2026-01-23,1680861.3290072172,1757274.6751730489,2681937.282800294,2596423.1236311146,3127867.30988916,2696744.426814896,3146793.1644117744
2026-01-26,1658499.4214124011,1754638.7631602893,2646257.2224299987,2592528.488945668,3086254.6684739995,2660867.3745925757,3104928.736485327
2026-01-27,1684588.2712070215,1779570.5668551351,2687883.89187744,2629365.935328804,3134802.6712253033,2702723.867493872,3153770.4896890647
2026-01-28,1692042.2016105924,1787444.7729031667,2699777.1834344193,2641000.2978745066,3148673.479505061,2714682.822659774,3167725.226369105
2026-01-29,1688315.141347905,1783507.5694584213,2693830.385979302,2635182.9682271816,3141737.898469038,2708703.1925627794,3160747.680062591
2026-01-30,1685782.6686358831,1759885.050622752,2658150.6613049526,2600280.0273210863,3100125.648566528,2672826.4778898037,3118883.646017729
2026-02-02,1685782.6686358831,1728388.199749827,2610577.4547780477,2553742.537716639,3044642.368447934,2624990.616704717,3063064.6520136246
2026-02-03,1675589.2309144058,1725795.6174502021,2598684.2399106445,2542108.2501909034,3030771.6496090516,2613031.738651799,3049110.005315642
2026-02-04,1644914.8287903722,1691664.6083707805,2551111.0734700207,2495570.799800019,2975288.416241948,2565195.9177743117,2993291.058345909
2026-02-05,1667920.6058796085,1715324.2278287362,2586790.910297374,2530473.850417434,3016900.796945322,2601072.7452194947,3035155.223983075
2026-02-06,1648749.032251861,1695607.782925212,2557057.5691410056,2501387.834233358,2982223.6453157063,2571175.2444210052,3000268.250560532
2026-02-09,1679423.4589727672,1727154.0010986961,2604630.7737291087,2547925.3219412123,3037706.9231731314,2619011.1036565863,3056087.242289785
2026-02-10,1676904.323784308,1735040.5501780908,2616524.0666361973,2559559.6858076304,3051577.7330274824,2630970.060180051,3070041.980553946
2026-02-11,1676904.323784308,1732437.9893528237,2612599.2805362428,2588645.63105784,3086254.800087784,2660867.4880656563,3104928.8688954697
2026-02-23,1676904.323784308,1784265.2344926286,2690757.243012586,2670086.131770655,3183350.4138059765,2744580.136084599,3202611.9811479524
2026-02-24,1676904.323784308,1784265.2601428647,2690757.2816943675,2670086.170155273,3183350.4595691776,2744580.1755401273,3202612.0271880543
2026-02-25,1714519.7322064096,1827025.3642648647,2755241.5622004336,2734075.065304983,3259639.7872541747,2810354.327343025,3279362.9603615026
2026-02-26,1849492.6558263954,1970855.1203828366,2972143.707998962,2949310.911255743,3516249.905976773,3031595.140641463,3537525.7554909997
2026-03-02,1707223.8994606226,1819250.7838797015,2743517.1234351904,2722440.6967898877,3245768.9718575417,2798395.366041187,3265408.2165215258
2026-03-03,1743703.0366041148,1816521.9077038819,2802139.2745384704,2780612.4969706372,3315122.998296541,2858190.1289728577,3335181.884871418
2026-03-04,1637913.5855348515,1703758.9395845467,2632135.111300696,2611914.350832326,3113996.4103083224,2684785.392932202,3132838.3358782167
2026-03-05,1635456.7151565494,1703758.8701884046,2632135.0040906803,2611914.2444459265,3113996.2834715187,2684785.283577678,3132838.208273959
2026-03-06,1607548.3847163625,1677197.02180229,2591099.636860158,2607996.3730792576,3065448.628868642,2642929.0908385166,3083996.805325197
2026-03-09,1512986.7124948802,1578538.3708189807,2438682.007080882,2450908.454931021,2885128.1164592975,2487462.6695671044,2902585.223683308
2026-03-10,1571178.4853366541,1639251.3602577648,2532477.430541914,2545174.126194021,2996094.5371065526,2583134.271587424,3014223.0712569626
2026-03-11,1545719.6220740722,1636792.4832173781,2491441.9929888556,2503932.9555294733,2947546.7993072914,2541278.0071190735,2965381.5846084184
2026-03-12,1578452.4614615974,1668950.4958733553,2544201.8657595795,2556957.3424234567,3009965.3483061576,2595093.2292707223,3028177.810874517
2026-03-13,1576084.782769405,1626649.9072682702,2479717.4866735074,2492149.667845904,2933675.9039942506,2529318.976915934,2951426.7603684813
2026-03-16,1607207.7373286139,1661259.5286663861,2532477.507747854,2545174.2037870367,2996094.6284464765,2583134.350337705,3014223.163149559
2026-03-17,1603487.3010142639,1657413.9708492723,2526615.2156083453,2539282.5207679803,2989159.134671771,2577154.7954745516,3007245.704632357
2026-03-18,1581164.9240040535,1634340.8729233423,2491441.8423194713,2503932.804104701,2947546.6210550736,2541277.853435868,2965381.4052776457
2026-03-19,1543961.0406215338,1631889.3616139572,2432819.6768838395,2445016.733663628,2878192.5776599194,2481483.0758851576,2895607.7198690013
2026-03-20,1514198.0054043238,1598034.2751456685,2385922.0571802575,2397883.9905204433,2822709.476210468,2433647.3687427356,2839788.905615118
2026-03-23,1511926.7083962173,1543064.98599107,2303850.9517594925,2315401.4177220063,2725613.728133917,2349934.6048844303,2742105.658191311
2026-03-24,1525027.7087230205,1558770.4563977215,2300395.1753318533,2338967.8059011763,2753355.298408532,2373852.475310914,2770015.084986434
2026-03-25,1536551.8506752711,1570549.5813983704,2314307.0582700516,2356642.630340609,2749225.265460919,2391790.911932562,2790947.194525603
2026-03-26,1555758.8222684425,1590181.5262509498,2343236.0071412106,2386100.7758866358,2779421.5803440902,2421688.412678863,2825834.1678872486
2026-03-27,1513503.6203002734,1587796.2539615734,2279592.5237660264,2321293.0635610954,2703931.0746493316,2355914.1220130934,2749083.072676666
2026-03-30,1494296.7679761897,1565298.6560120515,2250663.754534293,2291835.100940634,2669617.3114387835,2326016.8069206118,2714196.3159518535
2026-03-31,1492055.3228242255,1537131.2240948132,2210163.2290716604,2250593.7001872784,2621577.7481412515,2284160.308931781,2665354.5568115427
2026-04-01,1521021.0778560657,1569322.5103300489,2256449.451105525,2297726.6351418793,2676479.9961442067,2331996.2107464015,2721173.598225679
2026-04-02,1544421.425746886,1593465.9579319588,2291164.0930803395,2333076.3113581426,2717656.6530258297,2367873.1117348205,2763037.849679413
2026-04-07,1521021.0759604364,1569322.508374222,2256449.448293341,2297726.632278252,2676479.9928085436,2331996.207840064,2721173.5948343147
2026-04-08,1532721.28944087,1566968.5246116607,2273806.8279313366,2294280.042329835,2697068.3908175556,2349934.718948506,2742105.791291077
2026-04-09,1567821.6782599974,1600452.5202727919,2325878.593561402,2343305.7003288236,2758833.1420751107,2403749.8664922244,2804901.930498231
2026-04-10,1565469.9457426073,1596471.3704800773,2320092.9354657414,2337476.692042129,2751970.5030073584,2397770.502430183,2797924.6946241646
2026-04-13,1559227.1162576207,1592490.069923176,2314307.0582700516,2331647.4630137547,2745107.6040548366,2391790.911932562,2790947.194525603
2026-04-14,1590411.6630991185,1624339.875934332,2360593.2061389084,2378280.4190277127,2800009.7640872146,2439626.7370991027,2846766.1465001726
2026-04-15,1648882.6801248214,1684058.2537260351,2447379.7210704857,2465717.1991390255,2902951.2995315976,2529318.8965512756,2951426.6665920904
2026-04-16,1617698.1865344425,1681532.1663454461,2401093.652240429,2419084.322756082,2848049.2332508285,2481483.1530697825,2895607.8099346557
2026-04-17,1617698.1614979426,1679013.6198911755,2401093.6150796157,2419084.2853168333,2848049.189172653,2481483.1146648116,2895607.7651204346
2026-04-20,1615271.6142556958,1666876.1475265916,2383736.276787329,2401596.893724063,2827460.840205717,2463544.646286349,2874675.618524684
2026-04-21,1644169.8833882096,1699242.7021060418,2430022.457329379,2448229.882656024,2882363.0389932944,2511380.5052199936,2930494.609901612
2026-04-22,1667658.0290750593,1723517.6024965867,2464737.0705069713,2483204.6019594953,2923539.6617171885,2547257.376447049,2972358.8266272293
2026-04-23,1796842.7826952096,1857029.5053907335,2655667.372547668,2675565.487164769,3150011.003151106,2744580.0954015665,3202611.9336754936
2026-04-24,1777269.4308055583,1854243.9611326475,2651683.8714888464,2646420.0408917624,3115697.3311845097,2714682.85980923,3167725.269718283
2026-04-27,1753781.2650843433,1826998.01283418,2612720.475527544,2611445.291756379,3074520.67333875,2710610.8355195164,3125861.0172843123
2026-04-28,1751150.5931867168,1875935.4590331994,2682704.0588735705,2681394.7183946497,3156873.9046955174,2779047.9101836192,3209589.436409225
2026-04-29,1718118.5502294842,1843310.4171759961,2636048.2254919964,2634761.656205829,3101971.619660784,2730716.5275892303,3153770.35734493
2026-04-30,1706715.1544088258,1831076.1052278518,2618552.4005888696,2617274.3704450205,3081383.395292497,2712592.375775635,3132838.337428458
2026-05-04,1702913.962596273,1826997.937010166,2612720.367094501,2611445.1833762587,3074520.5457400894,2706550.8966788123,3125860.887554927
2026-05-05,1729522.0446355338,1824257.4401046508,2653544.2016511853,2652249.0931488755,3122560.022019749,2748840.836090941,3174702.558224284
2026-05-06,1873965.6476268906,1973652.5315931737,2875158.887842763,2873755.6164298286,3383345.261234408,2978414.362283503,3439842.5588146946
2026-05-07,1871154.6991554503,2041709.4905821353,2974302.261554402,2972850.60148973,3500012.2965931883,3081118.268295995,3558457.7761370474
2026-05-08,1871154.6991554503,2033702.75972087,2962638.2918181745,2968391.3255874957,3486286.7119303327,3069035.4108474855,3544502.99274297
2026-05-11,1871154.6991554503,2053719.571414398,2991798.193637602,2993118.174640885,3520600.6470857025,3099242.531138818,3579389.924283851
2026-05-12,1850142.0636855229,2033702.75972087,2962638.2918181745,2963945.4074762813,3486286.7119303327,3069035.4108474855,3544502.99274297
2026-05-13,1795511.9075699581,2030652.2055812888,2875158.8514158684,2876427.371155389,3383345.218369033,2978414.3245484103,3439842.5152335265
2026-05-14,1857426.132680356,2097528.4269922073,2974302.294355012,2975614.5561696356,3500012.3351913295,3081118.3022745727,3558457.815379726
2026-05-15,1813721.9665706316,2048174.792314498,2904318.6760318195,2905600.0610824544,3417659.062675157,3008621.3648636607,3474729.3544081016
2026-05-18,1828290.0144948936,2064625.9954656186,2927646.536883481,2928938.214183518,3445110.1394837927,3032786.998316381,3502638.827134271
2026-05-19,1825547.5794731514,2064625.9674904565,2927646.497214608,2928938.1744971434,3445110.0928034186,3032786.9572228813,3502638.7796743973
2026-05-20,1825547.5794731514,2027610.7581927783,2875158.807167905,2876427.3268879033,3383345.1663002106,2978414.2787113716,3439842.462295225
2026-05-21,1825547.5794731514,2024569.342055489,2857662.917459173,2858923.7179947356,3362756.865671882,2960290.05976481,3418910.3648452717
2026-05-22,1825547.5794731514,2054541.724115334,2904318.6404044307,2905600.0254393467,3417659.020750602,3008621.327956787,3474729.3117834628
2026-05-25,1825547.5794731514,2104048.7845199904,2974302.26579261,2975614.527594632,3500012.3015805027,3081118.2726864098,3558457.7812076434
2026-05-26,1825547.5794731514,2165932.518932728,2969840.8123939214,3063132.5264619254,3602953.75108769,3171739.320203927,3663118.213927331
2026-05-27,1825547.5794731514,2170058.1076752264,2971041.094497547,3068967.0688391635,3609816.525114719,3177780.732814519,3670095.587014312
2026-05-28,1825547.5794731514,2186560.5546161113,2993634.7051698714,3092305.368416357,3637267.7742132293,3201946.5179368434,3698005.2349073645
2026-05-29,1825547.5794731514,2183280.713784187,3038821.518470605,3138981.5460776375,3692169.776636675,3250277.6517438777,3753824.0266411444
2026-06-01,2046429.9140834108,2447447.0091975234,3411613.825833267,3524061.1455929256,4145112.6302530994,3649010.67966212,4214330.414337533
2026-06-02,2015936.7133773686,2410978.380413679,3360778.45423969,3471550.2322831675,4083347.626470856,3594637.933120607,4151534.0183888692
2026-06-03,2073534.9083356995,2479863.4807612672,3456800.7010366903,3570737.387197219,4200014.707888346,3697341.879679337,4270149.28253905
2026-06-04,2093863.7648023728,2504175.9669194114,3490691.042116925,3605744.7591651105,4241191.490498247,3733590.4772206973,4312013.661820554
2026-06-05,1968502.857511522,2354249.4165363256,3281701.229375634,3389866.6098477733,3987268.7558005205,3510058.1263845656,4053850.7603065735
2026-06-08,1965550.1032252547,2350718.042411521,2908908.9927982357,3384781.8099330016,3534325.98818823,3111325.174177174,3593344.460050472
2026-06-09,2061689.4174152312,2465696.755027705,3055766.819248469,3550338.821863505,3712758.3261805577,3268402.089814887,3774756.3771632053
2026-06-10,2065500.254222077,2470254.360974172,3061415.1135888114,3556901.2855133857,3719621.0068369247,3274443.420229753,3781733.655320361
2026-06-11,1981660.7115009215,2369985.6751651666,2937150.9588503805,3412525.134180475,3568639.9921061066,3141532.35500127,3628231.461502101
2026-06-12,2031202.2790551137,2429235.376563209,3010579.806584126,3497838.3482358376,3657856.081530219,3220070.7427715436,3718937.3391576703
2026-06-15,2065500.3035842057,2470254.4200092717,3061415.1867517005,3556901.3705175966,3719621.0957298744,3274443.4984836755,3781733.7456977027
2026-06-16,2062402.0531288295,2466549.038379258,3050118.237944084,3543776.0248048143,3705895.296862725,3262360.45246761,3767778.744522409
2026-06-17,2062402.0531288295,2426367.96492358,3004931.233971966,3491275.5612761974,3650993.062773444,3214029.114721339,3711959.717254287
2026-06-18,2062402.0531288295,2467415.6558233714,3055766.676184497,3550338.65564481,3712758.1523577543,3268401.9367958205,3774756.2004377963
2026-06-22,2062402.0531288295,2462854.8135760087,3050118.308945709,3543776.107297962,3705895.383129737,3262360.5284098764,3767778.8322299635
2026-06-23,2059313.1050988154,2462854.8394030402,3050118.340931152,3543776.1444602087,3705895.4219920672,3262360.562621024,3767778.8717412422
2026-06-24,1944906.7966406117,2326029.5408377675,2880667.2851967933,3346899.649241438,3700336.578859079,3081118.26978805,3558457.777860258
2026-06-25,1986855.7430841327,2322540.496526511,2876346.284268998,3419087.6401417605,3700336.578859079,3147573.724367541,3635208.7846451723
2026-06-26,1948720.336491112,2274550.182616914,2816912.7625279506,3353462.1926034405,3700336.578859079,3087159.6735850014,3565435.1407681527
2026-06-29,1906771.3170280533,2225587.2051729024,2756274.6473052218,3281274.076047192,3700336.578859079,3020704.103328075,3488684.0003845775
2026-06-30,1903911.1600525111,2238940.787539633,2772812.3684255504,3300961.807689641,3700336.578859079,3038828.40821065,3509616.1970841046
2026-07-01,1927515.7157847204,2270099.065392787,2811400.2840555147,3346899.7287633237,3700336.578859079,3081118.342995006,3558457.8624087363
2026-07-02,1860372.7072066856,2191022.521542869,2713468.074298263,3230313.95187035,3700336.578859079,2973790.7847087006,3434502.6775956177
2026-07-03,1844804.7347614414,2187735.9877605545,2690761.2284882357,3203282.035955117,3700336.578859079,2948905.5061755734,3405762.069414901
2026-07-06,1895400.6452084852,2244370.6297924207,2764558.4773708247,3291135.7626796244,3700336.578859079,3029782.6614082367,3499169.0460022297
2026-07-07,1891508.6520971742,2239762.065870876,2758881.7659183177,3284377.783700816,3700336.578859079,3023561.341774955,3491983.8939570505
2026-07-08,1888671.3891190283,2212110.682341606,2724821.4972032765,3279451.2170252646,3700336.578859079,2986233.423975264,3448872.981685976
2026-07-09,1870127.2699714126,2193676.4266554257,2702114.651393249,3247251.579514116,3664004.434050844,2961348.145442137,3420132.3735052594
2026-07-13,1901557.9803911003,2230544.9380277856,2747528.343013304,3301827.2363126725,3725584.34050548,3011118.7025083913,3477613.5898666927
2026-07-14,1854411.9147615687,2227199.120620744,2679407.805583222,3219963.751114838,3633214.4808235257,2936462.86690901,3391391.765324543
2026-07-15,1854411.9147615687,2223863.325632295,2679407.805583222,3219963.751114838,3633214.4808235257,2936462.86690901,3391391.765324543
2026-07-16,1889771.4639837174,2266267.499214267,2730498.2086557834,3281361.365013214,3702491.875584991,2992454.743608546,3456058.133731155
2026-07-17,1886936.8067877418,2242709.62500206,2702114.651393249,3247251.579514116,3664004.434050844,2961348.145442137,3420132.3735052594
2026-07-20,1886936.8067877418,2219151.7507898537,2673731.0941307154,3213141.7940150183,3625516.9925166965,2930241.547275728,3384206.613279364
2026-07-21,1904111.815357569,2242709.62500206,2702114.651393249,3247251.579514116,3664004.434050844,2961348.145442137,3420132.3735052594
2026-07-22,1992116.9832942632,2239345.560564557,2827002.3033483997,3397334.6357101467,3833349.176801093,3098217.177374337,3578205.7184992
2026-07-23,2052120.5068874639,2303340.716975977,2912152.975136002,3499663.99220744,3948811.5014035357,3191536.9718735637,3685982.999176887
2026-07-24,2032119.332356397,2280891.002385568,2883769.417873468,3465554.2067083423,3910324.059869388,3186749.6664157533,3650057.238950991
2026-07-27,2024118.86254397,2271911.1165494043,2879443.7637466574,3451910.292508703,3894929.083255729,3169449.234035504,3635686.934860633
2026-07-28,2021082.684250154,2209051.9156962587,2795581.9862367623,3356402.893111229,3787164.246960116,3081756.962738079,3535094.8062281255
2026-07-29,1968834.732535493,2155172.600679277,2727397.0597431827,3274539.4079133943,3694794.387278162,3006592.1587688574,3448872.981685976
2026-07-30,1936020.820326568,2151939.841778258,2681940.442080796,3219963.751114838,3633214.4808235257,2956482.2894560434,3391391.765324543
2026-07-31,2009852.122796649,2230659.3551861746,2784217.8318211655,3342758.97891159,3771769.270346457,3069229.495409875,3520724.502137767
2026-08-03,2005750.3837705336,2226106.9891551826,2778535.7546133674,3335937.0218117703,3764071.7820396274,3062965.7617457737,3513539.350092588
2026-08-04,2042666.035005574,2267078.283434112,2829674.449483552,3397334.6357101467,3833349.176801093,3119339.3647226896,3578205.7184992
2026-08-05,2039602.0359530658,2339916.1399299875,2920587.684808325,3506485.9493072596,3956508.989710365,3219559.103348318,3693168.151222066
2026-08-06,2039602.0359530658,2353573.238022964,2937633.91643172,3526951.8206067183,3979601.4546308536,3238350.304340624,3714723.6073576035
2026-08-07,2039602.0359530658,2350042.8781659296,3017182.9973408957,3521661.3928758083,4087366.2909264667,3326042.575638049,3815315.735990111
2026-08-10,2013535.3821910438,2320008.7082880633,2983090.534094106,3476653.6283330168,4041181.3610854894,3288460.1736534378,3772204.8237190363
2026-08-11,2040382.5206202578,2350942.157731904,3022865.0745486943,3523009.010044124,4095063.779233296,3332306.3093021503,3822500.88803529
2026-08-12,2028876.6041505947,2337684.965113115,3005818.8429252994,3503142.417882221,4071971.3143128077,3313515.108309845,3800945.4318997525
2026-08-13,2105582.7139483485,2426066.2492383746,3119460.3870812654,3635586.3656282406,4225921.080449398,3438789.7815918806,3944648.472803335
2026-08-14,2009700.076701156,2315589.6440818002,2977408.456886308,3470031.430945716,4033483.87277866,3282196.4399893363,3765019.671673857
2026-08-17,2006685.5265861044,2312116.2596156774,2948998.070847316,3436920.444009211,3994996.4312445126,3250877.771668827,3729093.9114479613
2026-08-18,1968934.1105084438,2268618.8297592057,2897859.3759771315,3377320.6675235024,3925719.036483047,3194504.1686919113,3664427.5430413494
2026-08-19,1891721.0081355637,2179653.385454923,2784217.8318211655,3244876.7197774826,3771769.270346457,3069229.495409875,3520724.502137767
2026-08-20,1934188.2144406477,2228584.3798222784,2846720.681106947,3317720.8910377934,3856441.6417215816,3138130.565714995,3599761.1746347374
2026-08-21,1891721.0081355637,2179653.385454923,2784217.8318211655,3244876.7197774826,3771769.270346457,3069229.495409875,3520724.502137767
2026-08-24,1899442.3183728517,2188549.929885351,2795581.9862367623,3258121.1145520844,3787164.246960116,3081756.962738079,3535094.8062281255
2026-08-25,1896593.1548952924,2185267.104990523,2791388.613257407,3205143.5354536767,3725584.34050548,3031647.0934252646,3477613.5898666927
2026-08-26,1896593.1548952924,2191010.618422354,2791388.613257407,3218387.9302282785,3740979.317119139,3044174.5607534684,3491983.8939570505
2026-08-27,1896593.1548952924,2240601.39373644,2791388.613257407,3291232.1014885893,3825651.6884942637,3113075.6310585877,3571020.566454021
2026-08-28,1896593.1548952924,2303716.9259543684,2791388.613257407,3383942.8649108033,3933416.5247898763,3200767.9023560127,3671612.6950865285
2026-08-31,1896593.1548952924,2249617.8983390015,2791388.613257407,3304476.4962631916,3841046.6651079226,3125603.0983867915,3585390.870544379
2026-09-01,1896593.1548952924,2281175.6644479656,2791388.613257407,3350831.8779742983,3894929.083255729,3169449.234035504,3635686.934860633
2026-09-02,1896593.1548952924,2277753.9009512938,2787207.8015550743,3350831.8779742983,3894929.083255729,3169449.234035504,3635686.934860633
2026-09-03,1896593.1548952924,2278837.1351713655,2792716.1173684243,3357454.075361599,3902626.5715625584,3175712.9676996055,3642872.086905812
2026-09-04,1886282.101940034,2269847.639569111,2781699.4857417243,3344209.6805869974,3887231.5949488995,3163185.500371402,3628501.782815454
2026-09-07,1931104.646936629,2323784.6131826346,2847799.2755019236,3339193.366066117,3979601.4546308536,3238350.304340624,3714723.6073576035
2026-09-08,1912428.586521381,2301310.874177,2820257.696435174,3301946.506595719,3941114.013096706,3207031.6360201146,3678797.8471317077
2026-09-09,1871341.2536078359,2251868.6483646035,2759666.2224883246,3231006.2496180767,3856441.6417215816,3138130.565714995,3599761.1746347374
2026-09-10,1871341.2536078359,2248490.8453920567,2759666.2224883246,3231006.2496180767,3856441.6417215816,3138130.565714995,3599761.1746347374
2026-09-11,1868534.241727424,2218235.4581283126,2726616.327608225,3192311.563993908,3810256.7118806043,3100548.1637303843,3556650.262363663
2026-09-14,1843120.6608364428,2191347.755605545,2693566.4327281252,3153616.8783697397,3764071.7820396274,3062965.7617457737,3513539.350092588
2026-09-15,1865735.6382700189,2218235.4581283126,2726616.327608225,3192311.563993908,3810256.7118806043,3100548.1637303843,3556650.262363663
2026-09-16,1865735.6382700189,2218235.4581283126,2726616.327608225,3192311.563993908,3810256.7118806043,3100548.1637303843,3556650.262363663
2026-09-17,1880812.2898924027,2236160.5931434906,2748649.5908616246,3218108.021076687,3841046.6651079226,3125603.0983867915,3585390.870544379
2026-09-18,1903427.2673259787,2232806.3522537756,2781699.4857417243,3256802.706700856,3887231.5949488995,3163185.500371402,3628501.782815454
2026-09-21,1900572.1264249897,2220632.605910242,2770682.854115024,3243904.4781594663,3871836.6183352405,3150658.0330431988,3614131.4787250957
2026-09-22,1900572.1264249897,2225047.3824627474,2776191.1699283742,3250353.592430161,3879534.1066420698,3156921.7667073,3621316.630770275
2026-09-23,1900572.1264249897,2251536.04177778,2809241.064808474,3289048.2780543296,3925719.036483047,3194504.1686919113,3664427.5430413494
2026-09-24,1900572.1264249897,2233876.935567758,2787207.8015550743,3263251.8209715504,3894929.083255729,3169449.234035504,3635686.934860633
2026-09-29,1900572.1264249897,2180899.6169376927,2721108.011794875,3185862.4497232134,3802559.223573775,3094284.4300662824,3549465.110318484
2026-09-30,1947665.6838577555,2177628.267512286,2792716.1173684243,3269700.9352422454,3902626.5715625584,3175712.9676996055,3642872.086905812
2026-10-01,1943824.1341854522,2170078.0256857644,2787207.8015550743,3263251.8209715504,3894929.083255729,3169449.234035504,3635686.934860633
2026-10-02,1943824.1341854522,2170078.0256857644,2783026.989852742,3263251.8209715504,3894929.083255729,3169449.234035504,3635686.934860633
2026-10-05,1951507.2335300588,2178655.4091864983,2789842.3330324534,3276150.04951294,3910324.059869388,3181976.7013637074,3650057.238950991
2026-10-06,2020655.1276315176,2255851.860693107,2888695.014124154,3392234.1063854457,3904458.573779584,3294723.9073175397,3779389.9757642155
2026-10-07,2017624.1449400703,2175387.4260727186,2785657.569532905,3271235.8244386707,3759550.328588502,3177203.736311662,3644582.1530925645
