Date,AI 5 日,固定 5 日基準,AI 20 日,固定 20 日基準,AI 60 日,固定 60 日基準,Buy & Hold
2020-01-03,1000000.0,1000000.0,1000000.0,1000000.0,1000000.0,1000000.0,1000000.0
2020-01-06,995224.9808333019,995224.9808333019,995224.9808333019,995224.9808333019,995224.9808333019,995224.9808333019,995224.9808333019
2020-01-07,988670.096499982,988670.096499982,988670.096499982,988670.096499982,988670.096499982,988670.096499982,988670.096499982
2020-01-08,960266.5145114097,960266.5145114097,960266.5145114097,960266.5145114097,960266.5145114097,960266.5145114097,960266.5145114097
2020-01-09,953711.6288243281,953711.6288243281,953711.6288243281,953711.6288243281,953711.6288243281,953711.6288243281,953711.6288243281
2020-01-10,961358.6754837782,961358.6754837782,961358.6754837782,961358.6754837782,961358.6754837782,961358.6754837782,961358.6754837782
2020-01-13,959916.6374705526,959916.6374705526,979930.3832101185,979930.3832101185,979930.3832101185,979930.3832101185,979930.3832101185
2020-01-14,959916.6374705526,961684.6367191441,983207.8471588203,983207.8471588203,983207.8471588203,983207.8471588203,983207.8471588203
2020-01-15,959916.6374705526,961684.6526031946,983207.8633983674,983207.8633983674,983207.8633983674,983207.8633983674,983207.8633983674
2020-01-16,959916.6374705526,959547.5923578638,981022.9741708254,981022.9741708254,981022.9741708254,981022.9741708254,981022.9741708254
2020-01-17,959916.6374705526,972369.8942679845,994132.2486411756,994132.2486411756,994132.2486411756,994132.2486411756,994132.2486411756
2020-01-20,959916.6374705526,990535.0135297226,1012703.916650397,1012703.916650397,1012703.916650397,1012703.916650397,1012703.916650397
2020-01-30,959916.6374705526,989049.211009428,934047.381709322,934047.381709322,934047.381709322,934047.381709322,934047.381709322
2020-01-31,959916.6374705526,958691.6468275216,906736.0933481142,906736.0933481142,906736.0933481142,906736.0933481142,906736.0933481142
2020-02-03,959916.6374705526,918264.8341816071,868500.1805951708,868500.1805951708,868500.1805951708,868500.1805951708,868500.1805951708
2020-02-04,959916.6374705526,1056870.8468882649,999594.5474774608,999594.5474774608,999594.5474774608,999594.5474774608,999594.5474774608
2020-02-05,959916.6374705526,949451.1517912732,897996.3798046644,897996.3798046644,897996.3798046644,897996.3798046644,897996.3798046644
2020-02-06,959916.6374705526,952916.41303108,901273.8438875224,901273.8438875224,901273.8438875224,901273.8438875224,901273.8438875224
2020-02-07,959916.6374705526,951487.0384115335,913290.7338206787,913290.7338206787,913290.7338206787,913290.7338206787,913290.7338206787
2020-02-10,959916.6374705526,897785.9187277018,863037.9991727422,863037.9991727422,863037.9991727422,863037.9991727422,863037.9991727422
2020-02-11,959916.6374705526,938697.5679474327,902366.2033124228,902366.2033124228,902366.2033124228,902366.2033124228,902366.2033124228
2020-02-12,959916.6374705526,943243.4889580534,901012.6540074542,901012.6540074542,906736.178928618,906736.178928618,906736.178928618
2020-02-13,959916.6374705526,975063.7522704512,930013.2427364076,930013.2427364076,937324.8702963769,937324.8702963769,937324.8702963769
2020-02-14,959916.6374705526,962562.9733565195,918090.0326822902,918090.0326822902,925307.9217155064,925307.9217155064,925307.9217155064
2020-02-17,952820.554509949,961119.1288964847,912670.103228957,912670.103228957,919845.3815726227,919845.3815726227,919845.3815726227
2020-02-18,950557.5278956294,957400.2920523436,910502.4372146956,910502.4372146956,917660.673686437,917660.673686437,917660.673686437
2020-02-19,939241.2709291759,946002.5729173356,899663.0306078027,899663.0306078027,906736.0492563574,906736.0492563574,906736.0492563574
2020-02-20,950557.3722454025,957400.1352816399,910502.2881233395,910502.2881233395,917660.5234229465,917660.5234229465,917660.5234229465
2020-02-21,929056.754328741,935744.7411906704,889907.6744989742,889907.6744989742,896903.9979701864,896903.9979701864,896903.9979701864
2020-02-24,927663.1691972478,918648.3079160708,873648.7028928216,873648.7028928216,880517.2007165812,880517.2007165812,880517.2007165812
2020-02-25,921676.7474234449,917270.3354541967,869312.8650489807,869312.8650489807,876147.2751522457,876147.2751522457,876147.2751522457
2020-02-26,933169.03882399,927316.7086996343,880152.2366522179,880152.2366522179,887071.8643034758,887071.8643034758,887071.8643034758
2020-02-27,928572.2097216512,922748.7084164191,875816.5704999949,875816.5704999949,882702.1117805727,882702.1117805727,882702.1117805727
2020-03-02,898692.4442018592,893056.3325812233,847634.38553806,847634.38553806,854298.3626184748,854298.3626184748,854298.3626184748
2020-03-03,932019.734879166,926174.6125658482,879068.2289370616,879068.2289370616,885979.3342788286,885979.3342788286,885979.3342788286
2020-03-04,930621.7052768472,930742.8314304998,883404.1025533994,883404.1025533994,890349.295896899,890349.295896899,890349.295896899
2020-03-05,949750.7802998127,929346.7171833541,902914.9562697526,902914.9562697526,910013.5410803793,910013.5410803793,910013.5410803793
2020-03-06,930368.0132065397,909016.8363945488,884488.0271580073,884488.0271580073,891441.742157595,891441.742157595,891441.742157595
2020-03-09,903004.2361418663,882281.0353931733,858473.6620380066,858473.6620380066,865222.8559187263,865222.8559187263,865222.8559187263
2020-03-10,895023.2061218211,874483.1634145492,850886.2069697813,850886.2069697813,857575.7493928254,857575.7493928254,857575.7493928254
2020-03-11,904144.4625313012,883395.0945295418,859557.6595265154,859557.6595265154,866315.3756363257,866315.3756363257,866315.3756363257
2020-03-12,902788.2458375043,862229.1678893662,838962.8718972857,838962.8718972857,845558.6748107005,845558.6748107005,845558.6748107005
2020-03-13,815252.3341907768,860935.8241375322,837704.4275894398,837704.4275894398,764717.1992356101,764717.1992356101,764717.1992356101
2020-03-16,860673.5525949022,907540.9550689387,837704.4275894398,883051.9708499792,807322.8876429291,807322.8876429291,807322.8876429291
2020-03-17,816417.0777448046,860874.5234906159,837704.4275894398,837644.7810723637,765809.7437044928,765809.7437044928,765809.7437044928
2020-03-18,823404.8383798965,868242.7979559395,837704.4275894398,844814.230838819,772364.3532624041,772364.3532624041,772364.3532624041
2020-03-19,800111.82880831,843681.3831322899,837704.4275894398,820915.5785017019,750515.2100041602,750515.2100041602,750515.2100041602
2020-03-20,798911.6610650975,835085.0226520052,837704.4275894398,812551.1812567582,742868.1296962133,742868.1296962133,742868.1296962133
2020-03-23,791849.5003533838,833832.3951180272,837704.4275894398,806576.5035911077,737405.8305507555,737405.8305507555,737405.8305507555
2020-03-24,828215.9233568168,870820.6904806875,837704.4275894398,843619.277882351,771271.8775041712,771271.8775041712,771271.8775041712
2020-03-25,835254.5103371578,878221.3537635019,837704.4275894398,850788.7701587137,777826.5259264103,777826.5259264103,777826.5259264103
2020-03-26,838773.9775431495,881921.8680569532,837704.4275894398,854373.6932435241,781104.0119095072,781104.0119095072,781104.0119095072
2020-03-27,837600.9272004315,880688.4741066485,837704.4275894398,853178.8262346498,780011.614728144,780011.614728144,780011.614728144
2020-03-30,836344.5258096309,857252.724894521,837704.4275894398,830475.1283975514,759254.9486393112,759254.9486393112,759254.9486393112
2020-03-31,836344.5258096309,855966.8458071791,837704.4275894398,837644.5771480182,765809.5572683634,765809.5572683634,765809.5572683634
2020-04-01,836344.5258096309,859561.8886239177,837704.4275894398,842424.4108205377,770179.4802744092,770179.4802744092,770179.4802744092
2020-04-06,836344.5258096309,853465.6079057143,837704.4275894398,836449.6744342481,764717.1274440977,764717.1274440977,764717.1274440977
2020-04-07,851793.8053333197,870535.0014112068,837704.4275894398,853178.7476484515,780011.5428813688,780011.5428813688,780011.5428813688
2020-04-08,852986.8682745909,871754.3141636127,837704.4275894398,854373.7504058398,781104.0641696767,781104.0641696767,781104.0641696767
2020-04-09,900706.2920140825,920523.6622761462,837704.4275894398,902170.7617595835,824802.0825203565,824802.0825203565,824802.0825203565
2020-04-10,876846.5402271888,919142.876782732,814292.159896886,878272.216100662,802953.0367917618,802953.0367917618,802953.0367917618
2020-04-13,880425.5663124507,921512.2754870288,817615.857656519,881857.0613696763,801748.607236574,801748.607236574,806230.451632417
2020-04-14,879104.927962982,917766.2277364417,814292.1601585126,878272.216382845,801748.607236574,797293.4716319866,802953.0370497452
2020-04-15,879104.927962982,930252.8056187835,825370.9318211799,876954.8080582707,801748.607236574,808140.9693146691,813877.5353914554
2020-04-16,879104.927962982,924009.516629941,819831.5459475495,869764.5758312839,801748.607236574,802717.220431914,808415.2861788925
2020-04-17,895581.2278156726,942739.4153088314,836449.7317053757,887394.9163057234,801748.607236574,818988.4946297441,824802.0615617059
2020-04-20,902698.4604950265,941325.3061858681,843097.0431721986,894447.0919227,801748.607236574,825497.0406967609,831356.8083610144
2020-04-21,892022.6738649872,928799.4989204251,833126.134241671,883868.8903159426,801748.607236574,815734.2786495378,821524.745620345
2020-04-22,861181.4400728871,896686.7249613565,804321.2185850707,853309.5694752663,801748.607236574,787530.6776232837,793120.9421207184
2020-04-23,880160.6100583979,916448.3791086546,822047.2730727141,872115.2550320328,801748.607236574,804886.6933290468,810600.1590187318
2020-04-24,878840.3691433102,913978.17990141,819831.523044069,869764.5515328337,801748.607236574,802717.1980065532,808415.2635943459
2020-04-27,879895.8352311488,916448.4594210089,822047.3451122892,872115.3314592828,801748.607236574,804886.7638647658,810600.2300551466
2020-04-28,890568.5107840903,915073.7867318775,832018.3487836904,882693.633577244,801748.607236574,814649.618675107,820432.3862174106
2020-04-29,891754.1757723696,914919.6974547561,833126.0625797804,883868.8142893807,801748.607236574,815734.2084836191,821524.6749563556
2020-04-30,903612.5693941615,927086.1421987375,844204.8296380761,895622.349730683,801748.607236574,826581.7016580484,832449.1687578108
2020-05-04,877524.1670386137,900320.0290268621,819831.6015400417,869764.6348097178,801748.607236574,802717.2748638899,808415.3409972523
2020-05-05,876207.8807880558,908836.4529561665,827586.6589021471,877992.0251930713,801748.607236574,810310.4421685272,816062.4081877128
2020-05-06,867868.3339100956,901536.6342981346,820939.4425474971,870939.9504812125,801748.607236574,803801.989228177,809507.755176128
2020-05-07,872553.307225307,900184.3293466874,825371.0818082724,875641.5051614859,801748.607236574,808141.1161707185,813877.6832899584
2020-05-08,899491.1107294628,926585.2905271592,850852.2573830532,902674.6487079037,801748.607236574,833090.3615758645,839004.0302160853
2020-05-11,900662.2999663291,927791.7579467471,849575.9789969786,903849.9830945897,801748.607236574,834175.093212649,840096.4617900667
2020-05-12,917059.2476987822,944682.6092261028,863747.257217379,920304.963980694,815122.105142414,849361.6125147598,855390.7821748608
2020-05-13,915683.6588272341,937443.5903039413,857128.4387085001,913252.7487886803,808875.8968547098,842853.0299234183,848835.9985919609
2020-05-14,917842.3191447532,941063.0284634412,860437.7827700968,916778.7869230519,811998.9394757879,846107.257112028,852113.3258212876
2020-05-15,920195.800505949,939651.433920746,862644.07054086,915403.6187426674,814081.0229987482,848276.7993282129,854298.2684722383
2020-05-18,901368.418496225,919047.4148094368,844994.2079294831,895331.2887549006,797424.7696248065,830920.893832712,836819.1625668115
2020-05-19,887247.6568730684,904649.695521076,831756.5999344896,881305.1042971027,784932.3804383092,817903.7571894214,823709.6241429901
2020-05-20,881364.1350997775,898650.7772488571,826241.0507776288,875460.9888126858,779727.3323155046,812480.0690831717,818247.4361383528
2020-05-21,880042.0888971278,893851.4603770162,821828.4438833863,870785.5188741741,775563.1356818873,808140.953820263,813877.5197870627
2020-05-22,880042.0888971278,890252.0384461081,818519.0491399799,867278.9804472739,772440.0452321611,804886.6767939451,810600.1423662561
2020-05-25,880042.0888971278,888916.660388439,810797.2046650299,859097.1386068873,765152.9064639515,797293.4390498847,802953.0042363602
2020-05-26,880042.0888971278,890000.4382183481,813003.416927154,861434.776959172,767234.9187290752,799462.9070150211,805137.8721091935
2020-05-27,880042.0888971278,903284.1618650319,825137.9196200847,874292.143119211,778686.302565341,811395.3104909356,817154.9774175773
2020-05-28,880042.0888971278,914152.4800375192,835065.9819344943,884811.6292214651,788055.4588620308,821158.021684578,826986.9889436832
2020-05-29,880042.0888971278,897246.107140818,819622.2379287294,868447.8872050982,773481.1293691482,805971.4920575434,811692.6581606739
2020-06-01,880042.0888971278,917775.303378604,838375.3822771746,888318.1735811929,791178.5545958162,824412.3042169142,830264.3719095923
2020-06-02,880042.0888971278,916398.6404235361,843890.9715054559,894162.3315241213,796383.6405341973,829836.0317271979,835726.599597972
2020-06-03,880042.0888971278,932967.8504824473,860437.9095119057,911694.9858207275,811999.0590825933,846107.3817429618,852113.4513369106
2020-06-04,884356.8260259763,938948.3891651483,865953.514577222,917539.1605441179,817204.1599664544,851531.1248265159,857575.6947091072
2020-06-05,879850.6279074893,934164.0223348207,861541.0896563672,912863.8834193156,813040.1350619275,847192.1885062419,853205.958570671
2020-06-08,891116.1188105257,946124.9347462662,872572.1476567445,924552.0716733019,823450.1932636552,858039.5250768127,864130.2946566197
2020-06-09,893369.3415301486,948517.2494553949,871263.2894352593,926889.838535997,825532.3199862827,860209.112307283,866315.2826413884
2020-06-10,896749.0145329519,947094.4735812119,873249.4596484235,930396.3217095826,828655.3612247703,863463.3380552259,869592.6084198218
2020-06-11,895403.8910111524,949240.1849974206,876540.7116192196,933902.9585515691,831778.5393276686,866717.70641662,872870.0778240443
2020-06-12,895403.8910111524,918351.3629850248,848017.5723171277,903513.2187159893,804711.9868775184,838514.2133580453,844466.3830585026
2020-06-15,895403.8910111524,923103.2521808316,852405.5284983544,902157.9488879152,808875.8639623743,842852.995649428,848835.9640746774
2020-06-16,895213.6033978369,924291.4386283318,853502.7152912111,901966.2259295376,809917.020882794,843937.8867537542,849928.5562481765
2020-06-17,907870.7370115084,937359.6942851802,865570.112241022,914718.8326742048,821368.1738929708,855870.0497076439,861945.4193271967
2020-06-18,902117.6448399192,935953.6547437524,860085.0751826767,908922.3447592116,816163.2403946501,850446.4810407222,856483.3516097242
2020-06-19,904418.7912893234,936935.7074547537,862279.0037997068,911240.8488239425,818245.131989955,852615.8232672589,858668.0928514058
2020-06-22,905569.4744469912,938127.7615659348,863376.0729190564,912400.2116185013,819286.1772460828,853700.598016793,859760.5678441715
2020-06-23,904211.1202353208,948856.0592574199,873249.5207685474,922834.2926520677,828655.419223682,863463.3984904034,869592.6692839969
2020-06-24,904211.1202353208,966736.4906797719,889705.2076120538,940224.3647530706,844270.7659895392,879734.6737083764,885979.4456941944
2020-06-29,904211.1202353208,996537.15396136,917131.3010382768,969207.7640281402,870296.2952400709,906853.4150004182,913290.6886131158
2020-06-30,904211.1202353208,995042.3482304179,943460.5681434881,997032.0570935413,895281.0096338667,932887.62162033,939509.6983208584
2020-07-01,904211.1202353208,999328.6431785871,948945.9537965914,1002828.913397167,900486.2739253093,938311.5349754619,944972.1131733006
2020-07-02,904211.1202353208,991241.4928887051,941266.5296174558,994713.4368789656,893199.0137422662,930718.1707164928,937324.8476304334
2020-07-03,906013.6070266544,994707.2953417298,944557.5983133306,998191.3787269657,896322.017929516,933972.3578568469,940602.1345272233
2020-07-06,901804.4532243719,990086.088814726,940169.3770155698,993553.9858615729,892157.8892667921,929633.3134199743,936232.2895047258
2020-07-07,916536.4353415908,1006260.2499677057,955528.0929764725,1009784.7989828322,906732.283996626,944819.9110242628,951526.6887475237
2020-07-08,915484.170742094,1004750.8595927542,954431.0625177879,1008625.4770441647,905691.275426885,943735.1745021407,950434.2522535262
2020-07-09,918641.013174455,1006705.4600487639,957722.2045967135,1012103.4964420451,908814.3492497444,946989.4342031742,953711.6122260654
2020-07-10,917263.0516546933,994020.622098683,956285.6212898184,999350.6413612196,897362.9732470925,945568.9500518694,941694.5151382915
2020-07-13,907389.2312586437,984795.5304904523,956285.6212898184,990076.0840629645,889034.9210417359,935390.4325938174,932955.0403467347
2020-07-14,922264.436829314,1000939.6894207969,956285.6212898184,1006306.8092839506,903609.2368418657,950724.6733962687,948249.3567605416
2020-07-15,920139.3077459885,998633.2727796482,956285.6212898184,1003988.025449555,901527.0940284922,948533.9647741131,946064.3518901115
2020-07-16,924389.496814537,997135.3228704787,956285.6212898184,1002482.0434113807,905691.3119548259,952915.3107880178,950434.2905860211
2020-07-17,938202.1010240199,1010519.1461108403,969121.1486541467,1015937.6317983515,919224.520273515,967154.1593236498,964636.0667076935
2020-07-20,936794.7978724838,1007085.8967908819,965828.5494615638,1012485.9731168551,916101.4453953553,963868.2429977966,961358.7056277202
2020-07-21,936794.7978724838,984197.637442871,943877.9547841569,989474.9850643297,895281.009384771,941962.2006300659,939509.6980594568
2020-07-22,927778.2367525328,976186.915728645,936195.4087788506,981421.3092100242,887994.010565259,934295.2476040734,931862.7067920066
2020-07-23,929729.8188759856,978240.3255397578,938164.6964291263,983485.729571224,889861.9065430934,936260.5382640841,933822.8806008396
2020-07-24,932016.7976767874,976772.9650514482,940472.4236083922,985904.9388605847,892050.8169927609,938563.5815348979,936119.9276442697
2020-07-27,910288.9246843199,952572.843529919,918547.4267370724,962920.7851976828,871254.6608475504,916683.0850183344,914296.39941573
2020-07-28,889704.4644664244,931032.2125603736,897776.2161343765,941146.1551232146,851552.8865871507,895954.0329731045,893621.3177457373
2020-07-29,888369.9077697248,940605.8477787871,907007.8859789692,950823.7901768759,860309.2503255791,905166.9656390563,902810.2635244966
2020-07-30,888369.9077697248,941802.529093714,908161.8224468378,952033.471220407,861403.7746764052,906318.5600047805,903958.8595871675
2020-07-31,888369.9077697248,939409.0722254544,905853.8586388427,949614.0138712128,859214.6397811869,904015.2805855143,901661.5770101235
2020-08-03,888369.9077697248,937999.9586171162,904699.9042977461,948404.3140910304,858120.0984773622,902863.6683828386,900512.9631569417
2020-08-04,888369.9077697248,928232.6238805942,896622.239919637,939936.4324127133,850458.3245358798,894802.3989411821,892472.6821201434
2020-08-05,888369.9077697248,935400.5465218112,903546.0634190418,947194.7332544023,857025.6647941514,901712.1694122647,899364.4622410493
2020-08-06,888369.9077697248,947346.8800243336,915085.5719735661,959291.694515934,855740.1262969602,913228.2566533264,910850.5660777417
2020-08-07,888369.9077697248,950930.6150966625,918547.2651797333,962920.6158358019,855740.1262969602,916682.9237889023,914296.2386060766
2020-08-10,888369.9077697248,946152.0462254821,913931.4274956667,958081.7954137849,855740.1262969602,912076.4546997616,909701.762967708
2020-08-11,907199.4181878923,944732.8181561439,934702.6830988394,979856.4726626213,855740.1262969602,932805.5516541325,930376.8894299159
2020-08-12,906079.4917411077,942153.3272011192,933548.8042121291,978646.8519818895,855740.1262969602,931654.0147526962,929228.3506819182
2020-08-13,918399.404258591,954963.7336554903,946242.2154453908,991953.4588655295,855740.1262969602,944321.6626389314,941863.0169485261
2020-08-14,893759.664890021,929343.0098237895,944822.8521222227,990465.5286772312,855740.1262969602,918986.4549508322,916593.7722703442
2020-08-17,903839.4378663438,939824.0898323723,954047.4417891265,1000135.7415226741,855740.1262969602,929350.7342958393,926931.0670699852
2020-08-18,902483.6787095442,937494.8917558179,951682.9934946024,997657.0710239605,855740.1262969602,927047.4926933047,924633.8222112128
2020-08-19,905609.6393923658,936088.6494181842,956411.836419616,1002614.3557649411,855740.1262969602,931653.9236234998,929228.2597899869
2020-08-20,891057.2018485297,919666.9376508702,941043.0473627541,986503.1284124887,855740.1262969602,916682.9748324759,914296.2895167526
2020-08-21,875385.2410496759,903491.787318247,924491.9328914185,969152.4596514328,855740.1262969602,900560.3065944009,898215.5984251834
2020-08-24,875385.2488855756,903491.795405739,924491.9411668904,969152.4683266778,855740.1262969602,900560.3146556519,898215.6064654463
2020-08-25,874265.8739156768,902336.4799573994,923309.772355921,967913.1910868094,855740.1262969602,899408.7477582282,897067.0377995591
2020-08-26,872954.4751048033,904647.218222776,925674.2198421621,970391.8607381933,855740.1262969602,901711.9885734033,899364.2818730219
2020-08-27,872954.4751048033,903290.2473954418,924492.1551166889,969152.6926120026,855740.1262969602,900560.5230670931,898215.8143342652
2020-08-28,862729.9503676291,892710.413345981,915034.4886081642,959238.1434058971,855740.1262969602,891347.6800475264,889026.9579684867
2020-08-31,867188.4756429764,897323.8754609484,919763.3199110946,964195.4159633525,855740.1262969602,895954.0996564905,893621.3842555056
2020-09-01,857156.5690091922,886943.3531273055,909123.2110885158,953041.3028018564,855740.1262969602,885589.4233163836,883283.6934943856
2020-09-02,860500.5234121844,890403.5122605701,912669.898676871,956759.324428199,855740.1262969602,889044.3004746668,886729.5754986104
2020-09-03,878334.7653080587,908857.5064076306,931585.3732189935,976588.5712023028,855740.1262969602,907470.1243753207,905107.4257327502
2020-09-04,877017.2631600966,907494.2201480191,910305.5636905163,954280.7727113669,855740.1262969602,886741.1692471782,884432.4407275106
2020-09-07,877017.2631600966,903781.4200530464,907941.1335342309,951802.1212271173,855740.1262969602,884437.9453133513,882135.2134914434
2020-09-08,877017.2631600966,914372.6195513287,918581.0797254164,962956.0639007927,855740.1262969602,894802.4632319813,892472.7462435545
2020-09-09,877017.2631600966,909665.4600124938,913852.2551749345,957998.7984219842,855740.1262969602,890196.05020067,887878.3265170627
2020-09-10,877017.2631600966,917902.949926957,922127.658678998,966673.9716444132,855740.1262969602,898257.2345676376,895918.5227006732
2020-09-11,877017.2631600966,923786.9431957195,928038.7334141198,972870.5996677749,855740.1262969602,904015.293763584,901661.5901538827
2020-09-14,877017.2631600966,922401.262780926,926646.6753139986,971411.2937682732,855740.1262969602,907470.2712262505,905107.5722013373
2020-09-15,877017.2631600966,928032.4933956021,926646.6753139986,977341.729076241,855740.1262969602,914379.8641313551,911999.1752185777
2020-09-16,877017.2631600966,928032.3969889466,926646.6753139986,977341.6275472018,854458.3498754281,914379.7691429735,911999.0804775088
2020-09-17,877017.2631600966,918681.994082259,926646.6753139986,967494.4088243484,845849.2432707006,905166.9234719052,902810.2214671322
2020-09-18,877017.2631600966,910500.2380417509,926646.6753139986,958877.9307889165,838316.1336636022,897105.5322707172,894769.818987817
2020-09-21,877017.2631600966,906993.9237511737,926646.6753139986,955185.3151791992,835087.7986048349,893650.8006665588,891324.0821587506
2020-09-22,877017.2631600966,905633.4328655469,926646.6753139986,951492.5362880046,831859.3207943238,890195.916299768,887878.1929647864
2020-09-23,877017.2631600966,900767.5179170946,926646.6753139986,947799.7934199112,828630.8744776514,886741.0656354147,884432.3373855116
2020-09-24,877017.2631600966,890239.1451234216,926646.6753139986,936721.696840712,818945.6509529161,876376.637162176,874094.8938459109
2020-09-25,877017.2631600966,882050.3803461625,926646.6753139986,928105.367532793,811412.6713734986,868315.3851072446,866054.6301505696
2020-09-28,877017.2631600966,876201.2512951893,926646.6753139986,921950.8346528573,806031.9612301666,862557.336749004,860311.5735068487
2020-09-29,877017.2631600966,904276.9883203998,926646.6753139986,951492.5057536745,831859.2940991411,890195.8877325067,887878.1644719032
2020-09-30,877017.2631600966,902920.5728379192,926646.6753139986,960108.969703448,839392.3913916014,898257.2657554562,895918.5538072909
2020-10-05,877017.2631600966,903879.8273443076,926646.6753139986,962570.674107277,841544.5803739285,900560.3833563307,898215.6749872551
2020-10-06,877017.2631600966,902724.0239200186,926646.6753139986,961339.8218992769,840468.4858774446,899408.8245501999,897067.1143915944
2020-10-07,877017.2631600966,894633.0979863846,926646.6753139986,952723.5348725244,832935.543263091,898059.7113133746,889026.8901506095
2020-10-08,877017.2631600966,899256.5882744087,926646.6753139986,957647.2382550279,837240.1787650582,901348.8871096693,893621.4073908674
2020-10-12,877017.2631600966,906191.4949102441,926646.6753139986,965032.4431831432,843696.8258969377,908299.9291814481,900512.8565154506
2020-10-13,877017.2631600966,904832.2076678787,926646.6753139986,972417.9876074499,850153.7698394181,915251.2907910505,907404.6224383834
2020-10-14,865727.4271125229,893184.3100674072,926646.6753139986,961339.9089034367,840468.5619423832,904824.472321475,897067.1955788799
2020-10-15,861293.4266997678,888609.6836024536,926646.6753139986,956416.2095733915,836163.92998335,900190.2283803704,892472.6821201434
2020-10-16,869052.909365013,896615.2612863592,926646.6753139986,954981.5852590314,843697.0183814235,908300.1364047532,900513.0619621808
2020-10-19,886788.5528740962,914913.3976456256,926646.6753139986,973011.3453280566,860915.1985249347,926836.737853216,918890.7446902713
2020-10-20,903415.9039504485,932068.0916454613,942607.4579526089,991255.3801519257,877057.4222900559,944214.995365449,936120.0142419105
2020-10-21,902060.7800945229,930669.9895079931,942607.6150074217,991255.5453123292,877057.5684230916,944215.1526881055,936120.1702158023
2020-10-22,902060.7800945229,921294.453330693,934511.4873473649,982741.5769220733,869524.4550404712,936105.2177660726,928079.7637067147
2020-10-23,902060.7800945229,925855.2668944403,939137.7310543177,987606.5808276985,873828.9842973461,940739.3511409641,932674.1675471487
2020-10-26,902060.7800945229,924715.0357550501,937981.1419810426,986390.300252114,872752.8257939339,939580.7896027027,931525.5386342203
2020-10-27,902060.7800945229,911032.400027606,924102.2130259626,971795.0804908025,859839.0539467125,925678.1913064169,917742.1306402797
2020-10-28,895073.2179006858,905331.3046952075,918319.3288901383,965713.7420035367,854458.3184021576,919885.444950085,911999.046884773
2020-10-29,874782.0053522765,903973.3077381647,897501.1295326306,943821.1164528884,835087.8412102255,899031.7419117473,891324.1276332632
2020-10-30,874782.0274529548,902619.401474127,897501.1522072897,943821.1402977855,835087.8623080619,899031.7646250761,891324.1501518652
2020-11-02,873654.5724711848,901456.0685421539,896344.4158850465,942604.7048737212,834011.5667955488,897873.0555867259,890175.3750034015
2020-11-03,884927.5346966194,913087.7597491493,907910.1502835632,954767.3462269305,844773.0063671041,909458.5143684901,901661.5088744131
2020-11-04,883600.1433945744,911924.6419669961,906753.6278911456,953551.1357735991,843696.9099074838,908300.019624805,900512.946183415
2020-11-05,883600.1433945744,918903.7214234979,913693.1328954994,960848.7882726553,850153.8335396259,915251.3593688767,907404.6904282755
2020-11-06,883600.1433945744,917525.3658413626,920632.4504937553,968146.2436935947,856610.5827981113,922202.5113872453,914296.2485568501
2020-11-09,883600.1433945744,928811.54670112,933354.7858663143,981525.1781373536,868448.1919462527,934946.5436283337,926931.0231596511
2020-11-10,883600.1433945744,933415.3964559104,937981.1551414432,986390.3140917221,872752.8380391448,939580.8027855473,931525.5517040452
2020-11-11,883600.1433945744,929962.5259598059,934511.395087359,982741.4799005331,869524.369196335,936105.125348725,928079.6720816832
2020-11-12,892104.1115029142,940321.0651933773,944920.6026414388,993687.9061186232,879209.7081658494,946532.0849271921,938417.238840318
2020-11-13,894287.9838746419,942622.9727491778,947233.7698726809,996120.4557911457,881362.0150164292,948849.1970697915,940714.4858259908
2020-11-16,895379.8769016274,941209.0382900541,948390.307774228,994626.2751074589,882438.1259066559,950007.7073490558,941863.0639193777
2020-11-17,907391.1246238828,952406.4605315889,946967.7223125667,1006459.1941741275,894275.7639899519,962751.770740906,954497.8694058775
2020-11-18,905207.225262408,950114.2187357683,946967.7223125667,1004036.8588306797,892123.4305397328,960434.6299618938,952200.5940292988
2020-11-19,903849.4144245144,947821.9881227334,946967.7223125667,1001614.5353046835,889971.107589751,958117.5004871377,949903.329860062
2020-11-20,903849.4144245144,954698.6740804476,946967.7223125667,1008881.4996674898,896428.0709172797,965068.88296613,956795.1164734665
2020-11-23,903849.4144245144,950114.2341131163,946967.7223125667,1004036.8750807513,892123.444978515,960434.6455062749,952200.6094404141
2020-11-24,903849.4144245144,948689.0627619466,946967.7223125667,1006459.2421657274,894275.8066322418,962751.8166483786,954497.9149197743
2020-11-25,903849.4144245144,939288.8003080799,946967.7223125667,997981.2829481281,886742.8301337603,954642.0290919038,946457.6545128446
2020-11-26,904686.1177872476,941568.5477662944,947844.3407680461,1000403.4829066504,888895.0432895272,956959.040365341,948754.8014941306
2020-11-27,909067.1101116993,946128.1452881384,952434.3291629562,1005247.9918405208,893199.5664664932,961593.1671947759,953349.1988452238
2020-11-30,905781.2016967062,942708.2762821174,948991.6658632794,1001614.4285988171,889971.0127776904,958117.3984151785,949903.2286631902
2020-12-01,903590.8084458287,940428.5846280549,946696.7794865781,999192.2879314299,887818.8523042634,955800.443858045,947606.1379119655
2020-12-02,909067.0702108013,939017.9417511128,952434.2873585783,1005247.9477180383,893199.5272620555,961593.124988397,953349.1570006902
2020-12-03,907703.4696054851,929704.1496600879,944401.9043405267,996770.1591174462,885666.7023630183,953483.5006395583,945309.0584021786
2020-12-04,914052.6903748603,937611.5720789864,952434.3357258906,1005247.9987673779,893199.5726212588,961593.173820821,953349.2054144623
2020-12-07,917356.4281890184,941000.4607484123,955876.7995614816,1008881.3514844653,896427.9392512487,965068.741218238,956794.975940813
2020-12-08,973521.1879904568,998612.8164554654,1014399.9528282251,1070649.6860522372,951311.3611581924,1024154.667230009,1015374.3441685203
2020-12-09,974622.4685616732,999742.4815377428,1015547.476860854,1071860.8417131244,952387.5172112348,1025313.226130272,1016522.9704660665
2020-12-10,973521.2536541348,998242.8678154362,1014400.0212491621,1070649.7582671999,951311.425323825,1024154.7363088982,1015374.4126551796
2020-12-11,972060.9717736536,997875.204364712,1015547.4465576413,1071860.809729561,952387.4887926702,1025313.1955356563,1016522.9401337458
2020-12-14,968411.7051937854,995620.2207212235,1013252.5274423477,1069438.6345081863,950958.9075594812,1022996.2079251085,1014225.8166124816
2020-12-15,968411.6081093891,995620.120909142,1013252.4258626071,1067834.476556424,949534.5104590596,1022996.1053685526,1014225.7149351676
2020-12-16,965121.4112908156,992237.4826519259,1009809.8815146582,1062612.569800599,946308.448938032,1019520.4566845516,1010779.8638191221
2020-12-17,968411.6862137511,995620.2012079257,1013252.507583472,1066235.2098646453,949534.5870409453,1022996.187875265,1014225.7967345302
2020-12-18,966218.1970694176,994126.7709061138,1010957.4522805535,1063820.1467345334,947383.8552411394,1020679.0627674792,1011928.5368948248
2020-12-21,964768.8697738134,992637.712733928,1010957.3489573167,1063820.038008552,947383.7584153371,1020678.9584506613,1011928.4334723399
2020-12-22,962230.5552746446,991511.1142019468,1009809.9584737393,1062612.6507838499,946308.5210575765,1019520.5343836898,1010779.9408521269
2020-12-23,967697.7131016548,997144.6369776078,1015547.4507909385,1068650.1550378639,951685.2137943704,1025313.1998096618,1016522.9443711092
2020-12-24,978632.0627697558,1008411.7175780551,1014024.129614752,1080725.2011083995,962438.6327192077,1036898.5667008416,1028008.9871393365
2020-12-25,993940.358404,1024185.8427891487,1028343.53193323,1097630.4932067615,977493.6219025631,1053118.298718262,1044089.6635124868
2020-12-28,1010342.0142079502,1022649.5640249649,1045312.896861796,1115743.207312068,993623.8794189661,1070496.488174372,1061318.8655914643
2020-12-29,1008826.5011866383,1014487.345579739,1038525.2470226649,1108498.2242793706,987171.867791115,1063545.3108402344,1054427.282364159
2020-12-30,1008826.5011866383,1005646.4460785238,1029474.865686311,1098838.0531191982,978569.0130471945,1054276.8884699643,1045238.3203969757
2020-12-31,1012850.2998313404,1011172.0471178263,1035131.3937931362,1104875.7025456114,983945.8350671079,1060069.6931811613,1050981.4620070574
2021-01-04,1033881.9909189343,1032168.8895287268,1056625.7485985334,1127818.287910889,1004377.32909293,1058479.5886413895,1072804.9412037372
2021-01-05,1118009.522429125,1116157.025060991,1142603.9518562318,1219589.4662343077,1086104.0504630208,1142894.2984089686,1160099.6540318306
2021-01-06,1189960.6947969464,1114482.7895233997,1216137.935457318,1298077.9675776106,1156001.8985372153,1216446.967696038,1234759.599673202
2021-01-07,1195495.3083544956,1117989.3645500145,1221794.3017010624,1304115.4442350534,1161378.5666979132,1222104.7712763478,1240502.576941734
2021-01-08,1193702.0653919638,1128341.1775733521,1233107.2770881578,1316190.656815454,1172132.1339079265,1233420.6213982974,1251988.7780977155
2021-01-11,1193702.0653919638,1117989.3942377812,1221794.3341453283,1304115.478865325,1161378.597537863,1222104.8037288582,1240502.6098827908
2021-01-12,1193702.0653919638,1102461.7552910286,1204824.9591355314,1286002.7539995422,1145248.3304387298,1205131.1166391599,1223273.3975682172
2021-01-13,1193702.0653919638,1086933.9778722855,1187855.4327966662,1267889.8676085542,1129117.9194935034,1188157.2781819387,1206044.0316074046
2021-01-14,1193702.0653919638,1085303.576905477,1233107.149314856,1265988.0328071413,1172132.012452806,1233420.4935925272,1251988.648367932
2021-01-15,1193702.0653919638,1173156.0355019658,1334923.3026691545,1368466.4209766167,1268913.5231250024,1335262.5194016614,1355363.8240701384
2021-01-18,1193702.0653919638,1148301.139636794,1306641.148657445,1339473.6106776826,1242029.875490112,1306973.1786250996,1326648.6099918422
2021-01-19,1193702.0653919638,1143330.1007402304,1300984.6498962569,1333674.978951422,1236653.0813647413,1301315.2424936718,1320905.4981767416
2021-01-20,1193702.0653919638,1158243.1696429814,1317954.0918035088,1351070.818387557,1252783.41205336,1318288.9964978246,1338134.778413113
2021-01-21,1193702.0653919638,1158243.1209526744,1317954.0363992632,1351070.761591148,1252783.3593887638,1318288.9410795004,1338134.7221605103
2021-01-22,1193702.0653919638,1156505.7562712454,1329266.9144511754,1362667.902571226,1263536.83407666,1329604.6938415328,1349620.8244908995
2021-01-25,1193702.0653919638,1198998.9584447485,1327273.0140794986,1414855.1731021826,1311927.5963903267,1380525.714088512,1401308.4197949488
2021-01-26,1193702.0653919638,1203912.8319335147,1327273.0140794986,1420653.6930062938,1317304.2868283612,1386183.5411109964,1407051.4208585585
2021-01-27,1193702.0653919638,1218654.6790749903,1327273.0140794986,1438049.5202022186,1333434.6061672175,1403157.2831719301,1424280.6889719153
2021-01-28,1193702.0653919638,1179343.2656181299,1327273.0140794986,1391660.8588112663,1290420.617035765,1357894.1770181463,1378336.183112966
2021-01-29,1193702.0653919638,1169515.3856390803,1327273.0140794986,1380063.6620572153,1279667.0906313285,1346578.369835417,1366850.0255426203
2021-02-01,1193702.0653919638,1167761.1125606217,1327273.0140794986,1287286.371021268,1193639.1418049326,1256052.1885035355,1274961.0452667219
2021-02-02,1193702.0653919638,1208030.3577631903,1327273.0140794986,1333674.8587529664,1236652.9699104568,1301315.1252116617,1320905.379129145
2021-02-03,1193702.0653919638,1239544.1931830994,1327273.0140794986,1368466.3768073914,1268913.4821689904,1335262.4763041397,1355363.7803238183
2021-02-04,1193702.0653919638,1202778.2005442462,1327273.0140794986,1327876.4365592613,1231276.3700746133,1295657.3935287786,1315162.474840398
2021-02-05,1193702.0653919638,1208030.4767971486,1327273.0140794986,1333674.990167377,1236653.0917647607,1301315.2534374876,1320905.509285308
2021-02-17,1193702.0653919638,1208030.5070968412,1327273.0140794986,1333675.023618472,1236653.1227823626,1301315.2860769392,1320905.5424161202
2021-02-18,1193702.0653919638,1206218.461336196,1327273.0140794986,1316279.3073055309,1220522.9062599987,1284341.6522085702,1303676.3841240804
2021-02-19,1193702.0653919638,1188494.529247591,1327273.0140794986,1298883.5704706518,1204392.6707086223,1267367.998316199,1286447.2055065932
2021-02-22,1193702.0653919638,1183188.7084762037,1319368.5887574474,1293084.9376135196,1199015.8755346485,1261710.0610813387,1280704.092571449
2021-02-23,1193702.0653919638,1161965.5227299095,1295702.7065305226,1291145.3102070994,1177508.793480088,1239078.415940993,1257731.7461925792
2021-02-24,1193702.0653919638,1188494.354252614,1325284.891313685,1318645.4768725412,1204392.493372789,1267367.8117078233,1286447.0160889782
2021-02-25,1223840.4308594146,1220328.9882622845,1360783.5534003454,1353966.2977031483,1236652.9699104568,1301315.1252116617,1320905.379129145
2021-02-26,1218519.4122497304,1218498.494779891,1354867.1329023638,1348079.517298366,1231276.2448892104,1295657.261797677,1315162.3411261905
2021-03-02,1218519.4122497304,1216673.4845530614,1354867.1329023638,1348079.517298366,1231276.2448892104,1295657.261797677,1315162.3411261905
2021-03-03,1202556.2882674006,1200734.543010821,1337117.795629047,1330419.1006842868,1215146.000958689,1278683.5990880316,1297933.153558692
2021-03-04,1229161.6587172488,1227299.6091456949,1366700.206560555,1359853.309604567,1242029.9063704985,1306973.211120161,1326648.6429760905
2021-03-05,1227317.9162291728,1206047.5974834294,1343034.3237457925,1336305.9881686843,1220522.823781723,1284341.5654176672,1303676.29602661
2021-03-08,1227317.9162291728,1232612.5329041695,1372616.5891162392,1365740.0522571353,1247406.5969105412,1312631.0382499876,1332391.6441486585
2021-03-09,1227317.9162291728,1230763.6141048132,1337117.8729803928,1330419.1776481175,1215146.0712540501,1278683.6730589992,1297933.2286432332
2021-03-10,1227317.9162291728,1261546.3616707204,1372616.4981678713,1365739.9617644006,1247406.5142584771,1312630.9512762094,1332391.55586556
2021-03-11,1230762.028036487,1266984.1554723764,1378533.050830988,1371626.8736721969,1252783.3593887638,1318288.9410795004,1338134.7221605103
2021-03-12,1241326.4887097701,1277859.5350983748,1390365.9298689922,1383400.4723332194,1263536.844003105,1329604.7042870123,1349620.8350936272
2021-03-15,1267737.750600826,1305048.0976147081,1419948.2509039196,1412834.591807283,1290420.6677186938,1357894.2303511861,1378336.2372488917
2021-03-16,1283584.3918077457,1321361.1157849664,1437697.5136783407,1430494.9342956913,1306550.8439461042,1374867.8218176574,1395565.3525007071
2021-03-17,1304713.3337041812,1319379.0741112889,1461363.294771532,1454042.1545196078,1328057.8340923435,1397499.3702439761,1418537.600709598
2021-03-18,1302756.263703625,1365405.6188358148,1514611.4740892667,1507023.571020499,1376448.7181025562,1448420.5185507743,1470225.3260013044
2021-03-19,1290642.4600025779,1354738.3280110655,1502778.5060263493,1495249.8837805605,1365695.1525841483,1437104.670208881,1458739.1266521765
2021-03-22,1260154.9256233727,1322736.7221209402,1467279.8975529247,1459929.1162945973,1363646.609855272,1403157.4079752937,1424280.8156540932
2021-03-23,1351617.7135452838,1418741.7337523666,1465078.9777065953,1565891.6328309046,1363646.609855272,1504999.4004296875,1527655.9574994305
2021-03-24,1321129.9487349864,1386739.8859874834,1465078.9777065953,1530570.5983832737,1363646.609855272,1471051.8816156692,1493197.386058304
2021-03-25,1290642.4402887665,1384659.776158502,1465078.9777065953,1528274.7424856988,1363646.609855272,1437104.6482579445,1458739.1043707863
2021-03-26,1288706.4766283333,1388029.1488767557,1465078.9777065953,1531993.5818078124,1363646.609855272,1442762.5405739208,1464482.171710829
2021-03-29,1288706.4766283333,1393472.4213063933,1468621.475273057,1538001.4228052327,1363646.609855272,1448420.4545780863,1470225.261065559
2021-03-30,1288706.4766283333,1409802.238510604,1485831.9488114594,1556024.9457040066,1363646.609855272,1465394.1965025414,1487454.5290403822
2021-03-31,1288706.4766283333,1360812.9432242068,1434200.6929530583,1501954.5495478578,1363646.609855272,1414473.1332197383,1435766.8900526392
2021-04-01,1288706.4766283333,1355369.639070555,1428463.8349756312,1495946.673536053,1363646.609855272,1408815.1862406028,1430023.7672265274
2021-04-07,1281608.5557798217,1353336.5846119493,1422727.054598636,1489938.8787906442,1363646.609855272,1403157.315794498,1424280.7220855898
2021-04-08,1271272.94355668,1340411.899372455,1411253.383430175,1477923.1736692062,1363646.609855272,1391841.466006579,1412794.5212686674
2021-04-09,1271272.9930851443,1340411.9515945548,1411253.438412241,1477923.2312487098,1363646.609855272,1391841.5202323617,1412794.5763107757
2021-04-12,1240266.2659457815,1307718.9046538107,1376832.5464973245,1441876.243218984,1363646.609855272,1357894.090786584,1378336.0955832566
2021-04-13,1255769.6149767207,1324065.4127947423,1394042.9763151729,1459899.720331777,1363646.609855272,1374867.789591865,1395565.3197897815
2021-04-14,1253885.9605542556,1340411.941064173,1411253.4273253223,1477923.2196380282,1363646.609855272,1372805.4879074772,1412794.5652117499
2021-04-15,1253885.9605542556,1338401.3231525766,1388306.2937418283,1453892.0280104144,1363646.609855272,1348460.8307371712,1389822.3725592992
2021-04-16,1262355.071768205,1347441.2757569312,1399779.8440405934,1465907.6065520854,1363646.609855272,1359605.0812798073,1401308.4523745317
2021-04-19,1277875.8109317115,1364008.1554303912,1416990.2298754253,1483931.0376040365,1363646.609855272,1376321.5157473013,1418537.632550009
2021-04-20,1257181.397003609,1341918.8810828293,1394042.9433721001,1459899.6858324225,1363646.609855272,1354032.834091874,1395565.2868107336
2021-04-21,1252007.8893722054,1336396.6648071562,1388306.2280315538,1453891.959195885,1363646.609855272,1348460.7669128324,1389822.306777267
2021-04-22,1262355.0107378121,1347441.2106129222,1399779.7763661998,1465907.535680649,1363646.609855272,1359605.0155477212,1401308.3846262353
2021-04-23,1260461.4782217054,1345420.0487970028,1342411.7426642815,1405829.3474322548,1363646.609855272,1303883.4887260378,1343877.7030337993
2021-04-26,1260461.4782217054,1372110.1854785637,1371095.764555417,1435868.446834734,1363646.609855272,1331744.2570323988,1372593.0488756977
2021-04-27,1260461.4782217054,1360628.1581014981,1359622.226007408,1423852.880598943,1363646.609855272,1320600.0179032632,1361106.9808240535
2021-04-28,1260461.4782217054,1354887.122214307,1353885.434551157,1421717.1012780445,1363646.609855272,1315027.8767930965,1355363.9245917615
2021-04-29,1260461.4782217054,1354887.0555122206,1351854.6063993303,1419587.6498111521,1363646.609855272,1315027.8120533098,1355363.8578662015
2021-05-03,1260461.4782217054,1320440.761884379,1315512.1407523484,1383496.4252202096,1363646.609855272,1281594.8893912497,1320905.4421401962
2021-05-04,1260461.4782217054,1318460.1007415524,1281194.498355744,1347405.283141859,1363646.609855272,1248162.0431643105,1286447.1051938178
2021-05-05,1260461.4782217054,1292976.8061351292,1258316.1232900291,1323344.577704233,1363646.609855272,1225873.5308401084,1263474.9339796898
2021-05-06,1260461.4782217054,1316485.3052519015,1281194.4327327218,1347405.2141275085,1363646.609855272,1248161.979233217,1286447.0393017563
2021-05-07,1260461.4782217054,1345871.1403880196,1309792.5251135498,1377481.225858092,1363646.609855272,1276022.7400017546,1315162.3773746225
2021-05-10,1260461.4782217054,1363502.7875662753,1326951.5227222366,1395526.982424355,1363646.609855272,1292739.3349773001,1332391.722981439
2021-05-11,1260461.4782217054,1287099.5501114128,1252596.4182030896,1317329.2842713885,1363646.609855272,1220301.2943086734,1257731.779399258
2021-05-12,1260461.4782217054,1285168.9007862457,1189680.6174160049,1251162.0610414927,1363646.609855272,1159007.623005441,1194558.0380997364
2021-05-13,1204116.172219924,1227719.1205034424,1138204.1153197864,1197025.3074329481,1363646.609855272,1108858.3161563822,1142870.4940210104
2021-05-14,1270675.2285955588,1295582.8599334853,1201119.798728374,1263192.4072183496,1363646.609855272,1170151.873107434,1206044.1174608099
2021-05-17,1210166.8045807518,1233888.3566717685,1143923.5424085238,1203040.3085009356,1363646.609855272,1114430.2818571166,1148613.3694635103
2021-05-18,1228319.443216065,1252396.8212654097,1161082.5246357408,1221086.0488908307,1363646.609855272,1131146.8618477657,1165842.6996257964
2021-05-19,1288827.8843403123,1314091.3419719443,1218278.7971284788,1281238.16461693,1363646.609855272,1186868.4688539924,1223273.4638622885
2021-05-20,1286894.6425138018,1312120.2049589865,1201119.896537216,1263192.5100818495,1363646.609855272,1170151.9683945149,1206044.2156706455
2021-05-21,1286894.6425138018,1347587.8636647551,1235437.5088093078,1299283.620478884,1363646.609855272,1203584.7852736278,1240502.5223690078
2021-05-24,1286894.6425138018,1353826.6963669069,1241157.126905647,1305298.8224255457,1363646.609855272,1209156.937057302,1246245.5896021975
2021-05-25,1286894.6425138018,1385020.8016673343,1269755.1640214538,1335374.7760350695,1392977.513750598,1237017.6439856912,1274960.8721834684
2021-05-26,1313907.9725762955,1416215.0483002097,1298353.3307075927,1365450.8659109846,1424350.9660956282,1264878.4771437598,1303676.2848662806
2021-05-27,1273390.9642383652,1372543.1944733618,1258315.9811946652,1323344.42826553,1380428.2247971813,1225873.3924083246,1263474.791301767
2021-05-28,1279179.204436461,1370484.3796816517,1264035.6975652094,1321359.4116231317,1386703.006357404,1231445.6399324446,1269217.9572120637
2021-05-31,1296543.5720341902,1387007.668548006,1262139.6440188615,1337290.4237369632,1405526.9683697273,1248162.0426805867,1286447.1046952566
2021-06-01,1325484.3429680527,1417967.7319695386,1288379.8985265137,1367140.7246911365,1436900.4099650108,1276022.8662924662,1315162.507539068
2021-06-02,1323496.1164536006,1424159.550594359,1294005.8478846562,1373110.597778541,1443174.9016335027,1281594.8563815723,1320905.408118008
2021-06-03,1323496.1164536006,1399391.7260220677,1271501.5506501568,1349230.5750732622,1418076.3775419604,1259306.401016889,1297933.2956105266
2021-06-04,1323496.1164536006,1362239.5701337347,1237744.724063584,1313410.137005561,1380428.166779872,1225873.3408867212,1263474.7381998338
2021-06-07,1351548.2616928008,1360196.2107785342,1265875.2957373331,1343260.3777521057,1411801.545095374,1253734.1083037194,1292190.08312509
2021-06-08,1333527.6182035634,1340050.1860224532,1248996.9584608355,1325350.2393820777,1392977.5244941025,1237017.6535263367,1274960.8820167554
2021-06-09,1321513.9012263024,1327977.707394761,1237744.7760841239,1313410.1922062037,1380428.2247971813,1225873.3924083246,1263474.791301767
2021-06-10,1321513.855877405,1327977.6618240527,1237744.7336098368,1313410.1471353923,1380428.1774265878,1225873.3503414146,1263474.7479445322
2021-06-11,1339534.5916294134,1346086.5408357014,1254623.1573006832,1331320.377202423,1399252.294403791,1242589.8907043338,1280704.037263581
2021-06-15,1337525.2897419692,1370231.6719671674,1277127.6841157214,1355200.6435228847,1424351.0745412176,1264878.573447617,1303676.3841240804
2021-06-16,1337525.2897419692,1368176.3244592166,1260249.2487266664,1337290.401042514,1405526.9445172718,1248162.021498688,1286447.0828636424
2021-06-17,1317635.651605184,1347830.8908367536,1243371.005240416,1319380.3621962885,1386703.0285181017,1231445.6596119972,1269217.97749525
2021-06-18,1341484.1585476387,1372225.9156057152,1265875.3614441962,1343260.4474757395,1411801.618376724,1253734.1733803786,1292190.1501978552
2021-06-21,1317635.5741561148,1347830.8116128442,1243370.9321565353,1319380.2846446675,1386702.9470093339,1231445.5872290742,1269217.9028921148
2021-06-22,1305711.270317598,1335633.2477068454,1232118.7065261593,1307440.1915709602,1374153.5990725977,1220301.2832722499,1257731.7680243128
2021-06-23,1299749.0958372678,1329534.4426757598,1226492.572421488,1301470.122443161,1367878.9013605593,1214729.1102085449,1251988.6788583666
2021-06-24,1297799.472193512,1327540.1410117461,1254623.2315321844,1331320.4559718207,1399252.3771924737,1242589.9642238705,1280704.1130381937
2021-06-25,1297799.472193512,1355272.7059665124,1282753.7972616057,1361170.6904106508,1430625.7488784036,1270450.7257535537,1309419.4518955522
2021-06-28,1297799.472193512,1343384.2466155922,1271501.474161726,1349230.4939089653,1418076.2922361763,1259306.3252620695,1297933.217532068
2021-06-29,1297799.472193512,1337440.068533222,1265875.3614441962,1347206.648168102,1411801.618376724,1253734.1733803786,1292190.1501978552
2021-06-30,1290096.2531301489,1331495.8110685535,1263976.5484020298,1339210.1678513722,1405526.8607213243,1248161.9470846616,1286447.0061671033
2021-07-01,1295855.6114030513,1337439.988796538,1267717.7242638574,1345188.7846721371,1411801.5342066872,1253734.0986341466,1292190.0731589207
2021-07-02,1290096.330044252,1335433.828813343,1262083.4985111384,1339210.2476935922,1405526.9445172718,1248162.021498688,1286447.0828636424
2021-07-05,1295855.7208976946,1339386.5405369583,1267717.831380961,1345188.898335237,1411801.6534982997,1253734.2045696895,1292190.1823438406
2021-07-06,1341930.4481359876,1387009.02545305,1312792.1034268762,1393017.688666803,1461998.8900042616,1298311.2825370193,1338134.5797264818
2021-07-07,1339917.5524637836,1387009.1504582877,1312792.2217432577,1393017.8142135763,1461999.0217680177,1298311.399548306,1338134.700326873
2021-07-08,1339917.5524637836,1369150.584338095,1295889.2426343383,1375081.8829808806,1443174.9165418379,1281594.8696207476,1320905.4217632706
2021-07-09,1332093.8051244328,1363197.8802264126,1290255.0594326097,1369103.391153645,1436900.374239591,1276022.8345669184,1315162.474840398
2021-07-12,1343727.767152352,1361153.083406073,1301523.618981513,1381060.5797568073,1449449.6739416826,1274108.800315068,1326648.5655601188
2021-07-13,1349544.6488446256,1364997.900939166,1307157.8025537995,1387039.0719772459,1455724.2166566036,1277707.7458813235,1332391.5128607028
2021-07-14,1366995.735442718,1382648.8149684998,1324060.780924517,1404975.0024266278,1474548.3210606808,1294229.9028470214,1349620.790671853
2021-07-15,1361178.744497872,1376765.2153141315,1318426.491531091,1398996.3979182502,1468273.6604974056,1288722.5530944108,1343877.735507331
2021-07-16,1359136.9763811252,1394416.0514079023,1335329.3952686691,1416932.2491736126,1487097.6817858338,1305244.637108442,1361106.9372446046
2021-07-19,1359136.9763811252,1394415.959149062,1335329.306919183,1416932.1554250314,1487097.5833948927,1305244.5507494556,1361106.8471895973
2021-07-20,1359136.9763811252,1392324.3352103382,1295889.3932216703,1375082.0427707033,1443175.084244334,1266693.212013038,1320905.5752575793
2021-07-21,1368902.0675218678,1402327.870002692,1307157.864909051,1387039.138143068,1455724.2860989082,1277707.8068317214,1332391.5764196762
2021-07-22,1333716.9079651255,1366283.560458888,1273559.7287575465,1351387.7978865956,1418307.5179514694,1244866.6313255331,1298144.8532094075
2021-07-23,1370424.712771505,1403887.695150417,1308611.831383901,1388581.957461456,1457343.5046840785,1279129.0156739422,1333873.6106371894
2021-07-26,1358188.9887077985,1391353.1996073865,1296927.9985355183,1376184.1179355043,1444331.7333527757,1267708.4177149239,1321964.230075444
2021-07-27,1358188.8103097875,1391353.0168532592,1296927.8281841334,1376183.9371738345,1444331.5436399223,1267708.2512015284,1321964.0564355522
2021-07-28,1356151.5270943227,1389265.9873279792,1291085.7800707237,1374119.6612680738,1437825.511317774,1261997.8234997378,1316009.2319232984
2021-07-29,1360247.7171081656,1393462.1979653388,1289149.1514006176,1378270.123161054,1444331.6462362432,1267708.3412516299,1321964.1503396484
2021-07-30,1347993.3144760241,1380908.567761247,1275621.839378637,1365853.3575876672,1431319.735755003,1256287.6211589335,1310054.6424171068
2021-08-02,1360247.7790048814,1393462.2613734463,1287218.3824883313,1378270.1858778612,1444331.711959114,1267708.3989374337,1321964.2104943085
2021-08-03,1378629.3450857871,1412292.6678876353,1304613.0734582192,1396895.2958689178,1463849.5374728944,1284839.4437853328,1339828.4355765732
2021-08-04,1372502.1197403069,1406015.8281694304,1298814.8084508535,1390686.8887344406,1457343.5567174829,1279129.061344326,1333873.6582621897
2021-08-05,1370443.3665606964,1403906.8044271762,1287218.2476611137,1378270.0415135974,1444331.5606753626,1267708.2661537516,1321964.0720277058
2021-08-06,1374554.718892634,1408118.5476155798,1293016.543171148,1384478.4813083594,1450837.5756564909,1273418.6786351074,1327918.8806681153
2021-08-09,1380718.6252584904,1414432.9640300246,1298814.8084508535,1390686.8887344406,1457343.5567174829,1279129.061344326,1333873.6582621897
2021-08-10,1374554.7028243009,1408118.5311548908,1293016.5280559836,1384478.465124019,1450837.5586964227,1273418.663749039,1327918.865144948
2021-08-11,1319079.5282363347,1351288.7657073145,1240832.1242693267,1328602.7808691657,1392283.7108924112,1222025.2033433514,1274325.8500898127
2021-08-12,1343735.2203529016,1376546.4996457687,1264025.248087445,1353436.4777078417,1418307.705488531,1244866.7959292084,1298145.0248578463
2021-08-13,1341719.6175223722,1374481.6798963,1269823.5290419746,1359644.9019175107,1424813.704137561,1250577.1940756727,1304099.818549855
2021-08-16,1341719.6175223722,1359889.4534580084,1258226.922649732,1347228.0058684573,1411801.6569268575,1239156.3539737791,1292190.185481922
2021-08-18,1341719.6175223722,1322288.80753454,1223437.2234652694,1309977.4462012525,1372765.6499328436,1204893.9518416761,1256461.409509334
2021-08-19,1341719.6175223722,1328555.6834490267,1229235.6006616373,1316185.9734604568,1370706.5014579443,1210604.44477127,1262416.3020410324
2021-08-20,1341719.6175223722,1303488.4122481013,1206042.306955179,1291352.094716335,1370706.5014579443,1187762.6848720196,1238596.9527988702
2021-08-23,1341719.6175223722,1322288.823408478,1223437.2381525044,1309977.4619273937,1370706.5014579443,1204893.966306301,1256461.424593021
2021-08-24,1341719.6175223722,1320305.3901733651,1258226.9671329153,1347228.0534981727,1370706.5014579443,1239156.397782744,1292190.231165838
2021-08-25,1341719.6175223722,1324403.0142633785,1264025.1260816343,1353436.347071911,1370706.5014579443,1244866.6757726031,1298144.8995587383
2021-08-26,1341719.6175223722,1318327.851717893,1258226.922649732,1347228.0058684573,1362375.3773483203,1239156.3539737791,1292190.185481922
2021-08-27,1341719.6175223722,1306177.380140617,1246630.375977751,1345207.1638596547,1349818.938311945,1227735.572686985,1280280.613746277
2021-08-30,1341719.6175223722,1318327.8983258763,1244760.4304137845,1355687.219894759,1362375.425513554,1239156.397782744,1292190.231165838
2021-08-31,1341719.6175223722,1318327.8491752152,1242896.0399459891,1355687.1693512462,1362375.3747206875,1239156.3515838005,1292190.1829896565
2021-09-01,1370578.9476613032,1316350.3574014525,1271534.197548431,1386924.200903118,1393766.5123870627,1267708.3412516299,1321964.1503396484
2021-09-02,1370578.8503039146,1314378.6958523465,1271534.1072265645,1386924.1023846646,1393766.413382574,1267708.2512015284,1321964.0564355522
2021-09-03,1382926.439991243,1326219.9765101878,1282989.399584239,1399418.9469825616,1406322.90058403,1279129.0762971481,1333873.6738549678
2021-09-06,1389100.2847918614,1332140.664747594,1288717.0921098965,1405666.4198342413,1412601.194986888,1284839.5350523277,1339828.5307496437
2021-09-07,1352057.5304360937,1296616.8368772627,1254351.2286803464,1368181.9009221504,1374931.7483375384,1250577.0733678902,1304099.6926759803
2021-09-08,1350029.4441404396,1284775.6658123115,1242896.0423431804,1355687.1719659793,1362375.3773483203,1239156.3539737791,1292190.185481922
2021-09-09,1323159.353825625,1282848.502313593,1219985.5015712413,1330697.5307014,1337262.4511130895,1216314.74759373,1268370.9963293276
2021-09-10,1329371.4013414436,1286940.8847104486,1225713.1623268854,1336944.9688999807,1343540.7106918895,1222025.1746744872,1274325.820193969
2021-09-13,1335583.253686367,1292954.46883329,1231440.6431301585,1343192.210815757,1349818.7730195352,1227735.4223443235,1280280.4569692
2021-09-14,1335583.4013504835,1292954.611784303,1231440.7792801096,1343192.3593211314,1349818.9222575524,1227735.5580846197,1280280.5985189548
2021-09-15,1341795.33509605,1298968.274709664,1237168.33513678,1349439.6831012992,1356097.0668534627,1233445.8805820288,1286235.3133242545
2021-09-16,1339782.642093406,1304982.0965450874,1242896.0423431804,1355687.1719659793,1362375.3773483203,1239156.3539737791,1292190.185481922
2021-09-17,1325446.1645342987,1303024.6234002698,1231440.7039555912,1343192.2771610152,1349818.839692104,1227735.4829867415,1280280.5202070125
2021-09-22,1313116.4973278064,1288970.072468686,1219985.5015712413,1330697.5307014,1337262.4511130895,1216314.74759373,1268370.9963293276
2021-09-23,1319281.2334885376,1295021.4475233885,1225713.0122318787,1336944.8051840558,1343540.5461682817,1222025.0250310942,1274325.6641460874
2021-09-24,1325446.2456089242,1301073.0934632241,1231440.7792801096,1343192.3593211314,1349818.9222575524,1227735.5580846197,1280280.5985189548
2021-09-27,1319281.379350278,1295021.5907029302,1225713.1477485744,1336944.9529987078,1343540.6947121685,1222025.1601400403,1274325.8050374715
2021-09-28,1317302.4572812526,1295021.4475233885,1225713.0122318787,1336944.8051840558,1343540.5461682817,1222025.0250310942,1274325.6641460874
2021-09-29,1317302.4572812526,1293078.9153521035,1202802.653503973,1334939.3879762797,1318427.8194769386,1199183.600147335,1250506.6642575224
2021-09-30,1317302.4572812526,1291142.20204903,1200998.4495237172,1332939.9780092658,1318427.8194769386,1199183.600147335,1250506.6642575224
2021-10-01,1317302.4572812526,1284993.9572569167,1200998.4495237172,1326592.6978529906,1312149.644259668,1193473.2497980916,1244551.9204083763
2021-10-04,1317302.4572812526,1284993.9572569167,1200998.4495237172,1326592.6978529906,1312149.644259668,1193473.2497980916,1244551.9204083763
2021-10-05,1317302.4572812526,1254252.3148825048,1200998.4495237172,1294855.8651125785,1280758.340917159,1164921.1094385828,1214777.7959173515
2021-10-06,1317302.4572812526,1272697.364364506,1200998.4495237172,1313898.0308878904,1299593.1883337381,1182052.4531493061,1232642.3326532722
2021-10-07,1317302.4572812526,1270788.3183179593,1210786.0250295915,1326592.5936923225,1312149.5412330315,1193473.1560896225,1244551.8226893402
2021-10-08,1317302.4572812526,1305312.3423378493,1245545.462213542,1364676.6242112701,1349818.938311945,1191682.9463554882,1280280.613746277
2021-10-12,1317302.4572812526,1293169.9208402042,1233959.0108285896,1351981.9776951126,1337262.5026123235,1178829.296904589,1268371.045175487
2021-10-13,1317302.4572812526,1287098.6037539819,1228165.6836676283,1345634.5432635169,1330984.174799379,1173294.7988183778,1262416.1565919046
2021-10-14,1317302.4572812526,1299240.9630420383,1239752.0756914085,1358329.1247408567,1343540.5461682817,1184363.5444113794,1274325.6641460874
2021-10-15,1317302.4572812526,1311383.4982228107,1251338.6355542317,1371023.890110335,1356097.0994272283,1195432.450344862,1286235.3442199246
2021-10-18,1345776.954354114,1309416.4229754764,1280304.8552337515,1402760.6063424014,1387488.2875298562,1223104.543241905,1316009.3594078561
2021-10-19,1321418.9845656566,1283790.8764661478,1257131.9015857482,1377371.257565713,1362375.3609931476,1200966.8900327154,1292190.1699693152
2021-10-20,1309240.0234666718,1271958.7177592316,1245545.4473993508,1364676.607980164,1349818.9222575524,1189898.085054342,1280280.5985189548
2021-10-21,1315329.5275920967,1277874.8200172852,1251338.696921512,1371023.9573471367,1356097.1659320006,1195432.5089704301,1286235.4072985854
2021-10-22,1315329.5119479122,1277874.804818577,1251338.6820384176,1371023.941040537,1356097.1498029365,1195432.4947522692,1286235.3920004384
2021-10-25,1313356.5176799903,1271958.7328875754,1245545.462213542,1364676.6242112701,1349818.938311945,1189898.099206678,1280280.613746277
2021-10-26,1323588.4360559406,1270050.794788244,1257131.961121955,1377371.3227963063,1362375.425513554,1200966.9469090167,1292190.231165838
2021-10-27,1329687.890741738,1273992.5446779472,1262925.166337452,1383718.6236188693,1368653.6211721117,1206501.3284979342,1298144.9944032019
2021-10-28,1317488.8230092828,1262304.4474549966,1251338.6054967884,1371023.8571780242,1356097.0668534627,1195432.4216302983,1286235.3133242545
2021-10-29,1323588.373372438,1268148.5118724087,1257131.9015857482,1368967.3213922572,1362375.3609931476,1200966.8900327154,1292190.1699693152
2021-11-01,1317488.7579336138,1262304.385105089,1251338.5436885245,1360617.6554423557,1356096.999870789,1195432.3625834484,1286235.2497923125
2021-11-02,1315512.5247967134,1250616.519809351,1239752.212760284,1348019.492856959,1343540.6947121685,1184363.6753564149,1274325.8050374715
2021-11-03,1319680.2591966877,1248740.595029637,1245545.4473993508,1354318.6493656363,1349818.9222575524,1189898.085054342,1280280.5985189548
2021-11-04,1331956.3704730156,1258469.0979547293,1257131.931629482,1366916.9786407433,1362375.393552056,1200966.9187341821,1292190.2008508935
2021-11-05,1325818.3537866815,1252669.7305777494,1255246.2337320377,1360617.8539774104,1356097.1977462103,1195432.537015427,1286235.4374738294
2021-11-08,1319680.2591966877,1246870.289595244,1247563.5191248336,1354318.6493656363,1349818.9222575524,1189898.085054342,1280280.5985189548
2021-11-09,1319680.274892619,1246870.3044251925,1247563.5339630272,1354318.6654735475,1349818.938311945,1189898.099206678,1280280.613746277
2021-11-10,1317700.7544802802,1252669.7305777494,1253366.1844553547,1360617.8539774104,1356097.1977462103,1195432.537015427,1286235.4374738294
2021-11-11,1321818.4464650236,1250790.7259818828,1259168.7611632042,1366916.962382991,1362375.3773483203,1200966.9044501965,1292190.185481922
2021-11-12,1321818.4931964127,1248917.3941110012,1259168.8056796852,1366917.0107087872,1362375.425513554,1200966.9469090167,1292190.231165838
2021-11-15,1327909.791505217,1254672.744372585,1264971.3972276277,1373216.1352243414,1368653.6211721117,1206501.3284979342,1298144.9944032019
2021-11-16,1321818.4621863856,1248917.364811243,1259168.7761394274,1366916.9786407433,1362375.393552056,1200966.9187341821,1292190.2008508935
2021-11-17,1321818.4305967323,1248917.3349638262,1259168.746047016,1366916.945973297,1362375.3609931476,1200966.8900327154,1292190.1699693152
2021-11-18,1319835.702950837,1231651.196692437,1241760.8831984396,1348019.4766741272,1343540.6785831042,1184363.6611382538,1274325.7897393245
2021-11-19,1319835.702950837,1229803.7198973983,1247563.3811923282,1354318.4996301227,1349818.7730195352,1189897.953497414,1280280.4569692
2021-11-22,1319835.702950837,1222250.3271048923,1241760.7608146893,1348019.3438178895,1343540.5461682817,1184363.5444113794,1274325.6641460874
2021-11-23,1319835.702950837,1216539.0729064567,1235958.33949282,1341720.4040948064,1341525.2353490293,1178829.3251802702,1268371.0755989377
2021-11-24,1319835.702950837,1210827.5017523856,1230155.5961558423,1335421.1148014932,1341525.2353490293,1173294.7988183778,1262416.1565919046
2021-11-25,1319835.702950837,1216539.0437262608,1235958.3098468287,1341720.3719119811,1341525.2353490293,1178829.296904589,1268371.045175487
2021-11-26,1319835.702950837,1199404.5401211288,1218550.293042866,1322822.7354833242,1341525.2353490293,1162225.9211709355,1250506.5069526639
2021-11-29,1319835.702950837,1197605.4333109471,1195339.8112706211,1320838.5013800992,1341525.2353490293,1140088.2845772034,1226687.335391661
2021-11-30,1319835.702950837,1207421.5382202277,1206945.0521567436,1331664.6791320816,1341525.2353490293,1151157.1028740695,1238596.9211721623
2021-12-01,1319835.702950837,1201616.6877620101,1201142.4924729215,1325262.5121355858,1341525.2353490293,1145622.751676435,1232642.1906345484
2021-12-02,1319835.702950837,1219031.5140486225,1218550.4463278593,1344469.316325352,1341525.2353490293,1162226.0673707216,1250506.6642575224
2021-12-03,1319835.702950837,1224836.4260202826,1224353.067500849,1350871.5511649968,1341525.2353490293,1167760.4772153443,1256461.457896844
2021-12-06,1319835.702950837,1224836.258134954,1222516.5378995978,1350871.366004342,1341525.2353490293,1167760.317153276,1256461.2856767494
2021-12-07,1319835.702950837,1222999.0037477515,1222516.5378995978,1357273.8185605344,1345864.5950422126,1173294.915202898,1262416.2818167831
2021-12-08,1319835.702950837,1226927.4463299627,1226443.430734527,1363676.0208442858,1352212.9805088516,1178829.296904589,1268371.045175487
2021-12-09,1319835.702950837,1209646.8070866708,1209169.6086008514,1344469.3485741143,1333167.7592399276,1162226.0952481537,1250506.694252474
2021-12-10,1319835.702950837,1215407.000824517,1214927.5299764564,1350871.5511649968,1339516.145011116,1167760.4772153443,1256461.457896844
2021-12-13,1319835.702950837,1209646.6567943015,1209169.4583677715,1344469.1815307403,1333167.5936007178,1162225.950847563,1250506.5388834747
2021-12-14,1319835.702950837,1203886.4346190908,1203411.5085660203,1338066.947332975,1326819.1764883336,1156691.5415578128,1244551.7458411725
2021-12-15,1319835.702950837,1202080.604967162,1197653.6788393504,1331664.846646063,1320470.8917645123,1151157.2476814766,1238597.0769788793
2021-12-16,1319835.702950837,1217591.7649587402,1214927.3771472005,1350871.3812349483,1339515.976509497,1167760.3303193685,1256461.2998429148
2021-12-17,1319835.702950837,1194509.4566182902,1191895.5785282962,1325262.445097793,1314122.308708369,1145622.6937256365,1232642.1282819116
2021-12-20,1319835.702950837,1194509.6546672757,1191895.776143902,1325262.6648255489,1314122.526589097,1145622.8836692246,1232642.3326532722
2021-12-21,1319835.702950837,1194509.4871192551,1191895.6089625175,1325262.478937444,1314122.3422635647,1145622.722978312,1232642.1597565678
2021-12-22,1319835.702950837,1206050.6107885153,1203411.4778377484,1338066.9131663705,1326819.142608933,1156691.5120225025,1244551.7140624132
2021-12-23,1319835.702950837,1204241.5348723326,1197653.6495596967,1331664.8140901697,1320470.8594822835,1151157.2195385452,1238597.0466982615
2021-12-24,1319835.702950837,1208218.8293920537,1203411.5997979646,1338067.0487732957,1326819.2770759484,1156691.6292478654,1244551.8401920032
2021-12-27,1319835.702950837,1208218.7377956682,1203411.5085660203,1338066.947332975,1326819.1764883336,1156691.5415578128,1244551.7458411725
2021-12-28,1319835.702950837,1208218.7680618358,1203411.5387117658,1336059.8469119754,1326819.2097254705,1156691.570533212,1244551.7770174907
2021-12-29,1324164.559213051,1213999.8104081335,1209169.579597421,1340441.9158483339,1333167.727262248,1162226.0673707216,1250506.6642575224
2021-12-30,1317858.9814746142,1208218.8293920537,1203411.5997979646,1334058.826491778,1326819.2770759484,1156691.6292478654,1244551.8401920032
2022-01-03,1317859.0664159274,1206406.5011479657,1203411.6773626837,1334058.9124772365,1326819.3625947887,1156691.7038012943,1244551.9204083763
2022-01-04,1311553.303188814,1198835.7685209503,1197653.528183022,1327675.635351876,1320470.725658651,1151157.1028740695,1238596.9211721623
2022-01-05,1311553.4797773142,1198835.9299330788,1197653.689435973,1327675.8141110989,1320470.9034477994,1149430.3672197585,1238597.0879377618
2022-01-06,1309586.1495576482,1244944.9452022265,1195857.208901819,1378740.2032045622,1371258.1809470137,1191851.3938773554,1286235.3765593183
2022-01-07,1309586.1495576482,1244944.822504666,1194065.9920540985,1378740.0673205939,1371258.045800448,1191851.2764125154,1286235.2497923125
2022-01-10,1283409.4872763772,1221890.3337310846,1171953.7020063014,1353207.893661861,1345864.4278254868,1169779.9995373285,1262416.1249680792
2022-01-11,1265248.0322677493,1220057.498230488,1155369.4515062124,1334058.7253553253,1326819.1764883336,1153226.508977838,1244551.7458411725
2022-01-12,1271301.8506039584,1224059.0054076896,1160897.5350062419,1340441.7814575036,1333167.5936007178,1158744.3391643348,1250506.5388834747
2022-01-13,1271301.8824503734,1224059.03607066,1160897.5640870023,1340441.8150358903,1333167.6269968844,1158744.3681911572,1250506.570208962
2022-01-14,1271301.818142154,1224058.9741521983,1160897.5053635344,1340441.7472302595,1333167.5595592149,1158744.3095766078,1250506.5069526639
2022-01-17,1269394.8654149408,1206572.4173785956,1144313.2552869127,1321292.5794126843,1314122.308708369,1142190.819439799,1232642.1282819116
2022-01-18,1269394.8654149408,1218230.1218943307,1155369.4220046606,1334058.6912910677,1326819.142608933,1153226.4795310048,1244551.7140624132
2022-01-19,1269394.8654149408,1216402.7767114893,1144313.2552869127,1321292.5794126843,1314122.308708369,1142190.819439799,1232642.1282819116
2022-01-20,1269394.8654149408,1214581.1067302793,1144313.4450133967,1321292.798482239,1314122.526589097,1142191.0088143845,1232642.3326532722
2022-01-21,1269394.8654149408,1202845.8855022204,1133257.1463791905,1308526.534285217,1301425.5411964834,1131155.217051395,1220732.6047737582
2022-01-24,1269394.8654149408,1208713.5651518719,1138785.3607379694,1314909.7414847403,1307774.108586251,1136673.1778539284,1226687.5387757202
2022-01-25,1269394.8654149408,1208713.5651518719,1138785.3607379694,1314909.7414847403,1307774.108586251,1136673.1778539284,1226687.5387757202
2022-01-26,1269394.8654149408,1208713.4264071092,1138785.2300200646,1314909.5905500231,1307773.9584706128,1136673.047378475,1226687.3979677765
2022-02-07,1269394.8654149408,1206900.3562674986,1133257.2764625424,1312937.226164198,1301425.690583405,1131155.3468934724,1220732.744898168
2022-02-08,1269394.8654149408,1222728.0794936556,1149841.3968099835,1330155.5548531653,1320470.7924540571,1147708.7075417177,1238596.9838260196
2022-02-09,1269394.8654149408,1246242.0039308523,1171953.6588679114,1355735.3855048725,1345864.3782856248,1169779.9564789503,1262416.078499862
2022-02-10,1269394.8654149408,1252120.5039493942,1177481.7421644581,1362130.3637383862,1352212.7951643306,1175297.7864623414,1268370.8713229746
2022-02-11,1269394.8654149408,1240363.7036775805,1166425.7634286494,1349340.6245877745,1339516.1771410701,1164262.314004412,1256461.4880346286
2022-02-14,1269394.8654149408,1234485.1429215358,1160897.6230151553,1342945.580280431,1333167.6946696131,1158744.427010012,1250506.6336857448
2022-02-15,1269394.8654149408,1232633.4152071534,1159156.2765806327,1330155.6223729984,1320470.8594822835,1147708.765800393,1238597.0466982615
2022-02-16,1269394.8654149408,1242621.6639171166,1168549.1269133948,1342945.5121113686,1333167.6269968844,1158744.3681911572,1250506.570208962
2022-02-17,1279565.1197603536,1254456.280389712,1179678.2832350477,1355735.6038512236,1345864.5950422126,1169780.1448764708,1262416.2818167831
2022-02-18,1267493.6249774746,1242621.6639171166,1168549.1269133948,1342945.5121113686,1333167.6269968844,1158744.3681911572,1250506.570208962
2022-02-21,1267493.7507060107,1242621.7871784882,1168549.24282717,1342945.6453243254,1333167.7592399276,1158744.483132353,1250506.694252474
2022-02-22,1267493.5932264575,1242621.632789148,1168549.097640961,1342945.4784702638,1333167.5936007178,1158744.3391643348,1250506.5388834747
2022-02-23,1261458.0359212055,1240757.7003399644,1162984.6947276024,1336550.6340020534,1326819.3095133803,1153226.6245987252,1244551.8706182009
2022-02-24,1259565.8488673237,1232971.52676007,1157420.1028818034,1330155.5724047832,1320470.809877883,1147708.7226859198,1238597.0001695075
2022-02-25,1259565.8488673237,1221116.155888367,1146291.1803753078,1317365.7493750828,1307774.108586251,1136673.1778539284,1226687.5387757202
2022-03-01,1259565.8488673237,1232971.479604581,1157420.0586158088,1330155.5215324517,1320470.7593759492,1147708.6787913411,1238596.9527988702
2022-03-02,1259565.8488673237,1232971.479604581,1157420.0586158088,1330155.5215324517,1320470.7593759492,1147708.6787913411,1238596.9527988702
2022-03-03,1259565.8488673237,1244826.974600779,1168549.097640961,1342945.4784702638,1333167.5936007178,1158744.3391643348,1250506.5388834747
2022-03-04,1259565.8488673237,1242959.7341388778,1157420.1746571355,1330155.6548919957,1320470.8917645123,1147708.7938590182,1238597.0769788793
2022-03-07,1259565.8488673237,1241098.010043898,1157420.1028818034,1330155.5724047832,1320470.809877883,1147708.7226859198,1238597.0001695075
2022-03-08,1259565.8488673237,1211263.892182192,1129597.475268645,1298180.645525217,1288728.690032372,1120119.5419552955,1208823.0028001096
2022-03-09,1259565.8488673237,1217230.7093850602,1135161.9948512493,1296233.3745569293,1295077.1072246497,1125637.372211233,1214777.7959173515
2022-03-10,1259565.8488673237,1229164.5007309401,1146291.1803753078,1306981.240161606,1307774.108586251,1136673.1778539284,1226687.5387757202
2022-03-11,1259565.8488673237,1229164.2969362023,1146290.9903209168,1306981.0234648993,1307773.891758087,1136672.9893941963,1226687.335391661
2022-03-14,1259565.8488673237,1227320.550490798,1146291.0634310166,1306981.106823762,1305812.23092045,1136673.0618908629,1226687.413629416
2022-03-15,1259565.8488673237,1213584.5040005776,1135162.0835360177,1294292.0377687798,1305812.23092045,1125637.4601518884,1214777.8908221212
2022-03-16,1259565.8488673237,1207635.4660067423,1129597.475268645,1287947.3683350298,1305812.23092045,1120119.5419552955,1208823.0028001096
2022-03-17,1259565.8488673237,1231431.316594819,1127903.0790557421,1313325.7246394777,1305812.23092045,1142190.9351955834,1232642.2532045199
2022-03-18,1259565.8488673237,1249278.207777335,1127903.0790557421,1332359.49532484,1305812.23092045,1158744.483132353,1250506.694252474
2022-03-21,1259565.8488673237,1261175.9387758353,1127903.0790557421,1345048.466260206,1316273.9631512966,1169779.9995373285,1262416.1249680792
2022-03-22,1259565.8488673237,1259284.1748676717,1104964.525990111,1319670.2933575427,1291438.703261364,1147708.765800393,1238597.0466982615
2022-03-23,1259565.8488673237,1263443.1966836988,1110276.7990833868,1326014.794765963,1297647.4773111942,1153226.5378664373,1244551.7770174907
2022-03-24,1263696.8561503955,1269488.3009134268,1115589.059256163,1332359.2807432998,1303856.236260057,1158744.296512168,1250506.492853637
2022-03-25,1281749.8748117846,1287624.055446061,1131526.2280535477,1351393.2024009093,1322482.9669118028,1175297.9757485297,1268371.0755989377
2022-03-28,1269714.6647196552,1275533.6887282578,1120901.5686352043,1338704.0643501964,1310065.2864713166,1164262.314004412,1256461.4880346286
2022-03-29,1275732.1432199671,1281578.7449614555,1126213.7866300384,1345048.4999539913,1316273.9961242736,1169780.0288405968,1262416.1565919046
2022-03-30,1275732.1432199671,1279656.3768440133,1126213.7866300384,1345048.4999539913,1316273.9961242736,1169780.0288405968,1262416.1565919046
2022-03-31,1273818.545005137,1277739.8939381216,1126213.8983443761,1345048.6333755527,1316274.1266915598,1169780.1448764708,1262416.2818167831
2022-04-01,1273818.545005137,1265685.5867403913,1115589.1003198307,1332359.329786053,1303856.284253643,1158744.3391643348,1250506.5388834747
2022-04-06,1273818.545005137,1259658.63880943,1110276.8825854948,1326014.8944933738,1297647.5749051454,1153226.6245987252,1244551.8706182009
2022-04-07,1273818.545005137,1259658.6892039743,1110276.9270037967,1326014.9475426003,1297647.6268194946,1153226.670735296,1244551.9204083763
2022-04-08,1273818.545005137,1241577.4640000896,1094339.9376209672,1306981.240161606,1279021.105860363,1136673.1778539284,1226687.5387757202
2022-04-11,1273818.545005137,1239715.0978040893,1094339.812004825,1305020.7683013638,1279020.9590451994,1136673.047378475,1226687.3979677765
2022-04-12,1273818.545005137,1225840.2684906342,1083715.153635846,1290415.041192959,1266603.2798311685,1125637.3867243151,1214777.81157974
2022-04-13,1273818.545005137,1237858.37264385,1094339.86708636,1303066.2346351754,1279021.0234223125,1136673.1045907738,1226687.4597107782
2022-04-14,1273818.545005137,1249876.415096703,1104964.525990111,1315717.363126779,1291438.703261364,1134968.0949338877,1238597.0466982615
2022-04-15,1273818.545005137,1243867.4740425344,1099652.2674152437,1309391.8832765466,1285229.9461800738,1127819.8605651115,1232642.3326532722
2022-04-18,1253477.063006024,1225840.2841414579,1083715.167472098,1290415.0576682363,1266603.2960024308,1111474.531802284,1214777.8270893246
2022-04-19,1265766.0376592358,1224001.5237152458,1094339.812004825,1303066.169047792,1279020.9590451994,1122371.326607809,1226687.3979677765
2022-04-20,1259621.6869191527,1216235.5552305111,1089027.6078266904,1296740.7539695266,1272812.2655406524,1116923.0503181056,1220732.744898168
2022-04-21,1271910.678986657,1228101.2679644674,1087394.0664149504,1309391.8832765466,1285229.9461800738,1127819.8605651115,1232642.3326532722
2022-04-22,1259621.4780746317,1216235.3535793845,1087394.0664149504,1296740.5389706863,1272812.0545091412,1116922.8651329328,1220732.54250141
2022-04-25,1257732.0458575196,1216235.3681106807,1087394.0664149504,1296740.5544638396,1272812.0697164028,1116922.8784776665,1220732.5570864377
2022-04-26,1257732.0458575196,1198436.9267408608,1087394.0664149504,1277763.9966892165,1254185.6824301674,1100577.7804083049,1202868.3036571986
2022-04-27,1242170.7052656405,1196639.2713507495,1087394.0664149504,1263847.7421906742,1240526.22169223,1088591.2785759731,1189767.7455844271
2022-04-28,1243414.0349841057,1196042.96270792,1087394.0664149504,1265112.7691719253,1241767.9053927285,1089680.8855697445,1190958.6234483838
2022-04-29,1262065.2617809428,1213983.6228006873,1087394.0664149504,1284089.4772655424,1260394.4402241528,1106026.1131135204,1208823.0183857214
2022-05-03,1268282.348228721,1219963.853267128,1087394.0664149504,1290415.0576682363,1266603.2960024308,1111474.531802284,1214777.8270893246
2022-05-04,1286933.607576635,1237904.5446708552,1087394.0664149504,1309391.7988809773,1285229.8633418384,1127819.787872589,1232642.2532045199
2022-05-05,1285003.20716527,1255845.095038803,1101501.065481336,1328368.3909133202,1303856.284253643,1144164.9154491876,1250506.5388834747
2022-05-06,1285003.20716527,1253961.3273962447,1085765.4182875191,1309391.7988809773,1285229.8633418384,1127819.787872589,1232642.2532045199
2022-05-09,1285003.20716527,1252083.2025923561,1085765.4182875191,1309391.7988809773,1285229.8633418384,1127819.787872589,1232642.2532045199
2022-05-10,1285003.20716527,1246034.4914687215,1080520.1747209127,1303066.2346351754,1279021.0234223125,1122371.3831002575,1226687.4597107782
2022-05-11,1285003.20716527,1252083.283294156,1085765.4882694685,1301111.6352832227,1285229.9461800738,1127819.8605651115,1232642.3326532722
2022-05-12,1285003.20716527,1246034.4287519234,1080520.1203349659,1292886.593308415,1279020.9590451994,1122371.326607809,1226687.3979677765
2022-05-13,1285003.20716527,1258131.9137159907,1091010.6618541256,1305438.9560376366,1291438.703261364,1133268.1926449202,1238597.0466982615
2022-05-16,1285003.20716527,1256244.7158454168,1091010.5791434187,1305438.8570708875,1291438.6053559892,1133268.1067306239,1238596.9527988702
2022-05-17,1285003.20716527,1260393.8896228068,1096255.9322214627,1311715.1369329132,1297647.5749051454,1138716.6252560408,1244551.8706182009
2022-05-18,1285003.20716527,1272455.0261659971,1106746.3769892985,1324267.383895212,1310065.204595936,1149613.390794411,1256461.409509334
2022-05-19,1285003.20716527,1272455.0414416858,1106746.390275672,1324267.3997929024,1310065.2203231307,1149613.4045953986,1256461.424593021
2022-05-20,1285003.20716527,1296577.3963302816,1127727.3509606596,1349371.9788505717,1334900.563924769,1171407.0095772436,1280280.5831493214
2022-05-23,1285003.20716527,1302608.0200019027,1132972.621529996,1355648.1599875484,1341109.4358076584,1176855.442398187,1286235.4072985854
2022-05-24,1285003.20716527,1300654.1079719,1132972.621529996,1355648.1599875484,1341109.4358076584,1176855.442398187,1286235.4072985854
2022-05-25,1285003.20716527,1304718.5129176127,1138217.809328503,1361924.2420858366,1347318.2097140052,1182303.789242383,1292190.1374802021
2022-05-26,1285003.20716527,1322756.1919472176,1153953.6230746699,1380752.7879355063,1365944.8277752588,1198649.0898223147,1310054.6122418633
2022-05-27,1285003.20716527,1322756.222415024,1153953.6496543493,1380752.8197391815,1365944.859237854,1198649.1174314904,1310054.6424171068
2022-05-30,1285003.20716527,1328768.5443947467,1159198.7135397652,1387028.7535703797,1372153.4864672092,1204097.3355631363,1316009.2319232984
2022-05-31,1285003.20716527,1334781.2592114494,1164444.1201305557,1393305.0974625992,1378362.5193598638,1209545.90967398,1321964.2104943085
2022-06-01,1285003.20716527,1332779.0873226323,1180179.7956436952,1412133.477910788,1396988.9737934938,1225891.0666667784,1339828.52832348
2022-06-02,1285003.20716527,1354441.2605664253,1178409.5259502297,1437238.0568556315,1421824.3172835167,1247684.6715506779,1363647.6867727318
2022-06-06,1285003.20716527,1360355.788451487,1181782.6904268777,1443514.1389658218,1428033.0912016379,1253133.0184052063,1369602.4169656413
2022-06-07,1283078.633881873,1360355.8357382102,1181782.7315063006,1443514.1891431757,1428033.140840862,1253133.0619648064,1369602.4645737826
2022-06-08,1277500.04566838,1354441.2605664253,1176644.5591115623,1437238.0568556315,1421824.3172835167,1247684.6715506779,1363647.6867727318
2022-06-09,1271921.3841571624,1348526.6076823436,1171506.3192057742,1430961.8421052494,1415615.4121477106,1242236.2095495088,1357692.8307311574
2022-06-10,1283078.6484878925,1346503.81777082,1181782.744959211,1428815.3993420915,1428033.1570969818,1253133.0762299385,1369602.4801647526
2022-06-13,1255185.5616663618,1315259.0307803364,1156091.7487383778,1395660.6230897116,1396988.8770897717,1225890.981806961,1339828.4355765732
2022-06-14,1253302.7833238621,1286031.052318551,1130400.820988636,1364645.942576607,1365944.67982111,1198648.9599890285,1310054.4703415383
2022-06-15,1253302.7833238621,1315259.0462934065,1156091.7623741194,1395660.6395510936,1396988.8935668198,1225890.9962659627,1339828.4513794319
2022-06-16,1253302.7833238621,1326950.2221650505,1166368.1198382745,1408066.4952949537,1409406.5559972362,1236787.7905341338,1351738.0216705871
2022-06-17,1253302.7833238621,1286031.0983776504,1130400.8614738511,1364645.9914512923,1407292.4461632404,1198649.0029185452,1310054.5172610343
2022-06-20,1253302.7833238621,1284102.051730084,1130400.9434295327,1364646.0903900815,1405184.7710374023,1198649.0898223147,1310054.6122418633
2022-06-21,1253302.7833238621,1288006.7446139897,1135539.019931913,1370848.894847963,1411571.8382948528,1204097.3785545677,1316009.2789104641
2022-06-22,1253302.7833238621,1299662.9454667098,1145815.4186757673,1383254.8004256284,1424346.2782844035,1214994.2165947072,1327918.8970418668
2022-06-23,1253302.7833238621,1288006.838717744,1135539.1028961407,1370848.9950042923,1411571.941426463,1204097.4665277747,1316009.3750601267
2022-06-24,1253302.7833238621,1270522.642059843,1120124.597017012,1352240.2479880094,1392410.3961001623,1187752.3072730224,1298145.0547587692
2022-06-27,1253302.7833238621,1293834.9060768392,1140677.2731151388,1377051.9125990365,1417959.1251816612,1209545.8546348023,1321964.1503396484
2022-06-28,1253302.7833238621,1291894.153717724,1145815.3911530161,1383254.7671995282,1424346.2440712766,1214994.1874102652,1327918.865144948
2022-06-29,1253302.7833238621,1289959.2913113849,1145815.459030072,1383254.8491422755,1424346.3284482455,1214994.2593854095,1327918.9438096469
2022-06-30,1253302.7833238621,1278390.1973469544,1135539.1295360306,1370849.027164582,1411571.974542118,1204097.4947760527,1316009.4059338719
2022-07-01,1253302.7833238621,1255251.9322346079,1114986.401989171,1346037.300443458,1386023.1815054566,1182303.8928593139,1292190.2507275562
2022-07-04,1253302.7833238621,1222679.2053344583,1113313.9223861874,1311108.7699557908,1350057.0511940029,1151624.105936753,1258659.0056769666
2022-07-05,1253302.7833238621,1240928.0612615696,1113313.9223861874,1330677.4638072173,1370207.0598905857,1168812.443073541,1277444.8709765056
2022-07-06,1253302.7833238621,1239066.6691696772,1122544.9516343072,1343723.3264341431,1383640.467729802,1180271.3931074222,1289968.845232858
2022-07-07,1253302.7833238621,1213187.2829854265,1100747.9094777536,1317631.5481491063,1356773.5974448202,1157353.446459244,1264920.8458104338
2022-07-08,1253302.7833238621,1243216.8072581317,1127994.268328837,1350246.3382252576,1390357.2545177608,1186000.9388126275,1296230.909619248
2022-07-11,1253302.7833238621,1225199.2285906016,1111646.5763192985,1348220.9687179197,1370207.2122540195,1168812.5730424211,1277445.013025027
2022-07-12,1253302.7833238621,1201175.5853304288,1089849.4676061235,1319805.4134045178,1343340.2599318465,1167059.3541828576,1252396.9371192798
2022-07-13,1253302.7833238621,1237210.8481590434,1122544.94734151,1359399.570608085,1383640.4624385326,1200270.7241252372,1289968.8402998045
2022-07-14,1253302.7833238621,1235355.0318868048,1117095.8113325648,1352800.678360351,1376923.898362267,1194444.286227313,1283706.9835476612
2022-07-15,1253302.7833238621,1263590.2570350766,1144342.050633359,1385795.8168569445,1410507.4080784197,1223577.073696272,1315016.9099756528
2022-07-18,1253302.7833238621,1263590.2570350766,1144342.050633359,1385795.8168569445,1410507.4080784197,1223577.073696272,1315016.9099756528
2022-07-19,1245466.4261954443,1257573.111173716,1138892.7580358472,1379196.7349807853,1403790.6509922643,1217750.4683674823,1308754.8732802721
2022-07-20,1239507.1271555084,1251555.884152222,1133443.3919374887,1372597.5640952555,1397073.8033095177,1211923.7844485973,1302492.7521216348
2022-07-21,1239507.226528937,1251555.9844916202,1133443.4828076044,1372597.6741387746,1397073.9153153393,1211923.881610622,1302492.85654473
2022-07-22,1257384.8630539577,1249678.6505148828,1149791.3428068012,1392394.8982195563,1417224.1646418702,1229403.678571629,1321278.9461837152
2022-07-25,1263343.898598821,1253720.5836737684,1155240.4679571711,1398993.7773175787,1423940.7153339374,1235230.1048591225,1327540.7904577623
2022-07-26,1261448.8827509226,1277375.7135867972,1177037.480550071,1425389.9137302018,1450807.549178982,1258536.3574511511,1352588.7559072112
2022-07-27,1261448.8827509226,1283289.4900385882,1182486.7281452103,1431988.9411085823,1457524.2507955516,1264362.9146615732,1358850.740888263
2022-07-28,1261448.8827509226,1289203.187032701,1187935.9025240955,1438587.8798222332,1464240.8621663165,1270189.3935861979,1365112.641733097
2022-07-29,1261448.8827509226,1289203.3153843523,1187936.0207936873,1438588.0230464602,1464241.0079445264,1270189.520044857,1365112.7776422102
2022-08-01,1261448.8827509226,1287269.5104112758,1182486.7729918815,1431988.9954178068,1457524.3060732211,1264362.9626134585,1358850.792423668
2022-08-02,1261448.8827509226,1279418.2169307277,1177037.480550071,1425389.9137302018,1450807.549178982,1258536.3574511511,1352588.7559072112
2022-08-03,1261448.8827509226,1273494.9059554106,1175271.924329246,1418790.7989072483,1444090.7585585231,1252709.7230322594,1346326.687947779
2022-08-04,1261448.8827509226,1279418.2169307277,1178969.9232603905,1425389.9137302018,1450807.549178982,1258536.3574511511,1352588.7559072112
2022-08-05,1261448.8827509226,1285341.4494165182,1184428.117349559,1431988.9411085823,1457524.2507955516,1264362.9146615732,1358850.740888263
2022-08-08,1242146.2778583157,1267571.7519591467,1168053.5350820534,1412191.8589734405,1437374.1459458433,1246883.243030307,1340064.7859451072
2022-08-09,1253755.169126195,1265670.394331208,1178969.9679736842,1410073.5711849802,1450807.604201916,1258536.40518206,1352588.8072051257
2022-08-10,1265364.0604020786,1275476.3976177564,1189886.4008728424,1420998.3634020102,1464241.0624672517,1270189.5673418483,1365112.82847378
2022-08-11,1294386.1108016528,1304730.3818690297,1217177.3159356003,1453590.0003948146,1497824.5023972173,1299322.2942731748,1396422.6898400672
2022-08-12,1311799.2508505469,1322282.6815081704,1233551.7801621957,1473144.8813065626,1517974.4619890694,1316801.8398971746,1415208.5093592359
2022-08-15,1309831.551974271,1322282.7600559518,1233551.8534390803,1473144.9688160368,1517974.5521615625,1316801.9181193768,1415208.5934271058
2022-08-16,1296295.7326479738,1310581.197159203,1222635.5161506718,1460108.3483371458,1504541.2115521524,1305148.8580229254,1402684.681849142
2022-08-17,1284721.5339154145,1308615.3253634642,1211719.0052920685,1447071.520575473,1491107.6573520948,1293495.6126423576,1390160.5711404884
2022-08-18,1302082.713072917,1324312.9256446694,1228093.6593973145,1466626.6282460543,1511257.8506033258,1310975.3609595567,1408946.6085004373
2022-08-19,1290508.6981272239,1312541.3097248075,1217177.321882142,1453590.0074963549,1497824.509714866,1299322.3006210374,1396422.6966623154
2022-08-22,1278934.6831859022,1300769.693809392,1206260.9843710926,1440553.3867515791,1484391.16883148,1287669.2402869195,1383898.7848289239
2022-08-23,1277016.2811611234,1294883.8580907974,1200802.789871676,1434035.0456350562,1477674.4667100706,1281842.6826385625,1377636.7993772093
2022-08-24,1280899.4251514731,1300769.5657100547,1206260.8655789397,1440553.2448863937,1484391.0226491652,1287669.1134777106,1383898.6485430633
2022-08-25,1269307.5751501021,1298818.4113614897,1195344.4776551481,1427516.5639371956,1470957.6197292632,1276015.999328591,1371374.6788729904
2022-08-26,1275103.4471049989,1302794.8424961155,1200802.621662256,1434034.8447542745,1477674.2597162437,1281842.5030770092,1377636.6063967391
2022-08-29,1257715.7544758366,1285029.541702983,1184428.117349559,1414479.9159704905,1457524.2507955516,1264362.9146615732,1358850.740888263
2022-08-30,1257715.6769588338,1285029.462502545,1184428.0443495053,1414479.8287916163,1457524.1609637188,1264362.8367348851,1358850.657137991
2022-08-31,1255829.1034433956,1279107.7950910216,1178969.9679736842,1407961.6287418674,1450807.604201916,1258536.40518206,1352588.8072051257
2022-09-01,1255829.1034433956,1279107.7219859315,1177201.5130217236,1407961.5482723701,1450807.5212836345,1258536.3332526907,1352588.7299003617
2022-09-02,1255829.1034433956,1277189.0604029526,1175438.3554884908,1407961.5482723701,1450807.5212836345,1258536.3332526907,1352588.7299003617
2022-09-05,1255829.1034433956,1275276.1707040016,1175438.3780891881,1407961.5753438983,1450807.549178982,1258536.3574511511,1352588.7559072112
2022-09-06,1255829.1034433956,1281180.1480866612,1180880.149650808,1414479.8287916163,1457524.1609637188,1264362.8367348851,1358850.657137991
2022-09-07,1255829.1034433956,1269372.2250149734,1169996.635739994,1412358.1090484287,1444090.973450247,1252709.9094450248,1346326.8882914633
2022-09-08,1255829.1034433956,1263468.112568685,1164554.7396884977,1403683.41459549,1437374.2080114728,1246883.296870564,1340064.8438089313
2022-09-12,1271526.7607192134,1281180.1480866612,1180880.149650808,1423361.0702861934,1457524.1609637188,1264362.8367348851,1358850.657137991
2022-09-13,1277386.5057852643,1279258.3778645312,1186322.1559414186,1429920.5334972555,1455337.874722273,1270189.5673418483,1365112.82847378
2022-09-14,1259807.673490454,1259764.1394787366,1169996.511250118,1410242.5948785115,1433160.4131925143,1252709.7761542986,1346326.7450397117
2022-09-15,1259807.6977133593,1259764.1637008048,1169996.5337461827,1410242.6219938986,1433160.440748553,1252709.8002407292,1346326.7709261593
2022-09-16,1259807.673490454,1259764.1394787366,1169996.511250118,1410242.5948785115,1433160.4131925143,1252709.7761542986,1346326.7450397117
2022-09-19,1257917.9619802183,1259764.2180972581,1169996.5842664815,1410242.6828879924,1433160.5026322352,1252709.8543325763,1346326.8290603748
2022-09-20,1257917.9619802183,1259764.086057552,1169996.461635593,1410242.5350761823,1433160.3524183389,1252709.7230322594,1346326.687947779
2022-09-21,1257917.9619802183,1257874.4399284655,1180880.2734224487,1423361.219472997,1446492.2282381165,1264362.9692566001,1358850.7995632621
2022-09-22,1257917.9619802183,1232838.556472955,1159112.895110514,1397124.1463029878,1419828.777026354,1241056.7394085522,1333802.8585574876
2022-09-23,1257917.9619802183,1238626.405314963,1164554.6215981373,1403683.272256556,1426494.495177214,1246883.1704317692,1340064.7079211667
2022-09-26,1257917.9619802183,1221262.5662740585,1148229.167113232,1384005.5629010259,1406497.003842694,1229403.5828973146,1321278.8433595088
2022-09-27,1257917.9619802183,1203898.5177155498,1131903.5156402006,1364327.6161079963,1386499.271212084,1211923.7844485973,1302492.7521216348
2022-09-28,1249995.3465049253,1198110.6015477409,1126461.725852964,1357768.4138569264,1379833.4755238132,1206097.2856507814,1296230.8299184546
2022-09-29,1225840.8975515873,1196313.4356454192,1104694.395013627,1331531.3979074974,1353170.082462521,1182791.106631421,1271182.9435398753
2022-09-30,1207725.0467273982,1176868.6476914408,1088368.8841693108,1311853.6206197634,1333172.5220918327,1165311.4587532096,1252397.0141248773
2022-10-03,1219802.3531672966,1188637.3887109242,1086736.3308430568,1324972.2176244764,1346504.3090993017,1176964.627347687,1264921.0423090952
2022-10-04,1237918.0920462369,1206290.285100016,1101224.02065304,1344649.8733151795,1366501.745896889,1194444.1672120078,1283706.855638155
2022-10-05,1236061.2149081675,1241596.4591664388,1133455.0743550754,1384005.6097179833,1406497.0514204728,1229403.6244845283,1321278.8880546005
2022-10-06,1236061.2149081675,1271018.0968874465,1160314.1269276813,1416801.8627616675,1439826.2755794565,1227559.5190478016,1352588.7299003617
2022-10-07,1236061.2149081675,1269111.5697421152,1149570.477604277,1414676.659967525,1426494.5508055727,1214371.669700216,1340064.7601790621
2022-10-11,1236061.2149081675,1243524.6068413644,1128083.211198297,1386154.9128822766,1399831.1412652407,1191673.167876211,1315016.8583198905
2022-10-12,1236061.2149081675,1231681.570708718,1117339.611789526,1372953.4992324023,1386499.4784301016,1180323.9526634046,1302492.9467845329
2022-10-13,1228276.0150445919,1225759.8415008462,1111967.6205447118,1366352.557048315,1379833.4093312565,1174649.1427194548,1296230.7677364347
2022-10-14,1240143.594473869,1237603.1097093371,1122711.4304847927,1379554.2293927663,1393165.3334133325,1185998.5803312033,1308754.9246900545
2022-10-17,1234209.893064903,1231681.5637298666,1117339.6054585495,1372953.491453088,1386499.470574034,1180323.9459755516,1302492.939404456
2022-10-18,1252010.8172676757,1229834.0413842718,1133454.9175600687,1392755.5050106014,1406496.856854566,1197347.676878285,1321278.7052772352
2022-10-19,1234209.9000580802,1210532.6315697525,1117339.611789526,1372953.4992324023,1386499.4784301016,1180323.9526634046,1302492.9467845329
2022-10-20,1232358.5852079932,1198892.7684761013,1106595.8451440304,1359751.8800870425,1373167.6080719957,1168974.5607867534,1289968.8402998045
2022-10-21,1224539.3987395857,1193072.8479970838,1101223.9720370336,1353151.083067172,1366501.685569602,1163299.87564004,1283706.7989660343
2022-10-24,1248433.0370057325,1216352.4999907608,1122711.4368462064,1379554.2372094812,1393165.3413071693,1185998.5870512095,1308754.9321056122
2022-10-25,1230512.7616602664,1198892.715548289,1106595.7962908726,1359751.8200577435,1373167.547450429,1168974.5091797474,1289968.7833512344
2022-10-26,1242459.6173467778,1197094.3764749665,1117339.5615678371,1372953.437521493,1386499.4161103335,1180323.8996107234,1302492.8882406533
2022-10-27,1254406.3444366506,1206794.70726479,1128083.211198297,1386154.9128822766,1399831.1412652407,1191673.167876211,1315016.8583198905
2022-10-28,1252524.7349199958,1201048.0658016247,1122711.3863830671,1379554.175201885,1393165.2786877872,1185998.5337434674,1308754.8732802721
2022-10-31,1252524.7349199958,1166568.1466093978,1090480.371671059,1339949.6682411146,1353170.0215466754,1151950.6594160725,1271182.886314856
2022-11-01,1252524.7349199958,1166568.1991249607,1090480.4207613678,1339949.728561818,1353170.082462521,1151950.711273598,1271182.9435398753
2022-11-02,1250648.7871574925,1166568.2227988262,1088844.7001302256,1339949.7557542184,1353170.1099232102,1151950.7346508221,1271182.9693367505
2022-11-03,1244488.0127990288,1164818.3704646279,1081858.195558468,1333349.079224045,1346504.3090993017,1146276.1530887352,1264921.0423090952
2022-11-04,1232166.2170043227,1151558.0543979572,1071146.6132632568,1320147.4614436484,1333172.4401196262,1134926.7623855388,1252396.9371192798
2022-11-07,1238327.1306065985,1157315.9217889325,1076502.4180634643,1326748.2871601593,1339838.3916017902,1140601.4722026668,1258659.0056769666
2022-11-08,1232166.299111043,1151558.131133266,1071146.684640263,1324758.1647294192,1333172.5289570051,1134926.8380126038,1252397.0205740961
2022-11-09,1230318.0496623765,1151558.049994209,1071146.6091670156,1322773.9105208656,1333172.435021355,1134926.7580453916,1252396.9323299073
2022-11-10,1230318.0496623765,1163073.6349419367,1081858.0793958895,1336001.654735165,1346504.1645208225,1146276.0300093943,1264920.9064904726
2022-11-11,1230318.0496623765,1161329.0244895238,1087213.884909867,1342615.6137796908,1353170.1168913601,1151950.7405827928,1271182.9758827076
2022-11-14,1230318.0496623765,1136740.5541608846,1065790.9241000388,1316160.1002180236,1326506.632561782,1129252.1750908669,1246135.0037656906
2022-11-15,1230318.0496623765,1159589.6105259275,1087213.8572477782,1342615.579619391,1353170.082462521,1151950.711273598,1271182.9435398753
2022-11-16,1230318.0496623765,1159589.6105259275,1087213.8572477782,1342615.579619391,1353170.082462521,1151950.711273598,1271182.9435398753
2022-11-17,1230318.0496623765,1159589.6105259275,1087213.8572477782,1342615.579619391,1353170.082462521,1151950.711273598,1271182.9435398753
2022-11-18,1230318.0496623765,1159589.5627589824,1087213.8124622058,1342615.524313062,1353170.0267214207,1151950.663821322,1271182.891176069
2022-11-21,1230318.0496623765,1157850.178414844,1081858.1514866657,1336001.7437610715,1346504.254246575,1146276.1063927298,1264920.990779837
2022-11-22,1216312.1334620013,1144669.2350190138,1071146.6132632568,1322773.9155793714,1333172.4401196262,1134926.7623855388,1252396.9371192798
2022-11-23,1228475.2547966214,1156115.927369204,1081858.0793958895,1336001.654735165,1346504.1645208225,1146276.0300093943,1264920.9064904726
2022-11-24,1222393.8253816504,1150392.704715457,1076502.4619170895,1329387.9278979066,1339838.4461829686,1140601.5186675037,1258659.0569511293
2022-11-25,1222393.6941293112,1150392.5811941088,1076502.3463295733,1329387.7851572682,1339838.3023202245,1140601.3961974664,1258658.9218048763
2022-11-28,1222393.7755848293,1150392.6578517552,1076502.4180634643,1329387.8737424524,1339838.3916017902,1140601.4722026668,1258659.0056769666
2022-11-29,1220560.184921452,1148667.0688649775,1071146.684640263,1322774.0037238332,1333172.5289570051,1134926.8380126038,1252397.0205740961
2022-11-30,1224825.6656076463,1152681.3053259403,1076502.3463295733,1329387.7851572682,1339838.3023202245,1140601.3961974664,1258658.9218048763
2022-12-01,1237013.111198856,1164150.8891917348,1074887.592810079,1342615.6605653043,1353170.1640447627,1151950.7807243804,1271183.0201791355
2022-12-02,1255294.006168001,1181355.007677533,1074887.592810079,1362457.1769183013,1373167.6575396447,1168974.6028984543,1289968.8867702615
2022-12-05,1297949.6277368166,1221498.1390063812,1074887.592810079,1408754.26545436,1419828.6944463318,1208697.0408610231,1333802.7809809013
2022-12-06,1267481.4144303552,1192824.556413206,1074887.592810079,1375685.0118107554,1386499.4784301016,1180323.9526634046,1302492.9467845329
2022-12-07,1265580.1923087097,1191035.3195785861,1074887.592810079,1373621.4842930392,1366501.8351441284,1163300.002972505,1283706.9394779992
2022-12-08,1265580.1923087097,1183450.191850136,1068042.1537612393,1364873.553616565,1364452.0823914122,1157625.3453192806,1277444.9284834214
2022-12-09,1265580.1923087097,1189251.4424149636,1073277.6762956355,1371564.1380859104,1364452.0823914122,1163300.002972505,1283706.9394779992
2022-12-12,1265580.1923087097,1183450.215866598,1068042.175435657,1364873.5813147596,1355762.5747127996,1157625.3688116637,1277444.9544073748
2022-12-13,1265580.1923087097,1183450.2701711478,1068042.2244445197,1364873.6439442174,1355762.636924184,1157625.4219311979,1277445.013025027
2022-12-14,1265580.1923087097,1177648.912405111,1062806.6051629926,1358182.9358396768,1349116.591626915,1151950.6594160725,1271182.886314856
2022-12-15,1265580.1923087097,1175882.4390365032,1062806.6530075076,1358182.9969811896,1349116.6523602868,1151950.711273598,1271182.9435398753
2022-12-16,1265580.1923087097,1162553.512146952,1052335.608151209,1344801.8283140496,1335824.8076552611,1140601.3961974664,1258658.9218048763
2022-12-19,1265580.1923087097,1162553.5600359908,1052335.6515000444,1344801.8837104389,1335824.8626818603,1140601.4431822323,1258658.9736527828
2022-12-20,1269971.6860073872,1168337.438319507,1057571.1791616625,1351492.4747319687,1342470.7916776885,1146276.1063927298,1264920.990779837
2022-12-21,1269971.6860073872,1168337.438319507,1057571.1791616625,1351492.4747319687,1342470.7916776885,1146276.1063927298,1264920.990779837
2022-12-22,1269971.7377423963,1168337.485914228,1057571.2222440832,1351492.5297879013,1342470.8463661035,1146276.1530887352,1264921.0423090952
2022-12-23,1257397.7601409866,1166584.9796853566,1047100.2200436469,1338111.4156315855,1329179.0558080233,1134926.8842462725,1252397.0715931638
2022-12-26,1276258.7265431012,1182310.288947216,1062806.7233443016,1358183.0868660593,1349116.7416451436,1151950.7875099666,1271183.027667061
2022-12-27,1274344.3384532866,1176485.9740086328,1057571.1086892749,1351492.384673821,1342470.7022207102,1146276.0300093943,1264920.9064904726
2022-12-28,1274344.3384532866,1170661.786018491,1052335.608151209,1344801.8283140496,1335824.8076552611,1140601.3961974664,1258658.9218048763
2022-12-29,1266105.2221101385,1164837.6559708873,1047100.1596990632,1338111.3385159716,1329178.979207183,1134926.8188402215,1252396.9994172836
2022-12-30,1266105.1301872486,1164837.5714003146,1047100.0836765721,1338111.2413652297,1329178.8827049562,1134926.7364412618,1252396.9084896499
2023-01-03,1264839.2191722288,1163090.315043214,1046053.1441309135,1336773.3352787776,1327849.907607684,1133224.3463366,1251144.7035946273
2023-01-04,1240783.147630783,1139260.522721817,1026158.1812850935,1311349.1434125507,1302595.4310785504,1110006.4582005881,1227349.089067375
2023-01-05,1242049.2312098113,1140423.013559001,1027205.2635454315,1312687.2318770965,1303924.587336479,1111139.098462528,1228601.4646580417
2023-01-06,1240186.1573629966,1142748.008280993,1025664.4556501134,1310718.201029281,1306582.9147705876,1113404.391698993,1231106.229895852
2023-01-09,1240186.1573629966,1153210.663889227,1025664.4556501134,1320737.634536799,1318545.5932979481,1123598.3860167474,1242377.866693476
2023-01-10,1240186.1573629966,1155535.554549771,1025664.4556501134,1323400.26217953,1321203.8017513987,1125863.5778638665,1244882.5198237211
2023-01-11,1240186.1573629966,1153802.2512179462,1025664.4556501134,1328726.0485110283,1326520.7488229543,1130394.4133378174,1249892.325623124
2023-01-12,1240186.1573629966,1143993.383484676,1025664.4556501134,1319406.2388640079,1317216.4073556468,1122465.7204592747,1241125.463133198
2023-01-13,1240186.1573629966,1142839.0182524407,1025664.4556501134,1318074.8704213868,1315887.248598321,1121333.078067474,1239873.0851875155
2023-01-16,1240186.1573629966,1138221.4455446985,1019990.3342537637,1312749.2677326323,1310570.484864716,1116802.398824924,1234863.4521352763
2023-01-17,1240186.1573629966,1133603.8966395082,1015852.4265823928,1307423.6924961654,1305253.7485378354,1112271.7429370089,1229853.844906572
2023-01-30,1255983.0643005564,1149765.273771465,1030335.0639701792,1326063.1550353505,1323862.2749777623,1128128.9953371747,1247387.422431882
2023-01-31,1239589.7385917208,1148040.625860808,1016886.9381371264,1308755.130883698,1306582.977123984,1113404.4448334281,1231106.2886473127
2023-02-01,1267332.3190782582,1171976.33119138,1039645.3289568406,1338045.6642152814,1335824.8966693834,1138322.941222364,1258659.0056769666
2023-02-02,1267332.3190782582,1171976.33119138,1039645.3289568406,1338045.6642152814,1335824.8966693834,1138322.941222364,1258659.0056769666
2023-02-03,1261027.1594772725,1166145.581272437,1034472.9447062284,1331388.6956054852,1329178.9766958468,1132659.6217332103,1252396.9970510183
2023-02-06,1259135.6187380566,1171976.301372672,1039645.3025050431,1338045.6301712552,1335824.8626818603,1138322.9122599026,1258658.9736527828
2023-02-07,1276014.6131130923,1189468.4359775046,1055162.3531070051,1358016.4045315816,1355762.4913516082,1155312.7588819664,1277444.8758616655
2023-02-08,1257249.6923320175,1187684.2333235384,1039645.2596789609,1338045.575053176,1335824.8076552611,1138322.8653689963,1258658.9218048763
2023-02-09,1257249.8273269571,1185905.5025951182,1039645.3713090133,1338045.7187234291,1335824.9510870634,1138322.9875943803,1258659.0569511293
2023-02-10,1269759.691824579,1197705.4780828787,1049990.0318832027,1351359.5170386308,1349116.6523602868,1149649.5084017923,1271182.9435398753
2023-02-13,1269759.7758575736,1197705.5573473086,1049990.1013717896,1351359.606471921,1349116.7416451436,1149649.5844858668,1271183.027667061
2023-02-14,1267855.1361937872,1197705.5023886317,1049990.053191278,1351359.544462577,1349116.6797387172,1149649.5317323166,1271182.9693367505
2023-02-15,1267855.1361937872,1203605.4508856325,1055162.3490718903,1358016.399338303,1355762.486166949,1155312.7544638598,1277444.8709765056
2023-02-16,1267855.1361937872,1201800.042709304,1065507.0309451579,1355979.3747392953,1369054.2148070429,1166639.2985919453,1289968.7833512344
2023-02-17,1267855.1361937872,1200000.042645336,1065507.0309451579,1353948.4520612035,1369054.2148070429,1166639.2985919453,1289968.7833512344
2023-02-20,1267855.1361937872,1205825.4657863465,1070679.5551904857,1360521.2206979326,1375700.3146577177,1172302.7713633697,1296230.9614634535
2023-02-21,1267855.1361937872,1194174.8524394026,1060334.7135281248,1347375.9462428712,1362408.380706983,1160976.052279859,1283706.855638155
2023-02-22,1267855.1361937872,1188349.6868687633,1055162.4179853238,1340803.468220303,1355762.5747127996,1155312.8299181901,1277444.9544073748
2023-02-23,1265956.252524285,1188349.7343981382,1053579.6743583458,1340803.5218472378,1355762.6289380405,1155312.8761262193,1277445.0055002149
2023-02-24,1278367.5958635933,1186567.2097965411,1062315.419989045,1353948.6623898256,1369054.4274822639,1166639.4798230962,1289968.9837409584
2023-03-01,1241133.5312656378,1150281.5246537628,1031374.146837831,1314513.204137552,1329178.9948164702,1132659.6371746962,1252397.0141248773
2023-03-02,1272161.7864614516,1179038.4857662313,1057158.4314649778,1347375.9462428712,1362408.380706983,1160976.052279859,1283706.855638155
2023-03-03,1284573.1209635148,1190541.3002615117,1067472.1722597582,1360521.0774257286,1375700.1697870512,1172302.6479118578,1296230.8249614541
2023-03-06,1282646.2612820696,1184789.840708662,1062315.2549640741,1353948.4520612035,1369054.2148070429,1166639.2985919453,1289968.7833512344
2023-03-07,1282646.2612820696,1190541.4188879323,1067472.2786234794,1360521.212989061,1375700.3068628395,1172302.7647209656,1296230.9541188579
2023-03-08,1282646.2612820696,1188755.6067596003,1077785.9781089379,1373666.291522112,1388992.042705697,1183629.314986885,1308754.8732802721
2023-03-09,1274597.22494435,1181295.7658320542,1072629.042657148,1367093.6430171572,1382346.0643270852,1177965.945727857,1302492.8096231036
2023-03-10,1250085.8214932906,1158578.6152336746,1052001.6297745877,1340803.468220303,1355762.5747127996,1155312.8299181901,1277444.9544073748
2023-03-13,1250085.8714918715,1158578.6615723225,1052001.6718505698,1340803.5218472378,1355762.6289380405,1155312.8761262193,1277445.0055002149
2023-03-14,1250085.8214932906,1158578.6152336746,1052001.6297745877,1340803.468220303,1355762.5747127996,1155312.8299181901,1277444.9544073748
2023-03-15,1256213.6111230373,1164257.8461325534,1057158.4314649778,1347375.9462428712,1362408.380706983,1160976.052279859,1283706.855638155
2023-03-16,1254329.2907063528,1162511.4593633546,1057158.5005087769,1347376.0342409909,1362408.4696868819,1160976.1281040637,1283706.9394779992
2023-03-17,1254329.2907063528,1166432.4703975432,1062315.2549640741,1353948.4520612035,1369054.2148070429,1166639.2985919453,1289968.7833512344
2023-03-20,1254329.2907063528,1172094.815687919,1067472.1722597582,1360521.0774257286,1375700.1697870512,1172302.6479118578,1296230.8249614541
2023-03-21,1254329.2907063528,1166432.4703975432,1062315.2549640741,1358480.29580959,1373636.6195323705,1166639.2985919453,1289968.7833512344
2023-03-22,1254329.2907063528,1172094.7639431623,1067472.1251338029,1363030.3148800351,1378237.4023586013,1172302.5961579257,1296230.7677364347
2023-03-23,1254329.2907063528,1166432.4703975432,1062315.2549640741,1356445.6273685372,1371579.250656386,1166639.2985919453,1289968.7833512344
2023-03-24,1254329.2907063528,1164682.8216919468,1077785.9518812154,1376199.8002353383,1391553.817326298,1183629.2861834844,1308754.8414319642
2023-03-27,1254329.2907063528,1168502.619021884,1082942.7356429885,1382784.3774145285,1398211.8574652479,1189292.488855867,1315016.7208920352
2023-03-28,1254329.2907063528,1157374.195624554,1081318.321539524,1369615.2070861273,1384895.7610391525,1177966.0697757532,1302492.9467845329
2023-03-29,1254329.2907063528,1146245.4262786098,1069316.894590845,1356445.6273685372,1371579.250656386,1166639.2985919453,1289968.7833512344
2023-03-30,1254329.2907063528,1157374.0694885498,1079698.6557088783,1369615.0578191138,1384895.6101067937,1177965.941395551,1302492.8048328145
2023-03-31,1254329.2907063528,1162938.4423707325,1084889.5841037147,1376199.833724907,1391553.8511895037,1183629.314986885,1308754.8732802721
2023-04-06,1254329.2907063528,1161194.0347071765,1084889.4707256635,1376199.6899030306,1391553.7057630324,1183629.1912898866,1308754.736506835
2023-04-07,1254329.2907063528,1153907.3940118493,1079698.7733794549,1369615.2070861273,1384895.7610391525,1177966.0697757532,1302492.9467845329
2023-04-10,1254329.2907063528,1142812.1306078893,1069317.0544046524,1356445.8300949144,1371579.4556445454,1166639.4729509864,1289968.9761423739
2023-04-11,1258530.2840449712,1148359.590682806,1074507.7533024512,1363030.3148800351,1378237.4023586013,1172302.5961579257,1296230.7677364347
2023-04-12,1258530.3396056183,1148359.64137972,1074507.80073901,1363030.3750540707,1378237.463203988,1172302.6479118578,1296230.8249614541
2023-04-13,1246370.7574308554,1137264.4989059092,1064126.1949172514,1349861.1415993082,1364921.3029472418,1160976.1745386028,1283706.9908212945
2023-04-14,1264610.191667724,1135558.6021575504,1079698.6557088783,1369615.0578191138,1384895.6101067937,1177965.941395551,1302492.8048328145
2023-04-17,1270690.1297297173,1139309.1278897072,1084889.5841037147,1376199.833724907,1391553.8511895037,1176198.9924834576,1308754.8732802721
2023-04-18,1268784.0945351226,1133857.8154343988,1079698.6557088783,1369615.0578191138,1384895.6101067937,1168817.9442316287,1302492.8048328145
2023-04-19,1268784.0945351226,1139309.1278897072,1084889.5841037147,1376199.833724907,1391553.8511895037,1174437.3364787393,1308754.8732802721
2023-04-20,1268784.0945351226,1128406.5759371181,1074507.7967872012,1363030.3700411376,1378237.4581351264,1163198.6271920537,1296230.8201941955
2023-04-21,1268784.0945351226,1144760.3677360695,1090080.4433577994,1382784.5219245474,1398212.0035875395,1180056.6538781591,1315016.8583198905
2023-04-24,1268784.0945351226,1143043.2271844654,1079698.6120140573,1380710.3451416607,1384895.554060817,1168817.8969301982,1302492.7521216348
2023-04-25,1268784.0945351226,1135844.2307188932,1074507.9138920538,1372014.4982495555,1378237.608341849,1163198.753962845,1296230.9614634535
2023-04-26,1268784.0945351226,1130356.8915856977,1069316.894590845,1365386.2048234479,1371579.250656386,1157579.2633058692,1289968.7833512344
2023-04-27,1268784.0945351226,1135844.0609623273,1074507.7533024512,1372014.293196377,1378237.4023586013,1163198.5801180338,1296230.7677364347
2023-04-28,1268784.0945351226,1141331.276528017,1079698.6557088783,1378642.4373622208,1384895.6101067937,1168817.9442316287,1302492.8048328145
2023-05-02,1268784.0945351226,1146818.608813018,1078079.107725315,1385270.7225162245,1391553.9594826323,1174437.427875485,1308754.975129841
2023-05-03,1268784.0945351226,1145098.3808997986,1086765.3949315955,1398526.758810393,1404870.12179832,1185675.9424243735,1321278.8112064328
2023-05-04,1268784.0945351226,1143383.3786786585,1086765.4640675471,1398526.8477794372,1404870.211170905,1185676.0178526442,1321278.8952612511
2023-05-05,1268784.0945351226,1137964.5001067217,1081614.916844478,1391898.758453468,1398212.0585113273,1180056.7002324895,1315016.9099756528
2023-05-08,1268784.0945351226,1143383.3786786585,1086765.4640675471,1398526.8477794372,1404870.211170905,1185676.0178526442,1321278.8952612511
2023-05-09,1268784.0945351226,1137964.378505916,1081614.8012650858,1391898.609717712,1398211.9091009435,1180056.5741337882,1315016.7694553502
2023-05-10,1268784.0945351226,1154221.0124845721,1097066.4412831585,1411782.8755708223,1418186.3649452426,1196914.5251928424,1333802.7233047124
2023-05-11,1268784.0945351226,1152489.6809658452,1097066.5585136851,1411783.026431375,1418186.5164900606,1196914.6530929536,1333802.8658324478
2023-05-12,1268784.0945351226,1118347.5499853601,1066163.1689419802,1372014.3537670309,1378237.463203988,1163198.6314700486,1296230.8249614541
2023-05-15,1268784.0945351226,1107542.3319817414,1055862.144481384,1358758.2651774497,1364921.2483556892,1151960.0725849243,1283706.9394779992
2023-05-16,1266883.7688818,1107542.3319817414,1055862.144481384,1358758.2651774497,1364921.2483556892,1151960.0725849243,1283706.9394779992
2023-05-17,1260703.765720491,1102139.614478326,1050711.5288123863,1352130.087770407,1358263.0072155246,1146340.6802893232,1277444.8709765056
2023-05-18,1273063.7406232203,1112945.022017083,1061012.733964024,1365386.4088860312,1371579.4556445454,1157579.4363108505,1289968.9761423739
2023-05-19,1273063.7406232203,1111275.6044840573,1061012.733964024,1365386.4088860312,1371579.4556445454,1157579.4363108505,1289968.9761423739
2023-05-22,1266883.8195522337,1104224.7256262777,1055862.1867117716,1358758.3195225068,1364921.3029472418,1151960.1186588563,1283706.9908212945
2023-05-23,1264983.4938229052,1109611.0708528447,1061012.6222321154,1365386.2651014894,1371579.3112078335,1157579.3144098066,1289968.8402998045
2023-05-24,1264983.4938229052,1104224.7256262777,1055862.1867117716,1363338.185703837,1364921.3029472418,1151960.1186588563,1283706.9908212945
2023-05-25,1264983.4938229052,1104224.6093438503,1055862.0755222507,1361296.097988005,1364921.159211679,1151959.9973495647,1283706.855638155
2023-05-26,1264983.4938229052,1104224.6093438503,1055862.0755222507,1361296.097988005,1364921.159211679,1151959.9973495647,1283706.855638155
2023-05-29,1264983.4938229052,1102568.2724298346,1066163.207349954,1374577.0850477747,1378237.512854276,1163198.6733736745,1296230.8716574956
2023-05-30,1264983.4938229052,1132827.5976697728,1097066.5525299555,1414419.9813725664,1418186.5087548466,1196914.6465646226,1333802.8585574876
2023-05-31,1264983.4938229052,1143464.3605694058,1095420.9527011607,1427700.7753903947,1431502.668841442,1208153.1592322118,1346326.6925376204
2023-06-01,1264983.4938229052,1132827.548754426,1095420.9527011607,1414419.9202980974,1418186.4475177396,1196914.5948820056,1333802.8009640556
2023-06-02,1264983.4938229052,1154101.3055385465,1095420.9527011607,1440981.7967356206,1444819.0568607957,1219391.864269461,1358850.740888263
2023-06-05,1264983.4938229052,1154101.283348107,1093780.2612471248,1440981.769029197,1444819.0290805914,1219391.8408236497,1358850.7147610113
2023-06-06,1264983.4938229052,1152370.1314230848,1078658.9424631589,1421060.4507686817,1424844.661378109,1202533.964154128,1340064.8438089313
2023-06-07,1264983.4938229052,1156020.9571518293,1083699.3580171198,1427700.8585168591,1431502.7521892677,1208153.2295757334,1346326.7709261593
2023-06-08,1264983.4938229052,1161397.8489620069,1088739.8671590763,1434341.3895609125,1438160.9666246332,1213772.5993331384,1352588.8143118185
2023-06-09,1264983.4938229052,1156020.9571518293,1083699.3580171198,1427700.8585168591,1431502.7521892677,1208153.2295757334,1346326.7709261593
2023-06-12,1268963.6100618127,1161397.7234163154,1088739.7494676241,1434341.234510357,1438160.8111611863,1213772.4681258004,1352588.6680986166
2023-06-13,1304212.5950972468,1193658.767506378,1118982.5167401994,1474184.041908513,1478109.717898314,1247488.3660649888,1390160.5711404884
2023-06-14,1321837.089625588,1191868.2793551185,1134103.9021015535,1494105.4478802497,1498084.1735455885,1264346.316957759,1408946.5248045488
2023-06-15,1321837.1435916154,1190083.2032101545,1134103.9484030856,1494105.5088793973,1498084.2347071737,1264346.3685766375,1408946.5823269528
2023-06-16,1310087.5588584088,1179504.756762743,1124023.0919960553,1480824.6600531724,1484768.0196662298,1253107.8095289257,1396422.6966623154
2023-06-19,1308122.4275201212,1179504.6376931998,1124022.9785273175,1480824.5105657587,1484767.8697807388,1253107.6830292456,1396422.5556951752
2023-06-20,1308122.4275201212,1195372.4130881755,1139144.3638886714,1500745.916537495,1482540.7179760677,1269965.6339220155,1415208.5093592359
2023-06-21,1308122.4275201212,1190083.2689464418,1134104.0110472627,1494105.591408878,1473770.2896478022,1264346.438414978,1408946.6601525343
2023-06-26,1308122.4275201212,1188298.144043022,1144184.8638333778,1491864.4330217647,1486870.3767524855,1275584.993425943,1421470.5413187519
2023-06-27,1308122.4275201212,1212653.158880958,1169387.1992660642,1522441.2546591456,1519620.8589204594,1303681.607787294,1452780.4970106794
2023-06-28,1308122.4275201212,1196972.342228613,1154265.854689506,1502754.5684839275,1499970.6432794097,1286823.702363115,1433994.594015342
2023-06-29,1323274.4970569266,1212653.2083255255,1169387.2469465106,1522441.3167349738,1519620.920881289,1303681.660943444,1452780.5562461687
2023-06-30,1289051.8807537302,1181291.487420555,1139144.4733185838,1483067.834405621,1480320.3798240144,1269965.7559190446,1415208.6453087677
2023-07-03,1300459.4133890327,1191745.3887690993,1149225.3924419538,1496192.32145998,1493420.5531340847,1281204.3848855468,1427732.6088886373
2023-07-04,1339371.8968080587,1189957.7706859456,1183612.6355713503,1540961.5455519194,1538106.8400824943,1319540.717315422,1470453.374256777
2023-07-05,1315454.5106745425,1166958.0602966503,1181837.2166179933,1513444.3396215138,1510640.611101189,1295977.4598436605,1444195.2444369374
2023-07-06,1313481.3289085308,1140436.3207260699,1153247.4436784615,1479047.9221360327,1476307.9146354878,1266523.4650097943,1411372.6679749433
2023-07-07,1281013.7308957095,1113914.5458254635,1126427.735685939,1444651.4588305436,1441975.1724346625,1237069.4309397992,1378550.0477894794
2023-07-10,1287113.7411976922,1119218.8529075684,1131791.6288483634,1451530.6893720296,1448841.6588702954,1242960.184560156,1385114.5125493028
2023-07-11,1281013.6526753446,1113914.4778083924,1126427.6669047961,1444651.370618246,1441975.0843857825,1237069.3554027302,1378549.96361342
2023-07-12,1281013.7379699028,1112243.6060916798,1126427.7419064557,1444651.4668084,1441975.1803977396,1237069.4377713169,1378550.0554023013
2023-07-13,1323714.1166194794,1147596.9287308434,1163975.2635880096,1492806.4262916169,1490040.9304995716,1278305.0091340146,1424501.6385963734
2023-07-14,1321728.5454445502,1137020.0726626317,1153247.4561830661,1479047.938173276,1476307.9306430214,1276387.5516203137,1411372.683278387
2023-07-17,1321728.5454445502,1163462.2710573415,1180067.0337505722,1513444.2342077685,1510640.5058827277,1304114.6663805328,1444195.1438464988
2023-07-18,1321728.5454445502,1168750.851063415,1185431.0915939335,1520323.6759537088,1517507.2031315484,1310042.5893753883,1450759.8101469146
2023-07-19,1321728.5454445502,1195193.1435150523,1212250.7645607337,1554720.0943384643,1551839.9004948577,1339681.5233199887,1483582.3874670358
2023-07-20,1321728.5454445502,1193400.3537997797,1169339.2539047636,1499685.7814342107,1496907.5413054826,1292259.1915350438,1431066.2222560614
2023-07-21,1321728.5454445502,1169748.4979203476,1147883.5084189596,1472168.6376047502,1469441.3743100772,1268548.0365193542,1404808.1516956782
2023-07-24,1321728.5454445502,1180680.7056422357,1158611.370841417,1485927.196283438,1483174.444596258,1280403.6026218783,1417937.1743454554
2023-07-25,1321728.5454445502,1186146.8331222653,1163975.3252302422,1483698.3054890127,1490041.0094097103,1286331.411287146,1424501.7140356582
2023-07-26,1321728.5454445502,1224409.6554784868,1201522.9372565513,1529265.6692739513,1538106.8751646727,1327825.9960273425,1470453.40779587
2023-07-27,1321728.5454445502,1224409.5135699578,1201522.7980005827,1529265.4920327475,1538106.6968987773,1327825.8421329062,1470453.2373709807
2023-07-28,1302073.8575143288,1222572.899299603,1185431.1061230586,1508784.4248922225,1517507.2217307333,1310042.6054318026,1450759.8279280164
2023-07-31,1302073.803975309,1220741.7364248873,1185431.0573801864,1508784.3628536223,1517507.159333467,1310042.5515651216,1450759.768275287
2023-08-01,1290290.2407654433,1209694.2156390713,1174703.0926880697,1495130.101585588,1503773.9581287152,1298186.8724424397,1437630.6204653785
2023-08-02,1296182.09039847,1215218.0398108014,1180067.13696811,1501957.3110474902,1510640.6380147072,1304114.7804482093,1444195.2701666674
2023-08-04,1284398.6758993834,1204170.6584467709,1178297.0362626577,1488303.2220987952,1496907.6101255317,1292259.2509464226,1431066.2880490678
2023-08-07,1282472.0778855344,1237312.9420941488,1208913.8317234514,1529265.661429221,1538106.8672745896,1327825.9892159447,1470453.4002528312
2023-08-08,1263400.8710934543,1235456.9726810076,1192722.8893594474,1508784.257764452,1517507.0536367402,1310042.4603186264,1450759.6672276196
2023-08-09,1263400.8710934543,1233606.5628367523,1192722.8893594474,1508784.257764452,1517507.0536367402,1310042.4603186264,1450759.6672276196
2023-08-10,1269117.7352597865,1239188.608342491,1198119.9370444324,1515611.4769434873,1524373.7432960432,1315970.376761558,1457324.3262723417
2023-08-11,1257684.212670063,1228024.7182219957,1187326.0359075994,1501957.284288674,1510640.611101189,1304114.7572141483,1444195.2444369374
2023-08-14,1251967.4955941136,1222442.8163378628,1181929.1270843726,1495130.2407685753,1503774.0981163671,1298186.9932918071,1437630.7542956884
2023-08-15,1250089.5443507223,1205696.9670194183,1165738.2617099672,1474648.9344949902,1483174.3824327532,1280403.5489570003,1417937.1149162056
2023-08-16,1250089.5443507223,1203888.4215688892,1149547.5150225454,1454167.7783594243,1462574.8177551578,1262620.234983562,1398243.619900758
2023-08-17,1236496.8240224218,1190798.0644062231,1138753.6001708533,1440513.5683554318,1448841.668110823,1250764.6003722614,1385114.5213833866
2023-08-18,1248217.2940216695,1202085.366336877,1149547.5845532152,1454167.8663151271,1462574.9062193627,1262620.3113534637,1398243.704473874
2023-08-21,1248217.2940216695,1202085.366336877,1149547.5845532152,1454167.8663151271,1462574.9062193627,1262620.3113534637,1398243.704473874
2023-08-22,1248217.1730652885,1202085.249850832,1149547.473158255,1454167.7254014548,1462574.7644910202,1262620.1890013823,1398243.5689794377
2023-08-23,1248217.1730652885,1202085.249850832,1149547.473158255,1454167.7254014548,1462574.7644910202,1262620.1890013823,1398243.5689794377
2023-08-24,1246344.8473056906,1200282.1219760557,1176532.211230859,1451986.4738133526,1496907.5761868774,1292259.2216476605,1431066.2556032017
2023-08-25,1246344.8473056906,1192986.732742435,1171135.2471919437,1443161.209907079,1490040.9929508704,1286331.397078461,1424501.6983007584
2023-08-28,1246344.8473056906,1192986.732742435,1171135.2471919437,1443161.209907079,1490040.9929508704,1286331.397078461,1424501.6983007584
2023-08-29,1246344.8473056906,1187489.1846502598,1165738.3956032605,1436510.802204734,1483174.5527858324,1280403.6960204137,1417937.2777763228
2023-08-30,1246344.8473056906,1170996.279307895,1149547.5845532152,1416559.2632852239,1462574.9062193627,1262620.3113534637,1398243.704473874
2023-08-31,1238635.3897534928,1165498.531253103,1144150.5366645542,1409908.6136872359,1455708.2163009215,1256692.3946868218,1391679.0451814122
2023-09-01,1244478.0617103882,1163750.2834562233,1149547.5213707373,1416559.1854270075,1462574.8258319928,1262620.2419561797,1398243.627622334
2023-09-04,1256163.2490424572,1172918.0897636428,1147823.2000886812,1429860.1506733762,1476307.8608712177,1274475.7776305033,1411372.6165754888
2023-09-05,1244477.9871734164,1162007.2029499495,1135442.590669526,1416559.1005833813,1462574.7382322983,1262620.1663325976,1398243.5438757027
2023-09-06,1244478.1301105248,1162007.3364147043,1135442.721083147,1416559.2632852239,1462574.9062193627,1262620.3113534637,1398243.704473874
2023-09-07,1242611.412915359,1156551.8329560822,1130111.9357276526,1409908.6650333742,1455708.2693149927,1256692.4404531226,1391679.095863665
2023-09-08,1242611.412915359,1151096.4694061156,1124781.2870823664,1403258.2373388836,1448841.8085083826,1250764.721575497,1385114.6556055748
2023-09-11,1242611.412915359,1149369.8247020065,1130111.8667215477,1409908.578942517,1455708.180427552,1256692.3637178473,1391679.010885929
2023-09-12,1242611.412915359,1147648.4285883561,1130111.9419685148,1409908.672819369,1455708.2773539084,1256692.4473930052,1391679.1035489899
2023-09-13,1242611.412915359,1158475.3642293455,1140773.4380835374,1423209.776258394,1469441.4550748526,1268548.106242447,1404808.2289080236
2023-09-14,1242611.412915359,1153061.8162123882,1135442.6110549946,1416559.1260159493,1462574.7644910202,1262620.1890013823,1398243.5689794377
2023-09-15,1242611.412915359,1153061.9279479,1135442.721083147,1416559.2632852239,1462574.9062193627,1262620.3113534637,1398243.704473874
2023-09-18,1242611.412915359,1147648.3804555226,1130111.8945711683,1409908.6136872359,1460381.0438600336,1256692.3946868218,1391679.0451814122
2023-09-19,1246602.8831798127,1145926.9078848392,1135442.6110549946,1416559.1260159493,1465072.0256510854,1262620.1890013823,1398243.5689794377
2023-09-20,1246603.003979764,1144210.7028746428,1135442.721083147,1416559.2632852239,1465072.1676214207,1262620.3113534637,1398243.704473874
2023-09-21,1240750.2569080235,1138838.683218566,1130111.8667215477,1409908.578942517,1458193.717295567,1256692.3637178473,1391679.010885929
2023-09-22,1229045.0658051174,1128094.9220561266,1119450.4340166273,1407793.7160741033,1444437.1727927786,1244836.7753808864,1378549.96361342
2023-09-25,1234897.7367610328,1133466.871848308,1124781.2190496922,1412379.0135252308,1451315.5336633876,1250764.6459226834,1385114.5718265723
2023-09-26,1233045.3901558912,1128095.0540449799,1119450.564994062,1405685.35275901,1444437.3417941653,1244836.9210287174,1378550.1249059013
2023-09-27,1233045.3901558912,1126402.9114639123,1108789.1310417377,1392297.8732089242,1430680.7956818398,1232981.3313046342,1365421.0760972735
2023-09-28,1237117.816268776,1130123.1253886367,1114119.8480179,1398991.6129839672,1437559.0687380026,1238909.126166676,1371985.6005015874
2023-10-02,1231198.470703659,1124715.7266572197,1108789.0215641481,1392297.7357387678,1430680.6544219009,1232981.209564783,1365420.9412808293
2023-10-03,1231198.59226749,1124715.8377073512,1108789.1310417377,1392297.8732089242,1430680.7956818398,1232981.3313046342,1365421.0760972735
2023-10-04,1219359.9931242543,1113901.1242758296,1107125.947345175,1378910.2227417938,1416924.0739406224,1221125.5902210404,1352291.8596709692
2023-10-05,1219359.9706779392,1113901.1037708304,1105467.72537683,1378910.1973584343,1416924.0478574932,1221125.5677422239,1352291.8347776078
2023-10-06,1217530.9307219223,1112230.2521151742,1126933.2154908539,1405685.274124637,1444437.2609919969,1244836.851392244,1378550.0477894794
2023-10-11,1217530.9307219223,1126429.6794322475,1143032.330563031,1425766.5785642618,1465072.1676214207,1262620.3113534637,1398243.704473874
2023-10-12,1217530.9307219223,1126429.550053838,1143032.1992776894,1425766.414804894,1465071.9993475282,1262620.1663325976,1398243.5438757027
2023-10-13,1217530.9307219223,1131718.0194805865,1148398.6164134794,1432460.2396375432,1471950.3598061688,1260726.2360830987,1404808.1516956782
2023-10-16,1217530.9307219223,1131717.9516972834,1148398.547631106,1432460.1538415367,1471950.2716449345,1258837.9037173805,1404808.0675558704
2023-10-17,1217530.9307219223,1137006.3737542725,1153764.9166989452,1439153.918716409,1478828.5704928797,1264720.3465346997,1411372.6165754888
2023-10-18,1217530.9307219223,1135300.864193641,1137665.9127812432,1419072.7529258241,1458193.806334778,1247073.1313013625,1391679.095863665
2023-10-19,1217530.9307219223,1122906.0224628823,1126933.1181025938,1405685.1526469477,1444437.1361654056,1235308.1836861204,1378549.9286567846
2023-10-20,1192551.038816613,1101517.3363207323,1105467.72537683,1378910.1973584343,1416924.0478574932,1211778.503996861,1352291.8347776078
2023-10-23,1180973.0070739852,1090823.1167277228,1094735.152934845,1365522.8742874723,1403167.6625381142,1200013.7999903706,1339162.9394274445
2023-10-24,1155501.0425480802,1067295.5614263804,1071123.2203895736,1336070.42278789,1372903.2646983855,1174131.1517326564,1310279.035491302
2023-10-25,1138133.796827118,1051254.0490523984,1055024.1780858883,1315989.2091163744,1352268.4513393696,1156483.8944218273,1290585.4678228367
2023-10-26,1138133.8192438614,1049677.16797882,1055024.1988657003,1314015.2253026997,1352268.4779737205,1156483.9171999951,1290585.4932422764
2023-10-27,1136426.6185149956,1050237.4848815221,1057170.7510645841,1314716.6456666035,1355019.8033726986,1158836.8993383276,1293211.3184426322
2023-10-30,1136426.6185149956,1048104.9982394192,1055024.186561298,1312047.1392688665,1352268.4622026556,1156483.9037123015,1290585.4781906
2023-10-31,1136426.6185149956,1013985.5669596406,1020679.5118461224,1269335.4812963242,1308247.4614962016,1118836.365397759,1248572.4712802505
2023-11-01,1150236.0099388184,1027846.5654655091,1034632.0153626077,1286687.066745858,1326130.9666465533,1134130.6552717164,1265640.2301545471
2023-11-02,1147849.5904168512,1025714.0699704809,1032485.4419479526,1284017.5492657817,1323379.614054437,1131777.6498773315,1263014.3790014533
2023-11-03,1143076.918778587,1024175.4988655251,1028192.4456992749,1278678.7015704236,1317877.1018756758,1127071.8041502538,1257762.8608968982
2023-11-06,1147849.5999252165,1026911.3646895896,1026650.157030726,1284017.5599021122,1323379.6250168285,1131777.6592525626,1263014.3894638014
2023-11-07,1150235.9868420626,1029046.3202147869,1027243.7039475499,1286687.040909163,1326130.940017824,1134130.6324983563,1265640.2047404728
2023-11-08,1148510.6328617996,1021573.978902576,1019784.4521957788,1277343.861168075,1316501.3414139168,1125895.2294730654,1256449.8549938225
2023-11-09,1167161.9506459115,1039721.1459736162,1037899.830242434,1300034.5061282038,1339887.5770515467,1145895.5517754047,1278769.340323168
2023-11-10,1173153.4283653693,1045058.4224990399,1043227.7572747413,1306708.0682449976,1346765.7198491595,1151777.86113572,1285333.7404106043
2023-11-13,1171955.1056996689,1043490.8348652914,1042162.1477501865,1305373.3256122172,1345390.0601541337,1150601.372636024,1284020.8306778425
2023-11-14,1179145.0539219545,1048320.1741248542,1048555.8157713487,1313381.7950290565,1353644.0323619775,1157660.3156394802,1291898.3024717798
2023-11-15,1204309.793327977,1070692.9126680752,1070933.5832638133,1341411.3495801184,1382532.843971377,1182366.5382258063,1319469.3667888055
2023-11-16,1202503.328637985,1076019.6333109748,1076261.5012481872,1348084.9003638092,1389410.9750884662,1188248.837596731,1326033.7557285186
2023-11-17,1202503.328637985,1081346.5791884942,1081589.6445178092,1354758.7333313755,1396289.3970398887,1194131.3856943215,1332598.4222363168
2023-11-20,1202503.328637985,1092000.1229146032,1092245.582949893,1368105.9632404996,1410045.7915501762,1205896.0975610393,1345727.3263581502
2023-11-21,1202503.328637985,1090362.1227302314,1086917.6723233156,1361432.4216729093,1403167.669931711,1200013.8063135054,1339162.9464837865
2023-11-22,1202503.328637985,1099402.8642730473,1097573.7489742292,1374779.8247097698,1416924.2428770338,1211778.670781021,1352292.020901439
2023-11-23,1202503.328637985,1094065.8883322482,1092245.6523484292,1368106.05016651,1410045.8811409378,1205896.174180643,1345727.4118622786
2023-11-24,1202503.328637985,1088728.9815598957,1086917.6247759978,1366053.8910912604,1403167.6085500065,1200013.7538187862,1339162.8879019746
2023-11-27,1202503.328637985,1094065.8883322482,1092245.6523484292,1370694.1924060397,1410045.8811409378,1205896.174180643,1345727.4118622786
2023-11-28,1202503.328637985,1088729.0291864516,1086917.6723233156,1364007.93894101,1403167.669931711,1200013.8063135054,1339162.9464837865
2023-11-29,1202503.328637985,1087095.935642672,1092245.7210665876,1370694.2786426665,1410045.969853359,1205896.2500490744,1345727.4965281312
2023-11-30,1202503.328637985,1080172.701526715,1086917.6247759978,1364007.8792723517,1403167.6085500065,1200013.7538187862,1339162.8879019746
2023-12-01,1202503.328637985,1069582.8142335124,1076261.6110412453,1350635.304971855,1389411.1168269562,1188248.9588139944,1326033.8910016853
2023-12-04,1200702.1527374794,1069582.7051217807,1076261.5012481872,1350635.1671890155,1389410.9750884662,1188248.837596731,1326033.7557285186
2023-12-05,1200702.1527374794,1069582.7051217807,1074647.108996315,1350635.1671890155,1389410.9750884662,1188248.837596731,1326033.7557285186
2023-12-06,1206646.2228005363,1074877.6690085223,1078349.6197597266,1357321.479897872,1396289.2472423695,1194131.2575848338,1332598.2792717293
2023-12-07,1200702.1527374794,1073265.3525050096,1073037.552667314,1350635.1671890155,1389410.9750884662,1188248.837596731,1326033.7557285186
2023-12-08,1200702.2290270731,1071657.9337968943,1073037.6208454203,1350635.2530049756,1389411.0633681435,1188248.9130950726,1326033.839981367
2023-12-11,1198901.1756835326,1076963.1026653927,1078349.6197597266,1357321.479897872,1396289.2472423695,1194131.2575848338,1332598.2792717293
2023-12-12,1198901.1756835326,1071657.8657064498,1073037.552667314,1350635.1671890155,1389410.9750884662,1188248.837596731,1326033.7557285186
2023-12-13,1198901.1756835326,1066352.628747507,1067725.4855749016,1343948.854480159,1382532.702934563,1182366.4176086285,1319469.2321853084
2023-12-14,1198901.1756835326,1076963.2388495863,1078349.756119248,1357321.6515339576,1396289.423806009,1194131.408585181,1332598.4477815153
2023-12-15,1198901.1756835326,1075347.793991312,1078349.688275348,1357321.5661386638,1394194.9896703002,1194131.3334569293,1332598.3639416709
2023-12-18,1198901.1756835326,1073737.2557627049,1078349.756119248,1357321.6515339576,1392106.9170099543,1194131.408585181,1332598.4477815153
2023-12-19,1203002.5658608284,1079026.5811658439,1083661.8031101655,1364007.93894101,1398964.5597344735,1200013.8063135054,1339162.9464837865
2023-12-20,1208899.5467838754,1084315.8459979952,1088973.7892698979,1370694.149779691,1405822.123928337,1205896.136679243,1345727.3700123557
2023-12-21,1214796.5647508346,1089605.1440564815,1094285.808798697,1377380.4026201032,1412679.7312003465,1211778.503996861,1352291.8347776078
2023-12-22,1220693.6354535087,1094894.4894159792,1099597.8758317004,1384066.7152541815,1419537.3997984065,1217660.9239191758,1358856.3582474021
2023-12-25,1220693.6354535087,1093252.1476818554,1099597.8758317004,1381990.6151813003,1419537.3997984065,1217660.9239191758,1358856.3582474021
2023-12-26,1218862.5950003285,1096888.3828353009,1104910.1001586805,1386587.215212967,1426395.2714567736,1223543.5180240104,1365421.0760972735
2023-12-27,1218862.5950003285,1096888.2266832886,1104909.9428647037,1386587.0178196977,1426395.0683964663,1223543.3438414906,1365420.8817171962
2023-12-28,1218862.5950003285,1091614.8809947467,1099598.032369456,1379920.9305244433,1419537.6018824624,1217661.0972642798,1358856.5516929599
2023-12-29,1222916.3246827219,1096888.2745327456,1104909.9910640914,1386587.0783066594,1426395.1306199708,1223543.3972160125,1365420.9412808293
2024-01-02,1228795.7076454423,1102161.7557212226,1110222.0380502066,1393253.3368886926,1433252.7733382906,1229425.794939019,1371985.4399771658
2024-01-03,1228795.7300898503,1100508.5130876407,1110222.0583288227,1393253.36233698,1433252.7995171824,1229425.8173949358,1371985.465036987
2024-01-04,1228795.8514164435,1098860.3312507684,1108556.7252413295,1393253.499901491,1433252.941031085,1229425.9387837413,1371985.6005015874
2024-01-05,1222916.445428805,1093602.6263165541,1101600.225738887,1386587.215212967,1426395.2714567736,1223543.5180240104,1365421.0760972735
2024-01-08,1221082.0707606617,1088344.8477690788,1096303.9966558495,1379920.837189621,1419537.5058680554,1217661.0149043563,1358856.4597828859
2024-01-09,1221082.0707606617,1072571.6658847902,1080415.4642893195,1359921.8980707126,1398964.4096499558,1215834.5233819997,1339162.8028149398
2024-01-10,1207299.774234684,1062056.2977887888,1069823.1965043573,1346589.3816572472,1385249.1249854672,1202111.4556791605,1326033.80616141
2024-01-11,1195346.3876022766,1060463.2133421055,1059230.955398174,1333256.8988244338,1371533.8748657096,1190209.4382087374,1312904.8425759259
2024-01-12,1195346.3876022766,1058874.9009906196,1059230.955398174,1333256.8988244338,1371533.8748657096,1190209.4382087374,1312904.8425759259
2024-01-15,1207299.774234684,1069463.5815757357,1069823.1965043573,1346589.3816572472,1385249.1249854672,1202111.4556791605,1326033.80616141
2024-01-16,1192955.654980277,1056757.1158911113,1057112.4581779817,1330590.3405827517,1368790.7613959843,1187828.9796567645,1310278.9891251754
2024-01-17,1191166.2214978065,1056757.189882639,1057112.5321943895,1330590.4337474066,1368790.8572353385,1187829.0628256209,1310279.0808676796
2024-01-18,1179847.989289821,1048286.1605569534,1048638.654423316,1319924.3406347563,1357818.5472256395,1178307.3534666195,1299775.8047838942
2024-01-19,1191765.6359972192,1046713.7313161179,1059230.955398174,1333256.8988244338,1371533.8748657096,1190209.4382087374,1312904.8425759259
2024-01-22,1197724.4739760302,1050371.7509524624,1064527.1188842754,1339923.1942807373,1378391.555516937,1196160.4951858108,1319469.3775836502
2024-01-23,1191765.5144212078,1045145.90567882,1059230.8473424702,1333256.7628144242,1371533.7349509373,1190209.316791479,1312904.708642098
2024-01-24,1203683.2923571914,1055597.4724206482,1069823.2649521558,1331256.8776702026,1385249.2136143667,1202111.5325908246,1326033.8910016853
2024-01-25,1201877.7674186556,1055597.4982180602,1069823.2910972273,1329263.015680846,1385249.2474680333,1202111.5619688474,1326033.9234082073
2024-01-26,1201877.7674186556,1066048.9381608693,1080415.5801990828,1342424.0099045325,1398964.5597344735,1214013.6333698148,1339162.9464837865
2024-01-29,1201877.7674186556,1064449.864753628,1085711.7350039803,1349004.5197570059,1405822.2291449367,1219964.6805922159,1345727.4707312558
2024-01-30,1201877.7674186556,1062855.601755928,1085711.7558164932,1349004.5456167003,1405822.256093796,1219964.703978286,1345727.4965281312
2024-01-31,1201877.7674186556,1057670.9200089625,1080415.5801990828,1342424.0099045325,1398964.5597344735,1214013.6333698148,1339162.9464837865
2024-02-01,1201877.7674186556,1062855.4750342544,1085711.6263697364,1349004.384778188,1405822.0884810474,1219964.5585248785,1345727.3360803337
2024-02-02,1201877.7674186556,1062855.601755928,1084083.058930182,1349004.5456167003,1405822.256093796,1219964.703978286,1345727.4965281312
2024-02-05,1201877.7674186556,1052486.212595257,1071898.7232190324,1335843.4416154572,1392106.8294261608,1208062.5333006,1332598.3639416709
2024-02-15,1200077.5746923327,1050907.4832763642,1071898.655113289,1335843.3567393315,1392106.7409752011,1208062.4565433513,1332598.2792717293
2024-02-16,1194165.9383760244,1044164.4189369789,1066618.4339420912,1329262.932050849,1385249.160315687,1202111.486338528,1326033.839981367
2024-02-19,1200077.583362272,1049333.4906326777,1071898.6628572016,1335843.3663901081,1392106.7510324519,1208062.465270977,1332598.288899062
2024-02-20,1223724.409768862,1070009.9929185482,1093019.79865496,1362165.3780911516,1419537.3997984065,1231866.6291022385,1358856.3582474021
2024-02-21,1223724.4322955187,1070010.0126155873,1093019.8187755703,1362165.403166268,1419537.4259296427,1231866.6517787795,1358856.383261605
2024-02-22,1221888.8456470754,1070009.9929185482,1093019.79865496,1362165.3780911516,1419537.3997984065,1231866.6291022385,1358856.3582474021
2024-02-23,1221888.8456470754,1068404.9779291702,1093019.8187755703,1362165.403166268,1419537.4259296427,1231866.6517787795,1358856.383261605
2024-02-26,1221888.8456470754,1061651.1049942255,1087739.5097725687,1355584.8690182474,1412679.7312003465,1225915.5825848363,1352291.8347776078
2024-02-27,1221888.8456470754,1071958.3972757228,1098300.087537351,1368745.8871640556,1426395.0683964663,1237817.6756196406,1365420.8817171962
2024-02-29,1221888.8456470754,1061651.1245373923,1087739.529795978,1355584.893972228,1412679.7572053452,1225915.6051518288,1352291.8596709692
2024-03-01,1221888.8456470754,1061651.251115474,1087739.6594845168,1355585.0555953183,1412679.925635717,1225915.751314765,1352292.020901439
2024-03-04,1214136.0357822045,1056497.5116791776,1082459.275013987,1349004.4273966185,1405822.1328944913,1219964.597066617,1345727.3785952337
2024-03-05,1267439.5690604474,1054912.765411659,1129981.877331674,1346980.9207555235,1467541.1533630297,1273524.0184012488,1404808.0927774631
2024-03-06,1255594.33944306,1043488.5348018704,1119421.2990388547,1332393.7234343388,1453825.8154811324,1261621.9247713306,1391679.0451814122
2024-03-07,1279284.8523315527,1063177.0423127303,1140542.5034593018,1357533.2845855693,1481256.553369419,1285426.165942454,1417937.1998423669
2024-03-08,1273362.152489369,1058254.8559136319,1135262.1385015438,1351248.3182970057,1474398.7859700117,1279475.0336857946,1411372.581794692
2024-03-11,1271452.109260635,1033644.3521925512,1108860.773151915,1319824.0337026843,1440110.5456603135,1249719.8902044364,1378550.062737029
2024-03-12,1271452.109260635,1097631.8269999241,1177504.500209909,1401527.3844998681,1529260.2005341647,1327083.4629082447,1463888.8325208318
2024-03-13,1271452.109260635,1095985.3792594243,1283110.3122558978,1527224.9402361005,1666413.617169288,1446104.4320240694,1595179.3446809622
2024-03-14,1264323.2908119047,1089840.373297897,1281185.646787514,1520940.0395483437,1659555.9213494335,1440153.361883746,1588614.7951530248
2024-03-15,1337465.952836302,1152888.983304505,1353273.9060471882,1608928.2970458546,1755563.2786036849,1523468.0104210826,1680518.1207448666
2024-03-18,1389710.729547953,1197923.720359556,1406136.1810839511,1671777.0742023564,1824139.9861447767,1582978.4943051788,1746163.3760816536
2024-03-19,1389710.729547953,1197923.720359556,1406136.1810839511,1671777.0742023564,1824139.9861447767,1582978.4943051788,1746163.3760816536
2024-03-20,1426282.0708822056,1229448.034260419,1443139.7712178426,1715771.2153682092,1872143.6783206726,1624635.8303313942,1792115.0518471748
2024-03-21,1424142.6477758824,1227603.8622090283,1490715.7126772464,1772334.9886964173,1933862.5775013207,1678195.146413072,1851195.6499262138
2024-03-22,1424142.6477758824,1251845.514403725,1522433.2982060795,1810044.5171542373,1930961.7836350687,1713901.6849822765,1890583.0769572798
2024-03-25,1424142.6477758824,1277925.629287136,1554150.6585853728,1847753.7779282837,1930961.7836350687,1749607.9700860737,1929970.2243938895
2024-03-26,1424142.6477758824,1269232.0083441127,1543577.9019206301,1835183.6638518423,1930961.7836350687,1737705.5337140092,1916840.798723351
2024-03-27,1424142.6477758824,1243152.0433206195,1511860.7237936403,1797474.6197603808,1930961.7836350687,1701999.453783424,1877453.877610693
2024-03-28,1424142.6477758824,1308352.3778316197,1591154.182268828,1891747.840090184,1930961.7836350687,1791265.2313047328,1975921.81764015
2024-03-29,1424142.6477758824,1306389.8492648723,1659875.1158388301,1973451.221886071,1930961.7836350687,1868628.8333607086,2061260.619801954
2024-04-01,1424142.6477758824,1254582.1425667475,1596440.2623877772,1898032.5425778506,1930961.7836350687,1797216.1137726177,1982486.160149015
2024-04-02,1424142.6477758824,1262890.706735325,1607012.8075494773,1910602.4051950504,1930961.7836350687,1809118.31204202,1995615.3231715458
2024-04-03,1424142.6477758824,1296124.6727020442,1649302.6182744638,1907736.5015872577,1930961.7836350687,1856726.688674705,2048131.5158865869
2024-04-08,1424142.6477758824,1321050.1796723125,1681020.0176679806,1941511.522547566,1930961.7836350687,1892433.0176993385,2087518.7117717103
2024-04-09,1424142.6477758824,1316895.9338242866,1675733.7911973267,1935406.1404011904,1930961.7836350687,1886481.970473869,2080954.187520856
2024-04-10,1424142.6477758824,1314920.5899235501,1681019.8940309538,1941511.3797516983,1930961.7836350687,1892432.8785131364,2087518.558237187
2024-04-11,1424142.6477758824,1263405.911381932,1617585.2772218767,1868246.9104599722,1930961.7836350687,1821020.4253282314,2008744.392450203
2024-04-12,1424142.6477758824,1246890.7161005177,1596440.2623877772,1843825.2560398215,1930961.7836350687,1797216.1137726177,1982486.160149015
2024-04-15,1424142.6477758824,1226246.7643625143,1570009.048085046,1813298.2506595608,1930961.7836350687,1767460.785389458,1949663.4371285345
2024-04-16,1424142.6477758824,1176701.4586883618,1567654.0345129184,1740033.7016973956,1930961.7836350687,1696048.2545480635,1870889.1856796676
2024-04-17,1424142.6477758824,1180830.2696295392,1570798.4225050954,1746139.1332259616,1930961.7836350687,1693504.1821662413,1877453.7630263933
2024-04-18,1424142.6477758824,1179059.0242250948,1587275.3571560513,1764455.309240295,1930961.7836350687,1708705.1845901378,1897147.3675783016
2024-04-19,1424142.6477758824,1189514.2796566612,1603752.4791276949,1782771.6934850283,1930961.7836350687,1726442.8402609953,1916841.1960201282
2024-04-22,1424142.6477758824,1152851.1682973807,1554321.7520312935,1727823.2508776132,1930961.7836350687,1673230.5609378826,1857760.4742249874
2024-04-23,1424142.6477758824,1185440.4304372256,1598259.9466739036,1776666.0559183804,1930961.7836350687,1720530.1177847022,1910276.3971406708
2024-04-24,1424142.6477758824,1201735.0477641288,1620229.0254663003,1801087.437841562,1930961.7836350687,1744179.876261704,1936534.3364523423
2024-04-25,1424142.6477758824,1246545.714622868,1680644.6247534405,1868246.9413533704,1930961.7836350687,1809217.3930773244,2008744.4256668724
2024-04-26,1424142.6477758824,1244675.8960509337,1719090.6843211292,1910984.550563861,1930961.7836350687,1850604.655227021,2054696.0246593014
2024-04-29,1424142.6477758824,1246782.2817656987,1724582.9299655329,1917089.8693059618,1930961.7836350687,1856517.0689524189,2061260.480737699
2024-04-30,1424142.6477758824,1266635.3774733476,1752044.268216101,1947616.585326977,1930961.7836350687,1886079.2560253679,2094082.8926382957
2024-05-02,1424142.6477758824,1218987.8431954794,1686136.9117575327,1874352.306071944,1930961.7836350687,1815129.8513265122,2015308.9311793044
2024-05-03,1424142.6477758824,1250752.802207224,1730075.0610911343,1923195.060746075,1930961.7836350687,1862429.3593980907,2067824.7999406368
2024-05-06,1424142.6477758824,1282518.0703723673,1774013.6380540675,1972038.290783753,1930961.7836350687,1909729.327813524,2120341.179814208
2024-05-07,1424142.6477758824,1280594.2932668086,1861890.5737362371,1969080.2333475773,1930961.7836350687,2004329.0297046024,2225373.678711553
2024-05-08,1424142.6477758824,1271132.4659939723,1850905.9685814509,1954531.4436549703,1930961.7836350687,1992504.0796768465,2212244.630459567
2024-05-09,1424142.6477758824,1278676.2496597252,1861890.5312341808,1966130.991910797,1930961.7836350687,2004328.9839510513,2225373.627912135
2024-05-10,1424142.6477758824,1293763.9045576632,1883859.7840458094,1989330.2230672252,1930961.7836350687,2027978.929760114,2251631.7752155242
2024-05-13,1424142.6477758824,1289991.9981303813,1878367.481468416,1983530.4264985158,1930961.7836350687,2022066.4547462359,2245067.251089531
2024-05-14,1424142.6477758824,1282448.1749903867,1867382.8613369332,1971930.8175459104,1930961.7836350687,2010241.4885960352,2231938.1849370594
2024-05-15,1424142.6477758824,1280524.502727901,1845413.623878126,1948731.602601852,1930961.7836350687,1986591.5593143164,2205680.0559837087
2024-05-16,1424142.6477758824,1331881.837491456,1842645.5034423089,2029928.7069127194,1930961.7836350687,2069366.1609317819,2297583.339813555
2024-05-17,1424142.6477758824,1316660.3107897264,1842645.5034423089,2006729.4912277337,1930961.7836350687,2045716.2308947404,2271325.210021583
2024-05-20,1424142.6477758824,1293828.0605508857,1842645.5034423089,1971930.7283806244,1930961.7836350687,2010241.3976984464,2231938.0840149554
2024-05-21,1424142.6477758824,1263385.1547411268,1796594.3999835602,1925532.5219590536,1930961.7836350687,1962941.766943062,2179422.079039804
2024-05-22,1424142.6477758824,1263385.0667417478,1796594.2748442143,1925532.387838698,1930961.7836350687,1962941.630217016,2179421.927235116
2024-05-23,1424142.6477758824,1261489.9891416351,1877765.716869083,2012529.3480177056,1930961.7836350687,2051628.76729986,2277889.802309265
2024-05-24,1424142.6477758824,1248710.7059308602,1861531.4852502795,1995130.0168435087,1930961.7836350687,2033891.401927315,2258196.2961808983
2024-05-27,1424142.6477758824,1299530.3163519346,1937291.4706637631,2076327.1505861836,1930961.7836350687,2116666.033548389,2350099.6133232596
2024-05-28,1424142.6477758824,1346719.8899941056,2007639.9322355357,2151724.3858372085,1930961.7836350687,2193528.086252486,2435438.2909777192
2024-05-29,1424142.6477758824,1346719.9081314092,2007639.9592739537,2151724.414816122,1930961.7836350687,2193528.115794401,2435438.323777624
2024-05-30,1424142.6477758824,1285010.239199325,1915645.4795951622,2053127.6684031114,1930961.7836350687,2093015.8318357365,2323841.1818943075
2024-05-31,1424142.6477758824,1283082.723840526,1915645.7599296113,2053127.968856624,1930961.7836350687,2093016.1381264601,2323841.521963879
2024-06-03,1424142.6477758824,1281160.7948826477,1915645.4795951622,2053127.6684031114,1930961.7836350687,2093015.8318357365,2323841.1818943075
2024-06-04,1424142.6477758824,1266684.4921413104,1893999.903162866,2029928.630613993,1930961.7836350687,2069366.0831507237,2297583.253454521
2024-06-05,1424142.6477758824,1237731.7595439744,1850708.560231088,2026883.7376680719,1930961.7836350687,2022066.3781151185,2245067.166007257
2024-06-06,1424142.6477758824,1313732.899058869,1964348.6590674915,2148119.440870339,1930961.7836350687,2146228.457440065,2382922.2881598086
2024-06-07,1424142.6477758824,1284780.1078950374,1921057.2285646265,2100777.96558945,1930961.7836350687,2098928.656725133,2330406.0944813555
2024-06-11,1424142.6477758824,1282852.9377331948,1937291.3892724405,2118530.8813265287,1930961.7836350687,2116665.9446210125,2350099.5145886503
2024-06-12,1461730.753861295,1316711.914143181,1991405.9205541362,2177707.9913284667,1930961.7836350687,2175790.9611814334,2415745.051652162
2024-06-13,1517339.8690618759,1366804.0287998267,2067165.6464507713,2260555.2696272316,1930961.7836350687,2258565.309256894,2507648.053978475
2024-06-14,1529256.2313770223,1377538.1644757385,2083400.0414672028,2278308.4415932107,1930961.7836350687,2276302.853156117,2527341.7583220867
2024-06-17,1568977.1115735152,1413318.3217015604,2137514.2453203863,2337485.193534705,1930961.7836350687,2335427.5119712935,2592986.8981869156
2024-06-18,1592809.7885370157,1434786.5501156317,2169982.97041384,2372991.466451974,1930961.7836350687,2370902.5288175642,2632374.228097102
2024-06-19,1590420.57385421,1432634.3702904582,2166727.9959582193,2367073.674077288,1930961.7836350687,2364989.945858663,2625809.584121519
2024-06-20,1590420.57385421,1466250.8693521777,2166727.9959582193,2426250.542544506,1930961.7836350687,2424114.7210969864,2691454.8532490595
2024-06-21,1590420.57385421,1509165.6213236728,2166727.9959582193,2497262.9064110024,1930961.7836350687,2495064.5729816714,2770229.3112111497
2024-06-24,1590420.57385421,1498436.7632263722,2166727.9959582193,2479509.5339673357,1930961.7836350687,2477326.828781241,2750535.3844763893
2024-06-25,1590420.57385421,1451945.9838787094,2166727.9959582193,2402579.8072927864,1930961.7836350687,2400464.8231261424,2665196.7590596606
2024-06-26,1590420.57385421,1512741.659306607,2166727.9959582193,2503180.286770399,1930961.7836350687,2500976.744287979,2776793.4981356035
2024-06-27,1590420.57385421,1510472.546817647,2166727.9959582193,2461756.4856987875,1930961.7836350687,2459589.4084705585,2730841.817351108
2024-06-28,1590420.57385421,1551716.314931157,2166727.9959582193,2532768.7231786717,1930961.7836350687,2530539.1340798894,2809616.135111741
2024-07-01,1590420.57385421,1558967.3910887667,2166727.9959582193,2544604.19769464,1930961.7836350687,2542364.189861325,2822745.3007803047
2024-07-02,1590420.57385421,1576629.986493421,2166727.9959582193,2573433.7387522478,1930961.7836350687,2571168.352355988,2854726.090412634
2024-07-03,1590420.57385421,1524571.5389065782,2166727.9959582193,2488462.0164364707,1930961.7836350687,2486271.430405537,2760466.429093451
2024-07-04,1590420.57385421,1546882.381251881,2166727.9959582193,2524878.5979573396,1930961.7836350687,2522655.954513334,2800863.5700129094
2024-07-05,1590420.57385421,1544562.057680003,2166727.9959582193,2521091.2800604035,1930961.7836350687,2595424.876278142,2881657.7114555887
2024-07-08,1590420.57385421,1563868.8887468495,2166727.9959582193,2552604.6033394537,1930961.7836350687,2631809.161182201,2922054.586791056
2024-07-09,1590420.57385421,1632333.2527025172,2166727.9959582193,2664354.668741666,1930961.7836350687,2747026.7101529613,3049978.7434565807
2024-07-10,1590420.57385421,1625126.363132966,2166727.9959582193,2652591.3172079343,1930961.7836350687,2734898.354554065,3036512.8289705664
2024-07-11,1590420.57385421,1632333.2527025172,2166727.9959582193,2664354.668741666,1930961.7836350687,2747026.7101529613,3049978.7434565807
2024-07-12,1590420.57385421,1578282.4442273923,2166727.9959582193,2576130.9413431496,1930961.7836350687,2656065.4959886936,2948985.9978619916
2024-07-15,1590420.57385421,1575915.0205610513,2166727.9959582193,2546723.1984338993,1930961.7836350687,2652081.3977447106,2915321.93961234
2024-07-16,1590420.57385421,1573554.6560227019,2166727.9959582193,2546723.145825206,1930961.7836350687,2648109.179190804,2915321.879389353
2024-07-17,1590420.57385421,1548116.1867147498,2128507.380333762,2505552.1967685805,1930961.7836350687,2605299.19872961,2868192.073082468
2024-07-18,1590420.57385421,1497239.1244254333,2058556.4273614811,2423210.0984958126,1930961.7836350687,2519679.029679278,2773932.231339189
2024-07-19,1590420.57385421,1457264.293433492,2003594.969349403,2358512.741497138,1930961.7836350687,2452406.0458771614,2699870.9339005216
2024-07-22,1590420.57385421,1475434.6329189842,2028577.397690336,2387920.569155421,1930961.7836350687,2482984.610527826,2733535.0891653155
2024-07-23,1590420.57385421,1473221.4809696057,1983608.8624269,2334986.2860254752,1930961.7836350687,2427942.9931144523,2672939.3883599504
2024-07-26,1520036.823911197,1408024.3538499805,1898668.379006384,2234999.4047042145,1930961.7836350687,2323975.59537845,2558480.954491464
2024-07-29,1568038.054299188,1452488.3433651475,1958626.412165457,2305578.4325636723,1930961.7836350687,2397364.4016330196,2639275.2035569767
2024-07-30,1524036.9260919932,1411729.6859839465,1903664.8813305385,2240880.989842285,1930961.7836350687,2330091.3286955357,2565213.807988561
2024-07-31,1556037.8320259,1441372.4250225076,1943637.0104529944,2287933.801055269,1930961.7836350687,2379017.330520308,2619076.784904939
2024-08-01,1640039.844398503,1519184.2762437793,2048563.3926010116,2411446.8927734285,1930961.7836350687,2507447.526187734,2760466.483768456
2024-08-02,1637579.7846319051,1516905.4998294136,1923650.9740245412,2264407.428565005,1930961.7836350687,2354554.36404252,2592145.3343560393
2024-08-05,1637579.7846319051,1333664.3624762546,1693812.1770361147,1993854.87703629,1930961.7836350687,2073231.0108028285,2282434.491114497
2024-08-06,1673714.0415361247,1365137.1678544444,1733784.0188989996,2040907.3501044046,1930961.7836350687,2122156.661021054,2336297.080944773
2024-08-07,1630303.6736237078,1329730.2194529802,1688815.6430156277,2037845.989079248,1878062.2034938557,2067115.2386893397,2275701.594906169
2024-08-08,1577246.5239578749,1286455.0331118482,1633854.2601891286,1968572.786403042,1816941.9171173698,1999842.34691459,2201640.398781072
2024-08-09,1639950.438599429,1337598.443708198,1698808.632578904,2046833.9954717134,1889174.9949203883,2079346.686859388,2289167.2815730814
2024-08-12,1659244.0200916536,1335592.0460426356,1718794.66509605,2070914.453980213,1911400.637146929,2103809.648549725,2316098.7268514424
2024-08-13,1656755.154061516,1395619.118345154,1798738.526692072,2167235.9645411875,2000302.9074958325,2201661.1666998793,2423824.14619453
2024-08-14,1656755.154061516,1442139.728695393,1858696.4428758414,2239477.121543245,2066979.6324839538,2275049.829776339,2504618.2376342625
2024-08-15,1656755.154061516,1438263.035850145,1853699.9816743298,2233457.0634577237,2061423.274113761,2268934.146793487,2497885.4395504748
2024-08-16,1658732.6325748975,1442139.6949822598,1850919.4317018182,2239477.0691906265,2066979.5841638371,2275049.7765921312,2504618.1790833976
2024-08-19,1649814.7917126967,1434386.3222877404,1838211.0208130653,2227436.973200842,2055866.8860502318,2262818.431128252,2491152.605486423
2024-08-20,1689945.4580781132,1432234.742804309,1882924.3023014078,2281617.921553669,2105874.5041842293,2317860.010317182,2551748.264210231
2024-08-21,1649814.751001086,1396129.6324091025,1838210.9754525002,2227436.918235553,2055866.8353186874,2262818.375289873,2491152.544013562
2024-08-22,1640896.827749573,1388582.9809420619,1828274.6935825343,2215396.711010858,2044754.034538128,2250586.9168241858,2477686.846012108
2024-08-23,1638435.4825079485,1328209.8985616276,1748784.6089389527,2119075.2595924768,1955851.8187763127,2152735.458756068,2369961.492813754
2024-08-26,1691753.4575003115,1373489.6599440076,1808402.1060587126,2191316.2677415367,2022528.4063769556,2226123.9706150917,2450755.4177771555
2024-08-27,1687105.8948097588,1369716.4273425816,1803434.0877458942,2185296.312715581,2016972.143128084,2220008.392328843,2444022.7349545886
2024-08-28,1682458.151436269,1367661.8527015676,1798465.87629181,2179276.123652297,2011415.6638687935,2213892.5762877273,2437289.7903860295
2024-08-29,1677810.549629071,1361841.078719362,1793497.8161652016,2173256.117958828,2005859.3538551135,2207776.9465291426,2430557.0508972085
2024-08-30,1719639.62150348,1395792.7953633352,1838211.0581194588,2227437.018406555,2055866.9277739392,2262818.4770520297,2491152.656044231
2024-09-02,1717060.1620712248,1399565.1759238273,1843179.1534447586,2233457.066751747,2061423.2771540594,2268934.1501398333,2497885.4432344907
2024-09-03,1717060.1620712248,1388247.9393076904,1828274.7424431802,2215396.770217341,2044754.0891841848,2250586.9769711266,2477686.9122282956
2024-09-04,1630627.5387570166,1320344.472207518,1738848.2140051278,2107034.915363588,1944738.8915444154,2140503.8611099594,2356495.641587603
2024-09-05,1677217.0852429478,1318363.9554992067,1788529.792276597,2103874.3629905423,2000303.0843702473,2201661.361379159,2423824.360518309
2024-09-06,1635286.3947337277,1283479.4304396433,1743816.2666117863,2048204.8662390735,1950295.1931477357,2146619.4816115648,2363228.3708853507
2024-09-09,1602674.0265105716,1257883.116590802,1709039.496999187,2007357.7023970936,1911400.63303422,2103809.6440230147,2316098.7218679553
2024-09-10,1616650.7542788067,1268852.9642292063,1723943.8252653203,2024863.6279164334,1928069.7284722468,2122156.7153452584,2336297.140750669
2024-09-11,1614225.7781473885,1243256.5968473349,1689166.9829193628,1984016.3786452597,1889175.0870132812,2079346.7882227092,2289167.393164669
2024-09-12,1654473.5790518036,1276166.334437562,1733880.23221554,2036534.4658699725,1939182.6691433568,2134388.327783423,2349763.0082614976
2024-09-13,1697139.046570184,1274252.0849359056,1778593.4338435472,2089052.497105887,1989190.1979610482,2189429.8086651205,2410358.558758187
2024-09-16,1678176.5279221572,1258127.3869336557,1775925.5436927818,2065711.0407808237,1966964.5257042355,2164966.813921548,2383427.0770912883
2024-09-18,1697138.885937869,1272343.4491556357,1775925.5436927818,2089052.2993794016,1989190.009686418,2189429.6014380353,2410358.330620442
2024-09-19,1654473.3494446436,1240357.1360072766,1775925.5436927818,2036534.1832405603,1939182.400024387,2134388.031573892,2349762.6821623575
2024-09-20,1651991.6394204767,1279451.57603059,1775925.5436927818,2100723.0859129103,2000302.9013955127,2201661.1599854776,2423824.1388025987
2024-09-23,1651991.6394204767,1265235.5075483783,1775925.5436927818,2077381.8170356997,1978077.4076260438,2177198.361696478,2396892.87341391
2024-09-24,1658784.243513428,1263337.6542870558,1775925.5436927818,2089052.4115543095,1989190.1164990652,2189429.7190028583,2410358.4600483766
2024-09-25,1728286.4206774698,1314299.3807085978,1775925.5436927818,2176582.596013553,2072536.1239322256,2281165.6592334257,2511351.1969725583
2024-09-26,1779254.5774902538,1353058.822507974,1775925.5436927818,2240771.263900042,2133656.401740883,2348438.541577876,2585412.3827157733
2024-09-27,1779254.6175144801,1353058.852944952,1775925.5436927818,2240771.314306059,2133656.4497373574,2348438.594405862,2585412.4408744713
2024-09-30,1760720.825730912,1338964.5739111693,1754794.2381975087,2217430.085588633,2111430.994207928,2323975.838206293,2558481.221822331
2024-10-01,1758079.7444923155,1331917.3047242528,1745558.3647433629,2205759.256486214,2100318.0619648313,2311744.2350445385,2545015.3645239673
2024-10-04,1758079.7444923155,1329919.4287671663,1736322.6872543804,2194088.675013426,2089205.365514006,2299512.891410821,2531549.792941831
2024-10-07,1758079.7444923155,1405625.3404617133,1837915.9250585693,2322466.063709874,2211445.9715249073,2434058.7115661222,2679672.225491608
2024-10-08,1758079.7444923155,1391498.5365947448,1819444.5180271964,2299124.8349874727,2189220.51599074,2409595.955361339,2652741.0064337268
2024-10-09,1758079.7444923155,1398561.926671402,1828680.2060395686,2295676.1477349917,2200333.2251036833,2421827.3129317923,2666206.593358913
2024-10-11,1773178.287115238,1412688.7581765088,1847151.6492090027,2315391.615291904,2222558.724120454,2446290.116996307,2693137.8651059065
2024-10-14,1773178.3582124948,1412688.8148195979,1847151.7232722915,2315391.708129716,2222558.8132360433,2446290.215082618,2693137.973089811
2024-10-15,1782044.1182707073,1410569.7815973684,1856387.3446601785,2326968.4946554364,2233671.4421840305,2458521.4844183996,2706603.4628768307
2024-10-16,1808641.931874234,1429478.954459998,1884094.7645062886,2361699.5507766423,2267009.997644927,2454833.702191772,2747000.742420121
2024-10-17,1839672.4491751012,1454004.2464184954,1916419.8113583766,2402218.7699091337,2305904.6465599067,2493210.9893335155,2794130.499040786
2024-10-18,1836912.9405013386,1471522.4263630603,1939509.2811363363,2431161.2580628903,2333686.7198467944,2523249.772822969,2827794.8304836703
2024-10-21,1834161.665396891,1471522.400242618,1939509.246708835,2431161.2149082595,2333686.6784223975,2523249.7280337093,2827794.7802885454
2024-10-22,1842895.8106735207,1478529.6835503043,1948745.0495531037,2442738.228888279,2344799.5257051727,2535265.260857035,2841260.534638062
2024-10-23,1873465.1377260964,1476311.8890249787,1981070.1676725622,2483257.5373539184,2383694.2603715938,2577319.376165837,2888390.395166197
2024-10-24,1877832.219449717,1477536.8938740918,1985688.0787018295,2489046.056386402,2389250.6955726263,2583327.1550761233,2895123.2863481073
2024-10-25,1855996.9313137317,1460356.2088932241,1962598.6509576666,2460103.620921714,2361468.6728623016,2553288.426271517,2861459.0161902886
2024-10-28,1853212.9359167612,1501589.8517791894,2018013.2761081955,2529565.4642376234,2428145.525639882,2625381.3735350748,2942253.2624761565
2024-10-29,1853212.9359167612,1463792.362745924,1967216.5591602842,2465892.136411012,2367025.1046622084,2559296.2015044075,2868191.9032509574
2024-10-30,1853212.9359167612,1439739.4384494058,1934891.4069210852,2425372.7851765174,2328130.3289416987,2517242.041806734,2821061.9929764117
2024-11-01,1784192.609351759,1437579.8292917318,1931989.0698107036,2338545.729170781,2244784.5011600275,2427126.115265553,2720069.4737410685
2024-11-04,1846020.92969453,1485169.088540758,1995945.120692973,2419584.2637558575,2322573.8914482407,2511234.260417811,2814329.099016704
2024-11-05,1872518.8377762695,1506487.3051226826,2024595.050655073,2454315.1383552235,2355912.272665201,2547280.685208497,2854726.1674236422
2024-11-06,1899016.7813911731,1527805.5502919087,2053245.0190361552,2489046.059527997,2352378.404256203,2583327.158336717,2895123.29000224
2024-11-07,1872518.9119736487,1506487.364816293,2024595.130878376,2454315.2356059146,2352378.404256203,2547280.7861428894,2854726.2805403676
2024-11-08,1869710.1336056883,1559782.8509330272,2096219.8814138009,2541142.331949517,2352378.404256203,2637396.754549871,2955718.8466945277
2024-11-11,1866909.7714877483,1557443.1766566278,2096219.8842607199,2537330.618451593,2352378.404256203,2637396.7581317737,2955718.85070875
2024-11-12,1849899.1964157438,1540940.9326413758,2077119.9222522567,2510445.753796085,2352378.404256203,2613365.7973247557,2928787.4595030295
2024-11-13,1807372.8816541228,1505517.0894084359,2029370.1552473945,2452734.497677503,2352378.404256203,2553288.5689548966,2861459.176094919
2024-11-14,1828636.0191697385,1523228.994477468,2053245.0164446144,2481590.0987783014,2352378.404256203,2583327.1550761233,2895123.2863481073
2024-11-15,1803120.056074837,1501974.5433998732,2024594.960602349,2446963.1086537987,2352378.404256203,2547280.5719070425,2854726.0404472044
2024-11-18,1800415.3759907247,1452381.183967926,1957745.3152295449,2366167.3844536487,2352378.404256203,2463172.4879639917,2760466.483768456
2024-11-19,1800415.3759907247,1450202.6121919742,1943420.2727130398,2348853.8717511594,2352378.404256203,2445149.178016021,2740267.84023819
2024-11-20,1819803.7624396572,1465819.6131626293,1967295.1791039186,2377709.527473854,2352378.404256203,2475187.8209984633,2773932.0142154894
2024-11-21,1810969.8678650323,1458704.0679619003,1957745.3152295449,2366167.3844536487,2352378.404256203,2463172.4879639917,2760466.483768456
2024-11-22,1815386.8315864063,1462261.8537996095,1962520.2649327407,2371938.47743608,2352378.404256203,2469180.1768338513,2767199.274042459
2024-11-25,1819803.8741723928,1465819.7031613635,1967295.2998923664,2377709.6734610177,2352378.404256203,2475187.9729706217,2773932.1845300137
2024-11-26,1828637.8665759105,1472935.3271615284,1976845.2695244672,2389251.9443019773,2352378.404256203,2487203.4390660794,2787397.8640979044
2024-11-27,1825894.9097760466,1470725.924170786,1914770.4121890757,2314227.117691987,2352378.404256203,2409102.840590175,2699870.8697406403
2024-11-28,1782241.287555704,1435563.7067070818,1871795.4362115012,2262286.762777184,2352378.404256203,2355033.1014492265,2639275.1528698076
2024-11-29,1759508.6180715752,1417252.9451419406,1847920.4944230893,2233431.064272373,2352378.404256203,2324994.4139307416,2605610.928981162
2024-12-02,1804973.920221275,1453874.4386155286,1845148.6136814547,2291142.4145463835,2352378.404256203,2385071.7403160934,2672939.3222348
2024-12-03,1804974.033167432,1453874.5295916523,1842385.1514144198,2291142.5579145113,2352378.404256203,2385071.889561844,2672939.489493851
2024-12-04,1795880.9327821294,1446550.1987135997,1833103.5812519928,2279600.2371423966,2352378.404256203,2373056.3714882177,2659473.751674257
2024-12-05,1793187.1113829562,1444380.3734155293,1884152.0331122875,2343082.7725302773,2352378.404256203,2439141.482651955,2733535.042686158
2024-12-06,1793187.1113829562,1417351.2940781177,1851666.728225303,2302684.8869544743,2352378.404256203,2397087.4162422735,2686405.236959051
2024-12-09,1793187.1113829562,1410246.7156462637,1842385.1114833595,2291142.508257277,2352378.404256203,2385071.8378688255,2672939.4315617145
2024-12-10,1793187.1113829562,1371171.8087913843,1791336.5780435647,2287705.794494891,2352378.404256203,2318986.6210958073,2598878.022193961
2024-12-11,1793187.1113829562,1349858.3118755321,1763492.0392435452,2248772.5329550714,2352378.404256203,2282940.289133809,2558481.0578197213
2024-12-12,1793187.1113829562,1353410.599356153,1768132.8453474655,2254690.403331023,2352378.404256203,2288948.0753857065,2565213.9572293423
2024-12-13,1793187.1113829562,1351380.4834571187,1749569.768829633,2231019.110423826,2352378.404256203,2264917.121840256,2538282.5741616283
2024-12-16,1793187.1113829562,1345777.1600211372,1744928.8784118642,2225101.132532409,2352378.404256203,2258909.226439308,2531549.55242915
2024-12-17,1723833.833920031,1295668.4948908857,1679958.1986872416,2142251.7196851447,2352378.404256203,2174801.003064864,2437289.8394902577
2024-12-18,1742881.7619353868,1309985.3041661298,1698521.3120266714,2165923.0595465642,2374809.3767890893,2198832.004277957,2464221.2759788875
2024-12-19,1723833.831377628,1295668.492979964,1679958.1962095487,2142251.7165256366,2348855.118109624,2174800.9998573503,2437289.8358956114
2024-12-20,1723833.831377628,1295668.492979964,1679958.1962095487,2142251.7165256366,2348855.118109624,2174800.9998573503,2437289.8358956114
2024-12-23,1761929.5737575763,1293724.990240494,1717084.312130325,2189594.2550118095,2400763.473682282,2222862.8589009265,2491152.548184616
2024-12-24,1759286.67939694,1309243.8945370736,1740288.15418614,2219183.3665660233,2433206.2233266374,2252901.5461833715,2524816.7718087323
2024-12-25,1747282.970487121,1302261.318357685,1731006.6943592923,2207347.820127552,2420229.231121111,2240886.170945399,2511351.1940644225
2024-12-26,1756651.857283073,1309244.0103866924,1740288.3081770963,2219183.5629324513,2433206.4386310694,2252901.745533383,2524816.9952194057
2024-12-27,1756651.7799803496,1309243.9527724718,1740288.2315944629,2219183.465275689,2433206.331556077,2252901.646392828,2524816.8841130254
2024-12-30,1737914.1212127812,1295278.6542937786,1721725.1177135792,2195512.1247238177,2407252.0755837895,2228870.644478792,2497885.4468388525
2024-12-31,1728545.2342061847,1293335.736312338,1719142.530037009,2183676.38165281,2394274.8677820596,2216855.0696206572,2484419.645381112
2025-01-02,1725952.4163548755,1287898.997360175,1711915.8456619047,2177758.7020477164,2387786.474321789,2210847.4770381823,2477686.9630159535
2025-01-03,1714001.1981867873,1280899.5162942377,1702611.9153282766,2165923.006211003,2374809.3183097304,2198831.950132017,2464221.2152977725
2025-01-06,1732733.4943872108,1294898.44999836,1721219.7382084704,2189594.3498148327,2400763.5776283145,2222862.955144383,2491152.656044231
2025-01-07,1751465.7915012024,1308897.3843852056,1739827.5619961617,2213265.694573107,2426717.8382126796,2246893.9613287332,2518084.0981041263
2025-01-08,1779564.0174212835,1329895.6217422346,1767739.0793870045,2248772.43401903,2465648.924616569,2282940.1886945376,2558480.945257875
2025-01-09,1760831.8346139973,1327900.7783096211,1749131.3691464674,2245399.2753680013,2439694.82240819,2258909.3291502455,2531549.6675368426
2025-01-10,1758190.5868620763,1287121.9040511441,1697959.9327511643,2176444.684629026,2368320.716019754,2192824.1641944684,2457488.316240441
2025-01-13,1731508.505668213,1269490.085524249,1674700.1923132313,2146630.354228446,2335877.945100452,2189534.927948177,2423824.070540373
2025-01-14,1649742.9079213655,1209542.002487528,1595617.2066836532,2045261.7998838166,2225572.70789279,2083015.8026092027,2309365.826002644
2025-01-15,1678601.340474951,1230700.1393898984,1623528.835410361,2081038.9197144085,2264503.9495883514,2119453.341306302,2349762.8342948165
2025-01-16,1683411.2083985948,1234226.5902399856,1628180.8984584825,2087001.9331509143,2270992.664119586,2125526.427509798,2356495.849819305
2025-01-17,1664172.223159754,1232375.2503546258,1609573.1167618143,2063150.4824863325,2245038.4622439337,2101234.6969096866,2329564.468678513
2025-01-20,1661675.9648250144,1241198.6469892287,1623528.7702681364,2081038.8362151186,2264503.8587277383,2119453.256265678,2349762.7400132893
2025-01-21,1697220.2450888553,1269650.2794255407,1660744.4439505842,2128741.878912842,2316412.4163106983,2168036.8614440192,2403625.6619183114
2025-01-22,1716236.758869301,1283876.0831212648,1679352.264412054,2152593.379266138,2342366.672255637,2192328.6426500618,2430557.099164106
2025-02-03,1559350.7227337225,1166513.3541567193,1525837.943804859,1955818.7554040742,2128244.3371598776,1991921.7064424602,2208373.028744667
2025-02-04,1587875.4694247863,1187852.0417617306,1553749.6510328162,1991595.975857551,2167175.688349268,2028359.3476198677,2248770.150653126
2025-02-05,1587875.4776725522,1186070.263699088,1553749.6591033253,1991595.986202328,2167175.6996060438,2028359.3581556017,2248770.1623337213
2025-02-06,1585493.6644560434,1223297.5137649935,1604921.0577120883,2057187.4741749694,2238549.753289676,2095161.6159259393,2322831.4589409754
2025-02-07,1606062.6723034622,1241026.4113957346,1628180.715168618,2087001.6982100043,2270992.4084662134,2125526.188232055,2356495.584540548
2025-02-10,1615240.166494214,1248117.9856397326,1625738.444095865,2098927.413371506,2283969.4983365904,2137672.0431735767,2369961.2636268036
2025-02-11,1633595.2512321551,1262301.208583655,1641750.202677358,2122778.968905096,2309923.8143265345,2161963.8805785,2396892.763178306
2025-02-12,1665716.5036037676,1287121.7359813224,1674031.8052050155,2164519.0014730906,2355343.6609765636,2204474.402921163,2444022.6732926206
2025-02-13,1624417.8245294092,1285191.0533773503,1632526.9620135978,2110853.3414410325,2296946.819885029,2149818.114953246,2383427.183113832
2025-02-14,1621981.197792615,1305016.3072327124,1660196.7569560145,2146630.3181588617,2335877.9058509623,2186255.507895828,2423824.029813135
2025-02-17,1621981.197792615,1301391.354895103,1655585.2175586403,2140667.609074947,2329389.5225041364,2180182.731663044,2417091.3579421937
2025-02-18,1651130.8035516934,1326766.6157303045,1687866.7496069616,2137456.6076613343,2374809.269990543,2222693.1611939142,2464221.165159361
2025-02-19,1655642.1260286386,1330391.6901594952,1692478.4443250364,2140086.569952282,2381297.8718718234,2228766.14196314,2470954.063792609
2025-02-20,1651130.7645059952,1326766.5843551226,1687866.7096925369,2134255.174353544,2374809.213831403,2222693.108631993,2464221.1068858216
2025-02-21,1637596.9802408607,1324776.43447859,1674031.8127792596,2116761.3757293695,2355343.6716334387,2204474.412895422,2444022.684350728
2025-02-24,1633085.622715131,1319148.1329201201,1669420.082232601,2110929.985297051,2348855.0193417496,2198401.3849447775,2437289.733409113
2025-02-25,1630635.9942810582,1322792.3316533815,1674031.9210376074,2116761.5126186972,2355343.8239517,2204474.5554570844,2444022.842403793
2025-02-26,1630635.9942810582,1275419.5474499008,1614080.293675261,2040954.536763174,2270992.567879932,2125526.3374346825,2356495.749956215
2025-02-27,1674713.399230378,1311860.0083438465,1660196.7499730838,2099267.3673387626,2335877.896026058,2186255.498700249,2423824.0196183217
2025-03-03,1600281.6855502448,1253555.1135634386,1586410.2207654759,2005966.5866227234,2232061.0908170813,2089088.5784465172,2316098.497435142
2025-03-04,1539806.0353389145,1251674.7808930934,1526458.7819225674,1930159.8491441903,2147710.099990013,2010140.6086788224,2228571.680218763
2025-03-05,1595629.897270232,1295110.1169385395,1581798.7548348939,2000135.5307892372,2225572.8108371943,2083015.8989596025,2309365.932822919
2025-03-06,1632845.7549325111,1325316.7668962898,1618692.0202537833,2046785.9221779073,2277481.2145884987,2131599.3601598265,2363228.6951045026
2025-03-07,1630396.4863001124,1291334.2543372787,1577187.058359832,1994304.1834393975,2219084.206483853,2076942.9158766617,2302633.031624537
2025-03-10,1630396.4863001124,1310213.4101024435,1600245.3486867303,2023460.6773493302,2251526.9580406346,2107307.5783894784,2336297.257233083
2025-03-11,1630396.4863001124,1253575.9100553389,1531070.4377044518,1935991.145038768,2154198.647088518,2016213.53817433,2235304.522006656
2025-03-12,1630396.4863001124,1251695.5461902558,1528773.832047895,1970978.9396094754,2193129.951047204,2052651.1351463504,2275701.594906169
2025-03-13,1661669.6269335821,1275704.706646144,1558097.7170342382,2011798.0752504952,2238549.8523719315,2095161.7086615772,2322831.5617536916
2025-03-14,1623138.0036982151,1246123.0302892237,1521967.7708502677,1965147.4991042376,2186641.2430388266,2046578.055047896,2268968.586150124
2025-03-17,1656853.1932323254,1272007.011844271,1553581.4917674724,2005966.7764816533,2232061.302075201,2089088.776172703,2316098.7166471593
2025-03-18,1627954.4718550073,1249820.75154346,1526484.0284249547,1970978.8395887006,2193129.839752987,2052651.030980977,2275701.4794217097
2025-03-19,1608688.6926869932,1235029.9382774103,1508419.08576005,1947653.5908026726,2167175.578801624,2028359.2450891917,2248770.0369809982
2025-03-20,1606275.6596479628,1233177.3933699941,1490354.3362923076,1944732.1104164685,2141221.5954204504,2004067.7189881064,2221838.882561032
2025-03-21,1623310.6205238954,1246255.552478591,1508419.1620084902,1965356.4878177764,2167175.688349268,2028359.3476198677,2248770.150653126
2025-03-24,1618450.4061454777,1242524.2461723557,1503902.934240875,1959472.1833968973,2160687.1344595184,2022286.4117681212,2242037.301818297
2025-03-25,1608729.9862078126,1235061.6403305796,1494870.4869006295,1947703.5852325866,2157446.103757829,2010140.5510843599,2228571.616365823
2025-03-26,1613590.2782284864,1238793.0062446876,1499386.7868152913,1953587.9836556301,2157446.103757829,2016213.5839516707,2235304.572758372
2025-03-27,1589289.1741678256,1220136.4500169063,1476805.618085407,1924166.4226044612,2157446.103757829,1985848.8644976597,2201640.284021141
2025-03-28,1586905.240406574,1218306.245341881,1427127.1717227336,1859439.150953004,2081748.884807909,1919046.6495743296,2127579.0349168465
2025-03-31,1454155.6833219016,1116391.1401770704,1309705.1621573875,1706447.121864371,1910465.5245664476,1761150.1996240083,1952524.8346051364
2025-04-01,1489256.1655776277,1143338.6450802032,1341318.890544104,1747637.427419898,1956580.4364801652,1803660.9307930085,1999654.9762378128
2025-04-02,1534385.0198183728,1177985.178198045,1381964.809023981,1800595.9959661716,2015870.5944591041,1858317.1767276446,2060250.4198157918
2025-04-07,1388969.4997705948,1066346.1012494704,1250994.3362962569,1629951.3404413403,1824824.1054383803,1682202.2152432343,1864998.0011877543
2025-04-08,1273639.9235806055,977804.744546346,1147121.1795099108,1494612.4454300015,1673304.4423095328,1542524.8007413996,1710142.6000377038
2025-04-09,1271729.4636952346,976338.0374295264,1074861.5231975582,1400463.5590210888,1567899.3586383576,1445357.8109361257,1602417.0007451929
2025-04-10,1317843.4168222898,1011740.8552295989,1115507.6387024415,1453422.3842760965,1627189.8040174628,1500014.3218087333,1663012.7380505148
2025-04-11,1264489.4425623002,970779.6948530023,1070345.3947799697,1394579.384045807,1561311.6869274927,1439285.0086795762,1595684.3000226251
2025-04-14,1509917.6883830968,1159201.0051198786,1068739.8766877998,1665257.145649456,1864350.9813684535,1718639.808353196,1905395.0698055397
2025-04-15,1483240.6124154008,1138720.3567286886,1068739.8766877998,1635835.5475570385,1831411.8131322865,1688275.050670516,1871730.738685538
2025-04-16,1472569.9411389339,1130528.2195253486,1068739.8766877998,1624067.0837998907,1818236.3422975522,1676129.3287025685,1858265.2070223729
2025-04-17,1470361.0862272254,1128832.4271960605,1068739.8766877998,1582877.0223979834,1772121.7037278293,1633618.8495139494,1811135.3447514183
2025-04-18,1470361.0862272254,1131331.7653009666,1068739.8766877998,1588761.2291955894,1778709.4110656132,1639691.6846129422,1817868.0818852393
2025-04-21,1470361.0862272254,1131331.7665460128,1068739.8766877998,1588761.230944043,1778709.4130231072,1639691.6864174453,1817868.0838858283
2025-04-22,1462721.260267843,1127141.677923955,1068739.8766877998,1586378.089097627,1772121.6460268626,1637232.1488878191,1811135.2857801525
2025-04-23,1479034.2325994025,1139712.105048501,1068739.8766877998,1601667.6405096722,1791885.2005502312,1653011.8329908145,1831333.9392134338
2025-04-24,1511659.8508576714,1164852.7077770056,1068739.8766877998,1636998.3961231187,1831411.914149718,1689475.1763339746,1871730.84192689
2025-04-25,1527972.865295706,1163105.42871534,1068739.8766877998,1654663.9962618304,1851175.5196860842,1707707.077464775,1891929.547496231
2025-04-28,1522535.1111428393,1157230.3203468006,1068739.8766877998,1648775.3733539027,1844587.551013021,1701629.6846895001,1885196.5432737784
2025-04-29,1520251.3084761251,1169629.31711243,1068739.8766877998,1666440.9669371562,1864351.1492153883,1719861.5790546956,1905395.241347661
2025-04-30,1534065.90274571,1182028.1797465067,1068739.8766877998,1684106.3694151493,1884114.5336164162,1738093.2761884255,1925593.7209133215
2025-05-02,1550157.3374307125,1194426.9490667686,1078332.8201707276,1701771.6389433602,1903877.7692782534,1756324.8361104405,1945792.0484652664
2025-05-05,1598432.2138990653,1231623.6980833805,1111914.1750619623,1754768.0759266536,1963168.1792924295,1811020.1644195393,2006387.7496270926
2025-05-06,1528701.8268931403,1229776.2625362554,1063407.7666761386,1678217.656099007,1877526.4637980605,1732015.7901067461,1918860.613318841
2025-05-07,1571612.841197608,1262402.7628783942,1093257.8689554443,1725325.614354825,1930229.0664428123,1780633.874442973,1972723.4751129874
2025-05-08,1569255.4219358116,1253785.610699916,1085795.2986061627,1713548.5541221441,1917053.336720125,1768479.280424783,1959257.6788623955
2025-05-09,1577674.435854065,1262402.905613813,1093257.992566248,1725325.809431295,1930229.2846869912,1780634.0757729523,1972723.698161859
2025-05-12,1604597.0405042057,1283945.4834515727,1111914.1563764538,1754768.0464381063,1963168.1463017578,1811020.1339856863,2006387.7159101241
2025-05-13,1717672.7680668803,1374424.940927374,1190270.5904503926,1878426.3036491333,2101512.3292133654,1938642.467887496,2147777.5758079463
2025-05-14,1739210.9032182952,1372363.3035159828,1205195.5571381552,1901980.149499237,2127863.4814295718,1962951.3725053563,2174708.8543162453
2025-05-15,1755364.6934940352,1383035.2605200617,1216389.4130616882,1919645.7404789038,2147627.076719145,1981183.2641835029,2194907.549413208
2025-05-16,1752731.646453794,1344853.2698464585,1182808.0789115187,1866649.3362281357,2088336.7033248805,1926487.9696562267,2134311.885677489
2025-05-19,1733543.9601267297,1332125.9482692643,1171614.3084668599,1848983.8801470094,2068573.2589546945,1908256.2172010238,2114113.344822436
2025-05-20,1733543.9601267297,1332125.9482692643,1171614.3084668599,1848983.8801470094,2068573.2589546945,1908256.2172010238,2114113.344822436
2025-05-21,1711460.5088442778,1315156.1227803605,1156689.2254588928,1825429.8507261,2042221.901366411,1883947.123127682,2087181.8564207493
2025-05-22,1694897.98429955,1313183.38859619,1145495.4564012461,1822691.7059500108,2022458.4594450996,1865715.3729315628,2066983.3180684836
2025-05-23,1722502.2788520367,1332571.9542125028,1164151.7969479624,1849602.9340739816,2055397.6331014794,1896101.7190022909,2100647.6547280257
2025-05-26,1719918.5254337587,1302674.4362994202,1138032.9452846257,1808105.334879613,2009282.8343021346,1853560.8753880346,2053517.6286999593
2025-05-27,1728603.8648155334,1311216.632609151,1145495.516556983,1819961.8588804135,2022458.5656545816,1865715.4709096758,2066983.4266161905
2025-05-28,1734234.4962970172,1315487.696559018,1149226.7723112404,1825890.073404454,2029046.3785720232,1871792.7200005867,2073716.271654028
2025-05-29,1739864.9509441939,1319758.6263728403,1152957.9108825442,1831818.1017483629,2035633.9845941393,1877869.7782308212,2080448.905241695
2025-06-02,1734234.4506110242,1317778.988433281,1151228.4740162203,1825890.0253039221,2029046.3251196216,1871792.6706908136,2073716.2170248602
2025-06-03,1728603.910653774,1311533.2547750024,1145772.1217055188,1819961.907141239,2022458.619285112,1865715.5203837722,2066983.4814274083
2025-06-04,1726011.0047877934,1311533.0866964026,1145771.9748699176,1819961.6739053314,2022458.360098384,1865715.2812843432,2066983.2165346288
2025-06-05,1757108.6850282028,1337165.829302378,1168165.064617244,1855531.1990764139,2061985.5021137537,1902179.0198406142,2107380.5570956357
2025-06-06,1745881.0118927318,1328621.530940386,1160700.656965313,1843674.620155933,2048809.709731029,1890024.368018619,2093914.6968055323
2025-06-09,1740267.2951333323,1324349.472933951,1156968.5327906029,1837746.4572149615,2042221.9541360082,1883947.1718075685,2087181.9103520806
2025-06-10,1745881.153494476,1322362.9487245502,1160700.7511053127,1843674.7696893439,2048809.875902164,1890024.5213112808,2093914.8666349605
2025-06-11,1757108.4562035752,1328873.407090315,1168164.9124895253,1855530.9574344258,2061985.233585649,1902178.7721237768,2107380.282655827
2025-06-12,1754472.79351927,1320382.2399648593,1160700.6322585284,1843674.5809112997,2048809.6661198707,1890024.3277873804,2093914.6522342649
2025-06-13,1754472.79351927,1333119.1139525974,1171897.1609932366,1861459.3178614788,2068573.2086398937,1908256.1707856837,2114113.2933999444
2025-06-16,1754472.79351927,1324627.872947439,1164432.8158172448,1849602.838178733,2055397.5265365168,1896101.6206962476,2100647.5458170124
2025-06-17,1757459.9138840826,1328873.4751043222,1168164.9722781978,1855531.052403665,2061985.3391215699,1902178.8694805305,2107380.390515144
2025-06-18,1740615.1610850808,1326880.1648916658,1156968.4436797213,1837746.3156698784,2042221.7968420163,1883947.02670406,2087181.7495952277
2025-06-19,1746230.228612263,1329166.8104194016,1160700.7195344432,1843674.7195416936,2048809.8201748724,1890024.4699029247,2093914.8096808204
2025-06-20,1735000.499414202,1320619.149809997,1153236.4375933816,1831818.3403022743,2035634.2496905748,1877870.022781948,2080449.1761742856
2025-06-23,1718155.610619467,1307797.434354435,1142039.8185999831,1829070.612791821,2015870.5478505066,1859638.0328111043,2060250.3721810956
2025-06-24,1715578.3772035378,1350536.023272483,1179361.477943412,1886015.2940717947,2081748.8409204967,1920410.674913674,2127578.9900632435
2025-06-25,1715578.3772035378,1380452.9968078786,1205486.605682548,1927794.1645852795,2127863.586405219,1962951.4693452583,2174708.961602954
2025-06-26,1715578.3772035378,1378382.3173126667,1209218.7027011025,1933762.4721717099,2124671.791025611,1969028.6213366424,2181441.6990664504
2025-06-27,1715578.3772035378,1384813.6322063978,1216683.0178906997,1945699.2810896183,2134585.175115269,1981183.122597799,2194907.3925536503
2025-06-30,1715578.3772035378,1410301.1371240553,1239076.0776357222,1981509.890432077,2173872.2307035555,2017646.8122998842,2235304.6789902244
2025-07-01,1715578.3772035378,1372069.9153379272,1237217.4635192687,1927794.026423771,2114941.702180964,1962951.3286640896,2174708.8057455104
2025-07-02,1758733.8103094506,1408694.2578385246,1268339.7113826422,1979252.1831146863,2171395.348167652,2015347.9310305878,2232757.8010994187
2025-07-03,1802702.2259349013,1443911.6706469655,1300048.2549140388,2028733.5668833049,2225680.3187503275,2065731.7099413108,2288576.835460527
2025-07-04,1802702.1197277296,1441745.803140995,1300048.1783209962,2028733.4473593752,2225680.1876231735,2065731.5882376155,2288576.700627791
2025-07-07,1769725.8614400271,1413252.525514778,1276266.8092053684,1991622.469663777,2184966.525654457,2027943.8152820496,2246712.492689478
2025-07-08,1764229.9212695214,1408863.6246712736,1272303.321877852,1985437.422491216,2178181.0423424914,2021645.971010921,2239735.2553053205
2025-07-09,1761583.576387617,1400085.5765192986,1264376.1246475542,1973066.9808159778,2164609.694670099,2009049.9288042665,2225780.3887203215
2025-07-10,1775487.066726592,1413252.6083580998,1276266.884018737,1991622.5864105143,2184966.653734812,2027943.9341579045,2246712.6243893146
2025-07-11,1781001.001716426,1417641.5916138703,1280230.445770348,1997807.749722348,2191752.264460697,2034241.896686345,2253689.992788039
2025-07-14,1781000.9666279638,1415515.1292264496,1280230.4205478367,1997807.7103624588,2191752.221279802,2034241.8566086472,2253689.9483868754
2025-07-15,1764459.1630441344,1400267.529431935,1268339.736289062,1979252.2219813126,2171395.3908073986,2015347.9706060274,2232757.8449441413
2025-07-16,1797542.6678482196,1426522.4626756392,1292121.0312249777,2016363.0839189983,2212108.9257805785,2053135.6256925964,2274621.9222980933
2025-07-17,1794846.3538464473,1426522.5732798257,1292121.1314084653,2016363.2402559677,2212109.0972945327,2053135.784880693,2274622.0986589384
2025-07-18,1794846.3538464473,1444025.890567795,1307975.353809961,2041103.8551071247,2239251.498074442,2050056.081203372,2302531.5289398176
2025-07-21,1794846.3538464473,1452777.4794545746,1315902.401825758,2053474.063932186,2252822.590291873,2059391.4582411498,2316486.1328508365
2025-07-22,1794846.3538464473,1450598.3132353928,1307975.3273633497,2050393.8528362878,2239251.4527978906,2046985.5614101426,2302531.4823837755
2025-07-23,1775865.7390267064,1435258.1434305059,1296084.6198497869,2028710.8068941948,2218894.582513331,2028376.5662051032,2281599.3380038147
2025-07-24,1824742.882939461,1474760.7461818,1331756.7504029812,2084547.0043537354,2279965.207084406,2084203.5643598184,2344395.7852487382
2025-07-25,1906204.5502244658,1540598.2240827526,1391210.1267225677,2177607.0601546224,2381749.282450524,2177248.2880310235,2449056.223290648
2025-07-28,1911635.2991651157,1544987.3659366106,1395173.6640675133,2183811.030884675,2388534.8513922403,2183451.236624533,2456033.5487244064
2025-07-29,1900773.8358948326,1536209.110201586,1387246.6146378687,2171403.12896345,2374963.756754305,2171045.3789698808,2442078.942324481
2025-07-31,1897922.6751409904,1533904.7965362836,1385165.7447159118,2208627.145086817,2415677.3801228204,2208263.262242396,2483943.1105717723
2025-08-04,1897922.6751409904,1544514.1089766226,1385165.7447159118,2227239.0558074103,2436034.0853406386,2226872.106553601,2504875.0852202945
2025-08-05,1897922.6751409904,1566025.5042251423,1385165.7447159118,2258259.1801066687,2469962.2260705084,2257887.120125551,2539762.016775776
2025-08-06,1931523.870432193,1596141.352995905,1385165.7447159118,2301687.203321993,2517461.4581514327,2301307.988347489,2588603.5513514164
2025-08-07,1978380.282456451,1634861.7944203222,1385165.7447159118,2357523.3260853556,2578532.001023853,2357134.9118183334,2651399.914588926
2025-08-08,2051267.9770732678,1695093.544741071,1385165.7447159118,2444379.4486253425,2673530.5484299953,2443976.724359009,2749083.069336939
2025-08-11,2020030.4274586407,1692550.9044239596,1362028.8297009924,2407155.4363769023,2632816.9292996656,2406758.8449607817,2707218.9054476023
2025-08-12,2066886.7700482835,1729217.2520314537,1393622.259480033,2462991.4763989807,2693887.381674127,2462585.6857039733,2770015.1756297294
2025-08-13,2063786.439893211,1724861.514385054,1390111.854449464,2456787.4296351,2687101.7295707064,2456382.6610891633,2763037.7646841616
2025-08-14,2055491.6535752343,1720505.8311386793,1386601.4932613247,2450583.4603552935,2680316.1622151914,2450179.713945661,2756060.4408814292
2025-08-15,2133548.30230085,1785841.498670082,1439257.248634331,2543643.596116509,2782100.3250376084,2543224.517564021,2860720.968851106
2025-08-18,2159567.120805745,1807620.000606175,1456809.1236463413,2574663.5645873994,2816028.295330805,2574239.3753332766,2895607.725153466
2025-08-19,2185586.0992718423,1804908.5706052657,1474361.1065655965,2605683.7237660824,2849956.4742099107,2605254.423778905,2930494.6959362603
2025-08-20,2143955.885433748,1767877.541423164,1446278.0362343274,2556051.6499480046,2795671.5858268137,2555630.5271039163,2874675.7460976453
2025-08-21,2140739.951605597,1724967.841172645,1411174.1585280888,2494011.487349514,2727815.398429268,2493600.585945873,2804901.979707023
2025-08-22,2140739.951605597,1785041.3184940508,1460319.5030298512,2490270.4701184896,2822813.897858175,2580442.354628719,2902585.0851219906
2025-08-25,2140739.951605597,1776459.3923998082,1453298.7389057153,2474586.1413570717,2809242.68244807,2568036.3865715987,2888630.35453694
2025-08-26,2140739.951605597,1776459.5002125548,1453298.8271059461,2474586.2915389054,2809242.852940101,2568036.542424897,2888630.529846983
2025-08-27,2140739.951605597,1773794.810962236,1474361.1065655965,2510449.822870038,2849956.4742099107,2605254.423778905,2930494.6959362603
2025-08-28,2140739.951605597,1750053.0724708769,1456809.1437541216,2480563.439042584,2816028.334199369,2574239.4108645204,2895607.7651204346
2025-08-29,2140739.951605597,1737402.0851023658,1446277.9922331318,2462631.6532997605,2795671.500772011,2555630.449352062,2874675.6586392405
2025-09-01,2140739.951605597,1712100.110325259,1425215.6891577838,2426768.081757296,2754957.8338527945,2518412.5262681823,2832811.445610529
2025-09-02,2140739.951605597,1686798.1382514867,1404153.3883327919,2390904.5140465973,2714244.1712835417,2481194.607160771,2790947.2370547084
2025-09-03,2121502.216590462,1674147.205753342,1393622.282487932,2372972.806078229,2693887.4261486526,2462585.7263598414,2770015.2213610807
2025-09-04,2169596.7261165036,1671635.984944712,1425215.7352859871,2426768.160301514,2754957.9230191265,2518412.607778543,2832811.537296653
2025-09-05,2196315.79727565,1689688.0256532673,1442767.5872914074,2456654.3554553525,2788885.848840328,2549427.424894244,2867698.2478702636
2025-09-08,2201659.664088473,1693799.2139329826,1440603.4359104703,2462631.6532997605,2795671.500772011,2555630.449352062,2874675.6586392405
2025-09-09,2185628.1311807935,1681465.7010471884,1440603.4359104703,2444699.835302035,2775314.6307276827,2537021.4543666276,2853743.5145063004
2025-09-10,2182349.6889840225,1734910.8226933999,1440603.4359104703,2522404.2333190856,2863527.567782168,2617660.2804593802,2944449.301240392
2025-09-11,2189408.5333974087,1743133.202680852,1440603.4359104703,2534358.833991937,2877098.8773035975,2630066.334547269,2958404.1285963026
2025-09-12,2241045.4637069055,1740518.5028768308,1440603.4359104703,2594131.3746091183,2944954.8995829676,2692096.124764461,3028177.7252025995
2025-09-15,2256536.5930811153,1749924.8740756062,1440603.4359104703,2612063.1949976683,2965311.772341449,2710705.1222310066,3049109.872126393
2025-09-16,2241045.5602478758,1737911.7102903938,1440603.4359104703,2594131.4863605145,2944955.0264473297,2692096.2407360356,3028177.8556520795
2025-09-17,2210063.3297367846,1713885.25488438,1440603.4359104703,2558267.8782696505,2904241.318037004,2654878.279723543,2986313.5999597423
2025-09-18,2206748.2347421795,1693863.1824116802,1440603.4359104703,2528381.4989351425,2870313.1831270223,2623863.271471776,2951426.674388616
2025-09-19,2255534.054580684,1733907.3305363217,1440603.4359104703,2588154.2623497234,2938169.458334328,2685893.2929000864,3021200.5310704545
2025-09-22,2245115.7857389045,1731306.4695405173,1440603.4359104703,2584272.030956199,2924598.109563306,2673487.202932641,3007245.6633557794
2025-09-23,2271161.215477995,1748768.0815518175,1440603.4359104703,2610336.4836282833,2920211.212398961,2704502.1392422277,3042132.5080034556
2025-09-24,2312833.9646981116,1780855.62038878,1440603.4359104703,2658232.642175297,2920211.212398961,2754126.1107356776,3097951.542000877
2025-09-25,2323252.0424708966,1788877.4207594492,1440603.4359104703,2670206.555922258,2920211.212398961,2766531.973177882,3111906.153786033
2025-09-26,2319767.1644071904,1845030.5704551132,1440603.4359104703,2754024.7687930935,2920211.212398961,2853373.856375081,3209589.388011338
2025-09-30,2255867.6633109697,1796899.31078823,1400921.073712838,2682180.603499338,2920211.212398961,2778937.974278012,3125860.921539186
2025-10-01,2205513.571103056,1794203.9618220476,1369650.5740868936,2622310.6157232574,2920211.212398961,2716908.227909162,3056087.3742552637
2025-10-02,2230690.636498686,1811967.7660197068,1385285.8358802279,2652245.632548703,2920211.212398961,2747923.1248584394,3090974.1746288845
2025-10-03,2276009.2818583646,1848779.6498586538,1413429.2621764806,2706128.576808913,2920211.212398961,2803749.850238247,3153770.3150456483
2025-10-07,2316292.697381049,1881501.4666977883,1438445.7499096442,2754024.7355751884,2920211.212398961,2853373.8219588683,3209589.3492986015
2025-10-08,2312818.2583349776,1840599.2336167262,1407175.16927038,2694154.5926923286,2920211.212398961,2791343.914887896,3139815.621250484
2025-10-09,2329881.9497775743,1856960.2190302212,1419683.4720003698,2718102.7847743854,2920211.212398961,2816156.017512643,3167725.269718283
2025-10-13,2155397.3654511883,1854174.7787016758,1313363.5442844299,2514544.387919546,2920211.212398961,2605254.4256269024,2930494.6980149616
2025-10-14,2216980.0774558415,1904294.6988005885,1350888.1744067033,2586388.4317818484,2920211.212398961,2679690.1819119826,3014223.0229687416
2025-10-15,2129737.903438769,1829357.2597221087,1297728.2825395456,2484609.371186862,2920211.212398961,2574239.5287737325,2895607.897749447
2025-10-16,2206716.353262908,1895478.5818813131,1344634.1066419098,2574414.4958004,2920211.212398961,2667284.2964332015,3000268.38527112
2025-10-17,2203406.2787330137,1974824.0881958862,1400921.0386173967,2682180.536306179,2920211.212398961,2778937.904660917,3125860.8432310848
2025-10-20,2259037.6024657665,2027721.2239174559,1438445.7532276209,2754024.7419277322,2920211.212398961,2774769.4978039255,3209589.3567019687
2025-10-21,2371989.420471483,2024679.6420815797,1510368.0013355403,2891725.903295707,2920211.212398961,2909144.1801250963,3370068.7362818313
2025-10-22,2337612.7951594903,1992347.9650457292,1488478.630996437,2849816.8724102234,2920211.212398961,2866982.710686988,3321227.207216413
2025-10-23,2357256.566928182,2009090.3565958682,1500986.8336253816,2873764.8728404543,2920211.212398961,2891074.9616150027,3349136.63232977
2025-10-27,2445653.69405865,2084431.2499717795,1557273.8436244864,2869454.2255311934,2920211.212398961,2999490.2798756817,3474729.264383039
2025-10-28,2441985.213517562,2076060.0684530514,1551019.7529608943,2853649.877149513,2920211.212398961,2987444.174926507,3460774.5755915614
2025-10-29,2497319.527695941,2126287.333313807,1588544.4282436664,2922689.800597514,2920211.212398961,3059721.057522955,3544503.001311502
2025-10-30,2580891.3072791803,2123097.9023138364,1641704.4197237499,3020496.4228966916,2920211.212398961,3162113.3749535647,3663118.348796103
2025-10-31,2566143.2927015596,2107804.1552140755,1639241.8630941643,3003236.368143168,2920211.212398961,3144044.0769485016,3642186.152753896
2025-11-03,2507151.457891128,2059348.85854737,1599159.380688522,2934196.410698053,2920211.212398961,3071767.1587609746,3558457.685803829
2025-11-04,2477655.552676738,2035121.2202274383,1580345.737273789,2899676.4462427935,2920211.212398961,3035628.7146034357,3516593.4696315145
2025-11-05,2473939.0693477225,1930134.8835571303,1498820.0237291334,2750090.070456202,2920211.212398961,2879028.933190025,3335182.032186977
2025-11-06,2578758.6641751896,2014931.6302260486,1564667.7854255764,2870909.9639298697,2920211.212398961,3005513.506459992,3481706.81047443
2025-11-07,2542583.5608873796,2011909.2327807096,1542718.4578148893,2830636.5308560603,2920211.212398961,2963351.840446211,3432865.053687907
2025-11-10,2532247.955355702,2000729.7245066115,1536447.3052472041,2819129.9896211782,2920211.212398961,2951305.8113026368,3418910.4527126625
2025-11-11,2594262.090580952,2049727.1078087937,1574074.5252643242,2888169.795941949,2920211.212398961,3023582.571280306,3502638.7363861157
2025-11-12,2563255.0416620583,2025228.4309276242,1555260.926598229,2853649.913593135,2920211.212398961,2987444.2130787997,3460774.6197887
2025-11-13,2559410.1590995654,2090558.4067987665,1605430.6542478916,2945703.1739329253,2920211.212398961,3083813.4203130803,3572412.556010393
2025-11-14,2460740.900032197,2012979.0612348367,1545854.1032652566,2836389.9283827837,2920211.212398961,2969374.987877463,3439842.5080852364
2025-11-17,2405835.928001631,2009959.5926429844,1511362.4278913864,2773103.3346241317,2920211.212398961,2903121.181694316,3363091.4544925955
2025-11-18,2311000.037130708,1927837.0357017461,1451785.8787968783,2663790.092538394,2920211.212398961,2788682.752885533,3230521.4107689084
2025-11-19,2261086.3977131527,1886199.0603188912,1420429.7923834245,2606256.7926566266,2920211.212398961,2728451.985624143,3160747.685871867
2025-11-20,2365904.97861943,1973638.7570104203,1486277.534984155,2727076.6510927794,2920211.212398961,2854936.5222138497,3307272.4216674427
2025-11-21,2362356.121151501,1882035.2890157052,1417294.2034988045,2600503.498918816,2920211.212398961,2722428.9468479804,3153770.35734493
2025-11-24,2362356.121151501,1886199.0809091502,1420429.80788922,2606256.8211072306,2920211.212398961,2728452.0154086626,3160747.720375444
2025-11-25,2362356.121151501,1883369.7822877865,1411023.0685016573,2602347.43587557,2920211.212398961,2710382.9514550134,3139815.795467737
2025-11-26,2362356.121151501,1847116.9271491969,1385938.176276951,2552255.0294345594,2920211.212398961,2662198.2932855855,3083996.7641613428
2025-11-27,2362356.121151501,1913980.8636507238,1436107.8655107822,2644644.317689959,3021388.094431145,2758567.426728291,3195634.6148999296
2025-11-28,2362356.121151501,1918159.9120878468,1439243.5104092662,2650418.720617639,3027985.0920468317,2764590.57309945,3202612.0680692056
2025-12-01,2362356.121151501,1880548.9059719788,1437084.6451436523,2598449.6881701523,2968612.792011758,2710382.875244094,3139815.7071819664
2025-12-02,2362356.121151501,1842937.927852539,1437084.6451436523,2546480.694406749,2909240.536171523,2656175.2177392123,3077019.393038327
2025-12-03,2362356.121151501,1840173.5209607603,1437084.6451436523,2598449.6906007957,2968612.7947886596,2710382.877779442,3139815.710119014
2025-12-04,2362356.121151501,1878248.8672120967,1437084.6451436523,2656192.981251258,3034581.9270979054,2770613.5710469605,3209589.3492986015
2025-12-05,2362356.121151501,1870082.5689028506,1437084.6451436523,2644644.317689959,3021388.094431145,2758567.426728291,3195634.6148999296
2025-12-08,2362356.121151501,1890498.34352351,1437084.6451436523,2673516.0173889953,3054372.7227054136,2788682.8300781106,3230521.5001918715
2025-12-09,2362356.121151501,1902747.7429300798,1437084.6451436523,2690838.944768991,3074163.394062056,2806751.9756665714,3251453.5196686024
2025-12-10,2389188.9712889777,1927246.6660183927,1453407.7882010222,2725484.9752771743,3113744.9375598063,2842890.450162375,3293317.7709859735
2025-12-11,2368941.6028932296,1924355.796019365,1441090.7704721652,2702387.6401502076,3087357.263081652,2818798.153175863,3265408.2925166152
2025-12-12,2298075.8608258744,1863993.6328455447,1397981.2372058318,2621547.021183914,2995000.4640756696,2734475.1700263703,3167725.18309785
2025-12-15,2237333.828767363,1814725.128296493,1361030.2285054328,2552255.0992251574,2915837.5359472823,2662198.366082547,3083996.848492249
2025-12-16,2227210.1136699677,1806513.675922808,1354871.7008439961,2540706.3964128173,2902643.6584379594,2650152.1808220223,3070042.0666648983
2025-12-17,2223869.2984994627,1790090.8499502584,1342554.704601647,2517609.101578159,2876256.029991969,2626059.925863487,3042132.6368824253
2025-12-18,2223869.2984994627,1761350.7823018602,1320999.8695311262,2477188.66375871,2830077.4838704807,2583898.300424107,2993290.927098908
2025-12-19,2223869.2984994627,1758708.7561284073,1348713.2128628497,2529157.76801045,2889449.8659387096,2638106.0731768226,3056087.3747502374
2025-12-22,2223869.2984994627,1800176.8494141763,1382584.9091130723,2592675.2473899988,2962015.7511513093,2704359.6893898933,3132838.208273959
2025-12-23,2223869.2984994627,1808195.4545340613,1388743.4165033307,2604223.912189063,2975209.5852321615,2716405.8349996475,3146792.944168275
2025-12-24,2223869.2984994627,1808195.4545340613,1388743.4165033307,2600317.5763207795,2975209.5852321615,2716405.8349996475,3146792.944168275
2025-12-26,2223869.2984994627,1808195.5563448472,1388743.4946967906,2596423.0881000008,2975209.752751898,2716405.98794739,3146793.121349045
2025-12-29,2223869.2984994627,1820223.416383431,1397981.2191924045,2613694.1257347483,2995000.4254841483,2734475.134791799,3167725.142280716
2025-12-30,2223869.2984994627,1817493.081258856,1419536.0338157034,2653993.4456317374,3041178.9278000128,2776636.720236063,3216566.805732295
2025-12-31,2223869.2984994627,1799024.539944179,1407219.0187586565,2630965.3037230875,3014791.259045878,2752544.4284756575,3188657.3333170665
2026-01-02,2223869.2984994627,1826580.6900960614,1428773.7767491736,2671264.517738276,3060969.640033071,2794705.903145234,3237498.868442826
2026-01-05,2223869.2984994627,1846263.6724702409,1444170.0465208446,2700049.6969009046,3093954.2280117716,2824821.269704666,3272385.711115314
2026-01-06,2223869.2984994627,1865946.629682458,1459566.2966105207,2728834.8392656757,3126938.7738242527,2854936.5977657796,3307272.509189814
2026-01-07,2223869.2984994627,1869883.2269916302,1462645.5512174827,2734591.876318368,3133535.6928181667,2860959.6723542176,3314249.87920312
2026-01-08,2223869.2984994627,1867078.4021511427,1462645.5682229057,2734591.9081120533,3133535.729250165,2860959.7056171154,3314249.9177361885
2026-01-09,2223869.2984994627,1805409.9416186055,1460451.5998705714,2648236.4107497158,3034582.011293444,2770613.647918605,3209589.4383497825
2026-01-12,2223869.2984994627,1828958.7161989654,1460451.5998705714,2682778.550368342,3074163.4304948347,2806752.0089301816,3251453.5582024963
2026-01-13,2223869.2984994627,1805409.8405505249,1460451.5998705714,2648236.262499634,3034581.841415472,2770613.4928177614,3209589.258674775
2026-01-14,2223869.2984994627,1789710.701582702,1445583.707497588,2625208.2340870206,3008194.30271507,2746521.31979814,3181679.9238136103
2026-01-15,2223869.2984994627,1836808.3265867857,1483625.3637873589,2694292.6245738873,3087357.268597435,2818798.1582118464,3265408.2983504995
2026-01-16,2223869.2984994627,1834053.1140969056,1489965.6634295313,2705806.732501973,3100551.145342287,2814569.9609745285,3279363.0793692917
2026-01-19,2223869.2984994627,1819616.9650482454,1480455.2430045102,2688535.62334385,3080760.3906522677,2792415.994356982,3258430.9717532634
2026-01-20,2223869.2984994627,1780652.9773390263,1448753.8239693523,2630965.227488044,3014791.171689066,2732621.1778801703,3188657.2409222983
2026-01-21,2223869.2984994627,1722207.1093141646,1401201.7877928473,2544609.8014613762,2915837.5354750236,2642929.127403836,3083996.8479927545
2026-01-22,2223869.2984994627,1741689.0172221987,1417052.4273835896,2573394.8724007783,2948821.9994420405,2672826.403747125,3118883.559501679
2026-01-23,2223869.2984994627,1757274.6751730489,1429733.0461468904,2596423.1236311146,2975209.793466571,2696744.426814896,3146793.1644117744
2026-01-26,2223869.2984994627,1754638.7631602893,1410712.1086599915,2592528.488945668,2935628.082989605,2660867.3745925757,3104928.736485327
2026-01-27,2223869.2984994627,1779570.5668551351,1432903.166330027,2629365.935328804,2981806.6701637646,2702723.867493872,3153770.4896890647
2026-01-28,2223869.2984994627,1787444.7729031667,1439243.4458270625,2641000.2978745066,2995000.5049874983,2714682.822659774,3167725.226369105
2026-01-29,2223869.2984994627,1783507.5694584213,1436073.2252201713,2635182.9682271816,2988403.4193130136,2708703.1925627794,3160747.680062591
2026-01-30,2223869.2984994627,1759885.050622752,1417052.466691815,2600280.0273210863,2948822.0812406796,2672826.4778898037,3118883.646017729
2026-02-02,2223869.2984994627,1728388.199749827,1391691.3272203999,2553742.537716639,2896046.697240026,2624990.616704717,3063064.6520136246
2026-02-03,2223869.2984994627,1725795.6174502021,1385351.0886063569,2542108.2501909034,2882852.947491951,2613031.738651799,3049110.005315642
2026-02-04,2223869.2984994627,1691664.6083707805,1359989.9705048224,2495570.799800019,2830077.6079610526,2565195.9177743117,2993291.058345909
2026-02-05,2223869.2984994627,1715324.2278287362,1379010.788821622,2530473.850417434,2869659.0704504326,2601072.7452194947,3035155.223983075
2026-02-06,2223869.2984994627,1695607.782925212,1363160.0302314614,2501387.834233358,2836674.3588510095,2571175.2444210052,3000268.250560532
2026-02-09,2223869.2984994627,1727154.0010986961,1388521.1686693071,2547925.3219412123,2889449.7407008517,2619011.1036565863,3056087.242289785
2026-02-10,2223869.2984994627,1735040.5501780908,1394861.4488860816,2559559.6858076304,2902643.5770223294,2630970.060180051,3070041.980553946
2026-02-11,2223869.2984994627,1732437.9893528237,1392769.1567127525,2588645.63105784,2935628.208179896,2660867.4880656563,3104928.8688954697
2026-02-23,2223869.2984994627,1784265.2344926286,1392769.1567127525,2670086.131770655,3027985.0098650837,2744580.136084599,3202611.9811479524
2026-02-24,2223869.2984994627,1784265.2601428647,1392769.1567127525,2670086.170155273,3027985.0533947833,2744580.1755401273,3202612.0271880543
2026-02-25,2223869.2984994627,1827025.3642648647,1392769.1567127525,2734075.065304983,3100551.0328235673,2810354.327343025,3279362.9603615026
2026-02-26,2223869.2984994627,1970855.1203828366,1392769.1567127525,2949310.911255743,3344637.1345300837,3031595.140641463,3537525.7554909997
2026-03-02,2049727.728931949,1819250.7838797015,1283707.438400965,2722440.6967898877,3087357.1912303027,2798395.366041187,3265408.2165215258
2026-03-03,2093525.3227649264,1816521.9077038819,1311137.080003537,2780612.4969706372,3153326.3511193013,2858190.1289728577,3335181.884871418
2026-03-04,1966512.3566544666,1703758.9395845467,1231591.154431107,2611914.350832326,2962015.8717977633,2684785.392932202,3132838.3358782167
2026-03-05,1966512.276556063,1703758.8701884046,1231591.104266924,2611914.2444459265,2957572.8479900667,2684785.283577678,3132838.208273959
2026-03-06,1935854.0643798653,1677197.02180229,1212390.4199696165,2607996.3730792576,2957572.8479900667,2642929.0908385166,3083996.805325197
2026-03-09,1932950.2832832956,1578538.3708189807,1141073.3345321785,2450908.454931021,2957572.8479900667,2487462.6695671044,2902585.223683308
2026-03-10,2004288.0624575217,1639251.3602577648,1184960.7525316454,2545174.126194021,2957572.8479900667,2583134.271587424,3014223.0712569626
2026-03-11,1971811.2329966107,1636792.4832173781,1165760.0353300187,2503932.9555294733,2957572.8479900667,2541278.0071190735,2965381.5846084184
2026-03-12,2013567.1759700144,1668950.4958733553,1190446.6831902894,2556957.3424234567,2957572.8479900667,2595093.2292707223,3028177.810874517
2026-03-13,1962532.063215014,1626649.9072682702,1160274.0714043605,2492149.667845904,2957572.8479900667,2529318.976915934,2951426.7603684813
2026-03-16,2004288.123560907,1661259.5286663861,1184960.7886567488,2545174.2037870367,2957572.8479900667,2583134.350337705,3014223.163149559
2026-03-17,2001281.6913755657,1657413.9708492723,1182217.788454095,2539282.5207679803,2957572.8479900667,2577154.7954745516,3007245.704632357
2026-03-18,2001281.6913755657,1634340.8729233423,1165759.9648309476,2503932.804104701,2957572.8479900667,2541277.853435868,2965381.4052776457
2026-03-19,2001281.6913755657,1631889.3616139572,1138330.316522186,2445016.733663628,2957572.8479900667,2481483.0758851576,2895607.7198690013
2026-03-20,2001281.6913755657,1598034.2751456685,1116386.650582384,2397883.9905204433,2957572.8479900667,2433647.3687427356,2839788.905615118
2026-03-23,1929547.150084457,1543064.98599107,1077985.1084135824,2315401.4177220063,2957572.8479900667,2349934.6048844303,2742105.658191311
2026-03-24,1949186.274773963,1558770.4563977215,1088956.9491154999,2338967.8059011763,2957572.8479900667,2373852.475310914,2770015.084986434
2026-03-25,1963915.646045966,1570549.5813983704,1097185.845147825,2356642.630340609,2975459.08235695,2391790.911932562,2790947.194525603
2026-03-26,1988464.685512752,1590181.5262509498,1110900.7206666193,2386100.7758866358,3012652.4631376625,2421688.412678863,2825834.1678872486
2026-03-27,1934456.9719197159,1587796.2539615734,1080728.0913063,2321293.0635610954,2930827.2878806335,2355914.1220130934,2749083.072676666
2026-03-30,1931555.2864618362,1565298.6560120515,1079106.9991693404,2291835.100940634,2893634.1380587984,2326016.8069206118,2714196.3159518535
2026-03-31,1893956.1597094075,1537131.2240948132,1058101.397556185,2250593.7001872784,2841563.408767544,2284160.308931781,2665354.5568115427
2026-04-01,1933620.2325605047,1569322.5103300489,1080260.6279593618,2297726.6351418793,2901072.6943856766,2331996.2107464015,2721173.598225679
2026-04-02,1963368.266160685,1593465.9579319588,1096880.0390083105,2333076.3113581426,2945704.627035073,2367873.1117348205,2763037.849679413
2026-04-07,1933620.2301506584,1569322.508374222,1080260.6266130467,2297726.632278252,2901072.6907701064,2331996.207840064,2721173.5948343147
2026-04-08,1948494.2972102237,1566968.5246116607,1088570.3602161123,2294280.042329835,2923388.732500714,2349934.718948506,2742105.791291077
2026-04-09,1945571.5557644083,1600452.5202727919,1113499.3823180378,2343305.7003288236,2990336.3777687345,2403749.8664922244,2804901.930498231
2026-04-10,1945571.5557644083,1596471.3704800773,1110729.535803411,2337476.692042129,2982897.8709091423,2397770.502430183,2797924.6946241646
2026-04-13,1937812.9453187024,1592490.069923176,1107959.5843960575,2331647.4630137547,2975459.08235695,2391790.911932562,2790947.194525603
2026-04-14,1976569.2098380062,1624339.875934332,1130118.7792932147,2378280.4190277127,3034968.27262259,2439626.7370991027,2846766.1465001726
2026-04-15,2049237.1954938152,1684058.2537260351,1171667.2638260534,2465717.1991390255,3146547.988527832,2529318.8965512756,2951426.6665920904
2026-04-16,2010480.9971551893,1681532.1663454461,1149508.106768212,2419084.322756082,3087038.8998808227,2481483.1530697825,2895607.8099346557
2026-04-17,2010480.966039739,1679013.6198911755,1149508.0889777122,2419084.2853168333,3087038.8521038955,2481483.1146648116,2895607.7651204346
2026-04-20,2007465.2445906794,1666876.1475265916,1141198.3751686385,2401596.893724063,3064722.8635306545,2463544.646286349,2874675.618524684
2026-04-21,2007465.2445906794,1699242.7021060418,1163357.5857078764,2448229.882656024,3124232.0958035765,2511380.5052199936,2930494.609901612
2026-04-22,2007465.2445906794,1723517.6024965867,1179976.9829703406,2483204.6019594953,3168863.991428951,2547257.376447049,2972358.8266272293
2026-04-23,2007465.2445906794,1857029.5053907335,1271383.634193084,2675565.487164769,3414339.3268102487,2744580.0954015665,3202611.9336754936
2026-04-24,2007465.2445906794,1854243.9611326475,1257534.2092470252,2646420.0408917624,3377146.2758889603,2714682.85980923,3167725.269718283
2026-04-27,2007465.2445906794,1826998.01283418,1240914.797808939,2611445.291756379,3332514.342194523,2710610.8355195164,3125861.0172843123
2026-04-28,2058149.4103253426,1875935.4590331994,1274153.5866465564,2681394.7183946497,3421778.118171825,2779047.9101836192,3209589.436409225
2026-04-29,2022355.4226713919,1843310.4171759961,1251994.341296893,2634761.656205829,3362268.7924144496,2730716.5275892303,3153770.35734493
2026-04-30,2008932.7636984724,1831076.1052278518,1250116.3497849477,2617274.3704450205,3339952.938895361,2712592.375775635,3132838.337428458
2026-05-04,2004458.4735665703,1826997.937010166,1245463.8978651518,2611445.1833762587,3332514.203888618,2706550.8966788123,3125860.887554927
2026-05-05,2035778.1976867693,1824257.4401046508,1264924.3088425852,2652249.0931488755,3384584.838860029,2748840.836090941,3174702.558224284
2026-05-06,2032724.530390239,1973652.5315931737,1370566.3417078431,2873755.6164298286,3667253.4699256057,2978414.362283503,3439842.5588146946
2026-05-07,2099668.9506848943,2041709.4905821353,1417827.2327796705,2972850.60148973,3793710.4399391604,3081118.268295995,3558457.7761370474
2026-05-08,2091434.9270574215,2033702.75972087,1412267.107251037,2968391.3255874957,3778833.093970854,3069035.4108474855,3544502.99274297
2026-05-11,2112019.970227605,2053719.571414398,1426167.4103369645,2993118.174640885,3816026.430165996,3099242.531138818,3579389.924283851
2026-05-12,2091434.9270574215,2033702.75972087,1412267.107251037,2963945.4074762813,3778833.093970854,3069035.4108474855,3544502.99274297
2026-05-13,2029679.984659597,2030652.2055812888,1370566.3243434196,2876427.371155389,3667253.4234632496,2978414.3245484103,3439842.5152335265
2026-05-14,2026635.4646826077,2097528.4269922073,1417827.2484154718,2975614.5561696356,3793710.4817762054,3081118.3022745727,3558457.815379726
2026-05-15,2026635.4646826077,2048174.792314498,1384466.590627038,2905600.0610824544,3704446.6611856706,3008621.3648636607,3474729.3544081016
2026-05-18,2039853.8803655338,2064625.9954656186,1395586.8042063718,2928938.214183518,3734201.2528417804,3032786.998316381,3502638.827134271
2026-05-19,2039853.8527260278,2064625.9674904565,1395586.785296522,2928938.1744971434,3734201.202244295,3032786.9572228813,3502638.7796743973
2026-05-20,2003282.7650402975,2027610.7581927783,1370566.3032507524,2876427.3268879033,3667253.367025152,2978414.2787113716,3439842.462295225
2026-05-21,1991092.4073372139,2024569.342055489,1362226.1458930448,2858923.7179947356,3644937.430846778,2960290.05976481,3418910.3648452717
2026-05-22,2023600.0397621489,2054541.724115334,1384466.573643733,2905600.0254393467,3704446.615743081,3008621.327956787,3474729.3117834628
2026-05-25,2020564.6397025057,2104048.7845199904,1417827.234799992,2975614.527594632,3793710.4453449775,3081118.2726864098,3558457.7812076434
2026-05-26,2076877.6437430838,2165932.518932728,1459527.9998616378,3063132.5264619254,3905290.0681017367,3171739.320203927,3663118.213927331
2026-05-27,2080833.6040288615,2170058.1076752264,1462308.0552109878,3068967.0688391635,3912728.7212455054,3177780.732814519,3670095.587014312
2026-05-28,2096657.533361373,2186560.5546161113,1473428.3385835837,3092305.368416357,3942483.4996489296,3201946.5179368434,3698005.2349073645
2026-05-29,2128305.106243917,2183280.713784187,1495668.704494831,3138981.5460776375,4001992.519080126,3250277.6517438777,3753824.0266411444
2026-06-01,2389398.351275208,2447447.0091975234,1493425.2014380887,3524061.1455929256,4492943.374919415,3649010.67966212,4214330.414337533
2026-06-02,2385814.253748295,2410978.380413679,1468968.694873879,3471550.2322831675,4425995.455936487,3594637.933120607,4151534.0183888692
2026-06-03,2450304.9216265716,2479863.4807612672,1510939.231306682,3570737.387197219,4552452.475873697,3697341.879679337,4270149.28253905
2026-06-04,2474327.6168081593,2504175.9669194114,1525752.421400382,3605744.7591651105,4597084.5448016655,3733590.4772206973,4312013.661820554
2026-06-05,2326188.1054454627,2354249.4165363256,1434404.6885329492,3389866.6098477733,4321854.2747542355,3510058.1263845656,4053850.7603065735
2026-06-08,2061939.532550927,2350718.042411521,1271460.259829718,3384781.8099330016,3830903.5121359844,3111325.174177174,3593344.460050472
2026-06-09,2166037.652764357,2465696.755027705,1335650.611139685,3550338.821863505,4024308.7250614194,3268402.089814887,3774756.3771632053
2026-06-10,2162788.5962852105,2470254.360974172,1338119.4342645563,3556901.2855133857,4031747.276999471,3274443.420229753,3781733.655320361
2026-06-11,2162788.5962852105,2369985.6751651666,1283804.5915305938,3412525.134180475,3868096.922863733,3141532.35500127,3628231.461502101
2026-06-12,2213538.0584201557,2429235.376563209,1315899.738559836,3497838.3482358376,3964799.443077233,3220070.7427715436,3718937.3391576703
2026-06-15,2250914.9279750134,2470254.4200092717,1338119.466243455,3556901.3705175966,4031747.373351736,3274443.4984836755,3781733.7456977027
2026-06-16,2242608.8116332395,2466549.038379258,1333181.6625851847,3543776.0248048143,4016869.795204512,3262360.45246761,3767778.744522409
2026-06-17,2209384.928041276,2426367.96492358,1313430.793804636,3491275.5612761974,3957360.5246675983,3214029.114721339,3711959.717254287
2026-06-18,2246761.843214879,2467415.6558233714,1335650.5486075962,3550338.65564481,4024308.536652543,3268401.9367958205,3774756.2004377963
2026-06-22,2243391.7004500567,2462854.8135760087,1333181.6936194121,3543776.107297962,4016869.888710487,3262360.5284098764,3767778.8322299635
2026-06-23,2240031.67646097,2462854.8394030402,1333181.707599987,3543776.1444602087,4010844.5838774214,3262360.562621024,3767778.8717412422
2026-06-24,2115585.445191518,2326029.5408377675,1259116.041095524,3346899.649241438,4010844.5838774214,3081118.26978805,3558457.777860258
2026-06-25,2161215.693741382,2322540.496526511,1286273.4305731722,3419087.6401417605,4091216.1234518723,3147573.724367541,3635208.7846451723
2026-06-26,2119733.648805342,2274550.182616914,1261584.894208391,3353462.1926034405,4012689.9441503123,3087159.6735850014,3565435.1407681527
2026-06-29,2074103.3208279847,2225587.2051729024,1234427.4574585177,3281274.076047192,3926310.998226509,3020704.103328075,3488684.0003845775
2026-06-30,2070992.1658467427,2238940.787539633,1241834.0550030277,3300961.807689641,3949868.968541199,3038828.40821065,3509616.1970841046
2026-07-01,2070992.1658467427,2270099.065392787,1239971.303920523,3346899.7287633237,4004837.4230399895,3081118.342995006,3558457.8624087363
2026-07-02,2070992.1658467427,2191022.521542869,1239971.303920523,3230313.95187035,3865333.0697178496,2973790.7847087006,3434502.6775956177
2026-07-03,2070992.1658467427,2187735.9877605545,1239971.303920523,3203282.035955117,3832987.1862892485,2948905.5061755734,3405762.069414901
2026-07-06,2070992.1658467427,2244370.6297924207,1239971.303920523,3291135.7626796244,3938111.3074322026,3029782.6614082367,3499169.0460022297
2026-07-07,2070992.1658467427,2239762.065870876,1239971.303920523,3284377.783700816,3930024.8365750522,3023561.341774955,3491983.8939570505
2026-07-08,2070992.1658467427,2212110.682341606,1239971.303920523,3279451.2170252646,3881506.0114321504,2986233.423975264,3448872.981685976
2026-07-09,2070992.1658467427,2193676.4266554257,1239971.303920523,3247251.579514116,3849160.1280035493,2961348.145442137,3420132.3735052594
2026-07-13,2070992.1658467427,2230544.9380277856,1239971.303920523,3301827.2363126725,3913851.8948607515,3011118.7025083913,3477613.5898666927
2026-07-14,2070992.1658467427,2227199.120620744,1239971.303920523,3219963.751114838,3816814.2445749477,2936462.86690901,3391391.765324543
2026-07-15,2070992.1658467427,2223863.325632295,1239971.303920523,3219963.751114838,3816814.2445749477,2936462.86690901,3391391.765324543
2026-07-16,2070992.1658467427,2266267.499214267,1261722.2411843496,3281361.365013214,3889592.4822893008,2992454.743608546,3456058.133731155
2026-07-17,2070992.1658467427,2242709.62500206,1248606.6253716226,3247251.579514116,3849160.1280035493,2961348.145442137,3420132.3735052594
2026-07-20,2070992.1658467427,2219151.7507898537,1235491.0095588954,3213141.7940150183,3808727.7737177974,2930241.547275728,3384206.613279364
2026-07-21,2070992.1658467427,2242709.62500206,1248606.6253716226,3247251.579514116,3849160.1280035493,2961348.145442137,3420132.3735052594
2026-07-22,2070992.1658467427,2239345.560564557,1306315.334947622,3397334.6357101467,4027062.486860856,3098217.177374337,3578205.7184992
2026-07-23,2070992.1658467427,2303340.716975977,1345662.1823858034,3499663.99220744,4148359.549718111,3191536.9718735637,3685982.999176887
2026-07-24,2070992.1658467427,2280891.002385568,1332546.5665730762,3465554.2067083423,4107927.1954323594,3186749.6664157533,3650057.238950991
2026-07-27,2070992.1658467427,2271911.1165494043,1327300.3202479854,3451910.292508703,4091754.2537180586,3169449.234035504,3635686.934860633
2026-07-28,2070992.1658467427,2209051.9156962587,1290576.5959723494,3356402.893111229,3978543.661717954,3081756.962738079,3535094.8062281255
2026-07-29,2070992.1658467427,2155172.600679277,1259099.1180218044,3274539.4079133943,3881506.0114321504,3006592.1587688574,3448872.981685976
2026-07-30,2033425.491512029,2151939.841778258,1238114.1327214409,3219963.751114838,3816814.2445749477,2956482.2894560434,3391391.765324543
2026-07-31,2110971.3789001997,2230659.3551861746,1285330.3496472586,3342758.97891159,3962370.7200036533,3069229.495409875,3520724.502137767
2026-08-03,2106663.274045301,2226106.9891551826,1282707.2264847131,3335937.0218117703,3954284.2491465034,3062965.7617457737,3513539.350092588
2026-08-04,2145436.2177393865,2267078.283434112,1306315.334947622,3397334.6357101467,4027062.486860856,3119339.3647226896,3578205.7184992
2026-08-05,2214365.89541776,2339916.1399299875,1348285.3055483487,3506485.9493072596,4156446.020575261,3219559.103348318,3693168.151222066
2026-08-06,2211044.3465746334,2353573.238022964,1356154.675035985,3526951.8206067183,4180705.433146712,3238350.304340624,3714723.6073576035
2026-08-07,2211044.3465746334,2350042.8781659296,1392878.399311621,3521661.3928758083,4293916.025146816,3326042.575638049,3815315.735990111
2026-08-10,2182786.614713866,2320008.7082880633,1377139.6603363485,3476653.6283330168,4245397.200003915,3288460.1736534378,3772204.8237190363
2026-08-11,2211890.436243384,2350942.157731904,1395501.5224741665,3523009.010044124,4302002.496003967,3332306.3093021503,3822500.88803529
2026-08-12,2199417.369873591,2337684.965113115,1387632.1529865302,3503142.417882221,4277743.083432516,3313515.108309845,3800945.4318997525
2026-08-13,2282571.145672214,2426066.2492383746,1385550.7047570504,3635586.3656282406,4439472.500575522,3438789.7815918806,3944648.472803335
2026-08-14,2178628.9259239347,2315589.6440818002,1320475.6968239704,3470031.430945716,4237310.729146765,3282196.4399893363,3765019.671673857
2026-08-17,2175360.982535049,2312116.2596156774,1307875.7378848104,3436920.444009211,4196878.374861012,3250877.771668827,3729093.9114479613
2026-08-18,2134436.305258634,2268618.8297592057,1285195.8117943224,3377320.6675235024,4124100.1371466597,3194504.1686919113,3664427.5430413494
2026-08-19,2050732.9207386875,2179653.385454923,1234795.9760376823,3244876.7197774826,3962370.7200036533,3069229.495409875,3520724.502137767
2026-08-20,2096769.7822246582,2228584.3798222784,1262515.8857038345,3317720.8910377934,4051321.899432307,3138130.565714995,3599761.1746347374
2026-08-21,2050732.9207386875,2179653.385454923,1234795.9760376823,3244876.7197774826,3962370.7200036533,3069229.495409875,3520724.502137767
2026-08-24,2059103.259190682,2188549.929885351,1239835.9596133463,3258121.1145520844,3978543.661717954,3081756.962738079,3535094.8062281255
2026-08-25,2056014.6043018962,2185267.104990523,1219676.0253106903,3205143.5354536767,3913851.8948607515,3031647.0934252646,3477613.5898666927
2026-08-26,2061418.4048116284,2191010.618422354,1224716.0088863543,3218387.9302282785,3930024.8365750522,3044174.5607534684,3491983.8939570505
2026-08-27,2108076.0230275295,2240601.39373644,1252435.9185525065,3291232.1014885893,4018976.0160037056,3113075.6310585877,3571020.566454021
2026-08-28,2167458.4462114037,2303716.9259543684,1287715.8035821544,3383942.8649108033,4132186.60800381,3200767.9023560127,3671612.6950865285
2026-08-31,2116559.2263395116,2249617.8983390015,1257475.9021281705,3304476.4962631916,4035148.9577180063,3125603.0983867915,3585390.870544379
2026-09-01,2146250.4379314487,2281175.6644479656,1275115.8446429945,3350831.8779742983,4091754.2537180586,3169449.234035504,3635686.934860633
2026-09-02,2143031.0622745515,2277753.9009512938,1275115.8446429945,3350831.8779742983,4091754.2537180586,3169449.234035504,3635686.934860633
2026-09-03,2143031.0622745515,2278837.1351713655,1277635.8364308265,3357454.075361599,4099840.724575209,3175712.9676996055,3642872.086905812
2026-09-04,2143031.0622745515,2269847.639569111,1272595.8528551625,3344209.6805869974,4083667.782860908,3163185.500371402,3628501.782815454
2026-09-07,2143031.0622745515,2323784.6131826346,1302835.7543091464,3339193.366066117,4180705.433146712,3238350.304340624,3714723.6073576035
2026-09-08,2143031.0622745515,2301310.874177,1290235.7953699864,3301946.506595719,4140273.0788609604,3207031.6360201146,3678797.8471317077
2026-09-09,2143031.0622745515,2251868.6483646035,1262515.8857038345,3231006.2496180767,4051321.899432307,3138130.565714995,3599761.1746347374
2026-09-10,2143031.0622745515,2248490.8453920567,1262515.8857038345,3231006.2496180767,4051321.899432307,3138130.565714995,3599761.1746347374
2026-09-11,2143031.0622745515,2218235.4581283126,1260622.1118752786,3192311.563993908,4002803.0742894053,3100548.1637303843,3556650.262363663
2026-09-14,2143031.0622745515,2191347.755605545,1260622.1118752786,3153616.8783697397,3954284.2491465034,3062965.7617457737,3513539.350092588
2026-09-15,2143031.0622745515,2218235.4581283126,1260622.1118752786,3192311.563993908,4002803.0742894053,3100548.1637303843,3556650.262363663
2026-09-16,2143031.0622745515,2218235.4581283126,1260622.1118752786,3192311.563993908,4002803.0742894053,3100548.1637303843,3556650.262363663
2026-09-17,2143031.0622745515,2236160.5931434906,1260622.1118752786,3218108.021076687,4035148.9577180063,3125603.0983867915,3585390.870544379
2026-09-18,2143031.0622745515,2232806.3522537756,1260622.1118752786,3256802.706700856,4029096.2342814296,3163185.500371402,3628501.782815454
2026-09-21,2143031.0622745515,2220632.605910242,1260622.1118752786,3243904.4781594663,4007128.72442536,3150658.0330431988,3614131.4787250957
2026-09-22,2143031.0622745515,2225047.3824627474,1260622.1118752786,3250353.592430161,4015095.1831220305,3156921.7667073,3621316.630770275
2026-09-23,2143031.0622745515,2251536.04177778,1260622.1118752786,3289048.2780543296,4062893.935302055,3194504.1686919113,3664427.5430413494
2026-09-24,2143031.0622745515,2233876.935567758,1248861.5872444096,3263251.8209715504,4031028.100515372,3169449.234035504,3635686.934860633
2026-09-29,2143031.0622745515,2180899.6169376927,1219244.3164006688,3185862.4497232134,3935430.5961553236,3094284.4300662824,3549465.110318484
2026-09-30,2143031.0622745515,2177628.267512286,1251329.6931480546,3269700.9352422454,4038994.5592120425,3175712.9676996055,3642872.086905812
2026-10-01,2143031.0622745515,2170078.0256857644,1248861.5872444096,3263251.8209715504,4031028.100515372,3169449.234035504,3635686.934860633
2026-10-02,2143031.0622745515,2170078.0256857644,1248861.5872444096,3263251.8209715504,4031028.100515372,3169449.234035504,3635686.934860633
2026-10-05,2143031.0622745515,2178655.4091864983,1253797.7990516997,3276150.04951294,4046961.0179087133,3181976.7013637074,3650057.238950991
2026-10-06,2143031.0622745515,2255851.860693107,1298223.7053173112,3392234.1063854457,4190357.274448786,3294723.9073175397,3779389.9757642155
2026-10-07,2143031.0622745515,2175387.4260727186,1251917.102353122,3271235.8244386707,4040890.57638185,3177203.736311662,3644582.1530925645
