Date,AI 5 日,固定 5 日基準,AI 20 日,固定 20 日基準,AI 60 日,固定 60 日基準,Buy & Hold
2020-01-03,1000000.0,1000000.0,1000000.0,1000000.0,1000000.0,1000000.0,1000000.0
2020-01-06,1000000.0,966572.610919669,966572.610919669,966572.610919669,1000000.0,966572.610919669,966572.610919669
2020-01-07,1000000.0,965121.6083560229,965121.6083560229,965121.6083560229,1000000.0,965121.6083560229,965121.6083560229
2020-01-08,975979.6395632115,943351.9480171652,943351.9480171652,943351.9480171652,1000000.0,943351.9480171652,943351.9480171652
2020-01-09,1006010.0779848134,972378.4475838018,972378.4475838018,972378.4475838018,1000000.0,972378.4475838018,972378.4475838018
2020-01-10,1022526.8651037796,988343.0667951562,988343.0667951562,988343.0667951562,1000000.0,988343.0667951562,988343.0667951562
2020-01-13,1027030.85941105,986860.5521949634,992696.4893783601,992696.4893783601,1000000.0,992696.4893783601,992696.4893783601
2020-01-14,1037541.5051103395,995466.8941641347,1002855.756737442,1002855.756737442,1008720.9301760307,1002855.756737442,1002855.756737442
2020-01-15,1035985.1928526739,994026.2887050828,1001404.4583705479,1001404.4583705479,1007261.1439318164,1001404.4583705479,1001404.4583705479
2020-01-16,1035985.1928526739,950807.6668195782,957865.045849421,957865.045849421,963467.0923919324,957865.045849421,957865.045849421
2020-01-17,1035985.1928526739,962332.7113645934,969475.635148153,969475.635148153,975145.585892743,969475.635148153,969475.635148153
2020-01-20,1034433.5425388656,962332.7113645934,969475.635148153,969475.635148153,975145.585892743,969475.635148153,969475.635148153
2020-01-30,1009656.7296715147,960889.2122975464,946254.697887585,946254.697887585,951788.8416394697,946254.697887585,946254.697887585
2020-01-31,1000364.9671156426,950620.3214895066,937546.4174277397,937546.4174277397,943029.6310484407,937546.4174277397,937546.4174277397
2020-02-03,975588.3461259737,927075.7550713785,914325.6599957736,914325.6599957736,919673.0676754918,914325.6599957736,914325.6599957736
2020-02-04,1042176.1044430792,990352.337418304,976731.9979893446,976731.9979893446,982444.3873661219,976731.9979893446,976731.9979893446
2020-02-05,1040612.8402864146,968279.1015776256,954962.3358901382,954962.3358901382,960547.4060158132,954962.3358901382,954962.3358901382
2020-02-06,1040612.8402864146,969750.8453338711,956413.8387192357,956413.8387192357,962007.3979180222,956413.8387192357,956413.8387192357
2020-02-07,1040612.8402864146,968296.2190658703,957865.2606507291,957865.2606507291,963467.3084494998,957865.2606507291,957865.2606507291
2020-02-10,1040612.8402864146,941942.0437033043,933192.6777771411,933192.6777771411,938650.4286750271,933192.6777771411,933192.6777771411
2020-02-11,1068141.3075190464,968310.5550574645,959316.2613713526,959316.2613713526,964926.7953066678,959316.2613713526,959316.2613713526
2020-02-12,1077837.2103259873,977100.2582200349,957877.2869792955,957877.2869792955,973685.782865006,968024.3200953233,968024.3200953233
2020-02-13,1092380.7409001011,990284.5195753278,969348.1456945074,969348.1456945074,986823.9718391965,981086.1175178989,981086.1175178989
2020-02-14,1089148.8452169648,987354.683718596,966480.2517723343,966480.2517723343,983904.3742893764,978183.4958684377,978183.4958684377
2020-02-17,1071373.2025493612,985873.6516930182,950706.6431638817,950706.6431638817,967846.3922667486,962218.8824345035,962218.8824345035
2020-02-18,1069766.1427455372,963610.3021797101,930631.3037186717,930631.3037186717,947409.1259498585,941900.4479054483,941900.4479054483
2020-02-19,1061580.4459189645,957671.2499351896,924895.5120602916,924895.5120602916,941569.9269674233,936095.2007463071,936095.2007463071
2020-02-20,1079685.265861565,974003.9410759655,940669.2264085013,940669.2264085013,957628.0166361302,952059.9212004158,952059.9212004158
2020-02-21,1071455.729530292,966579.9249544792,933499.292892495,933499.292892495,950328.8204685665,944803.1659599752,944803.1659599752
2020-02-24,1051705.173862748,948762.5853399783,916291.7412954087,916291.7412954087,932811.0437150985,927387.2457218663,927387.2457218663
2020-02-25,1053351.1464038822,947339.4414619684,917725.7848689521,917725.7848689521,934270.9408442364,928838.6543289475,928838.6543289475
2020-02-26,1051771.1196842764,937052.9687733443,909122.506721601,909122.506721601,925512.5590905646,920131.1978872127,920131.1978872127
2020-02-27,1056821.4419749447,942964.7739977532,914858.1005076172,914858.1005076172,931351.5566333076,925936.2447779259,925936.2447779259
2020-03-02,1020379.6761623153,910449.0621672207,883311.5749297648,883311.5749297648,899236.2966962715,894007.7179242641,894007.7179242641
2020-03-03,1055164.8632548496,941486.6668016267,913424.050817657,913424.050817657,929891.6532774834,924484.8299803633,924484.8299803633
2020-03-04,1066760.1917344343,951832.7724585562,923461.7731482816,923461.7731482816,940110.3399923882,934644.1004899484,934644.1004899484
2020-03-05,1076699.0617038647,950405.0232998683,932065.5498510265,932065.5498510265,948869.2292896253,943352.0615241537,943352.0615241537
2020-03-06,1075084.013111309,934381.6465122822,917725.8949174047,917725.8949174047,934271.0528766899,928838.7657099921,928838.7657099921
2020-03-09,1075084.013111309,897882.4809825092,881877.3425891575,881877.3425891575,897776.2073968956,892556.1182643123,892556.1182643123
2020-03-10,1052528.206890722,880363.0191882332,864670.1726777653,864670.1726777653,880258.8192103158,875140.5843337828,875140.5843337828
2020-03-11,1078710.1443856435,902262.2988372961,886179.0883216029,886179.0883216029,902155.5068553917,896909.9544354954,896909.9544354954
2020-03-12,1043800.6940736164,873063.091753159,857500.369564453,857500.369564453,872959.7557964021,867883.9610751005,867883.9610751005
2020-03-13,960016.9690849477,871753.4971155293,856214.1190101063,856214.1190101063,802889.0799278318,798220.708761087,798220.708761087
2020-03-16,994927.135081832,902100.8888691618,886020.5555550321,886020.5555550321,832085.4295341127,827247.2971885406,827247.2971885406
2020-03-17,993434.7443792092,838795.2604436624,823843.3769717875,823843.3769717875,773693.1901844864,769194.5775227117,769194.5775227117
2020-03-18,1008791.2202751148,853038.9671593573,837833.1835367973,837833.1835367973,786831.3889901035,782256.3847195493,782256.3847195493
2020-03-19,952443.571076362,805391.1094973396,791034.6692712482,791034.6692712482,742881.6616388975,738562.2015587951,738562.2015587951
2020-03-20,977010.2837170822,826164.8461797679,811438.105232155,811438.105232155,762043.0701062977,757612.1966703037,757612.1966703037
2020-03-23,971341.2223885632,824925.5989104982,806729.7695477473,806729.7695477473,757621.3470483074,753216.1835701984,753216.1835701984
2020-03-24,1012916.1417161304,858945.2832625912,841259.0619478156,841259.0619478156,790048.7223705667,785455.011024823,785455.011024823
2020-03-25,1011396.7675035562,886187.8096434252,867940.6476492677,867940.6476492677,815106.1079581239,810366.7012986495,810366.7012986495
2020-03-26,1020838.9869866207,895802.7923219709,877357.6518128788,877357.6518128788,823949.8666105338,819159.038218057,819159.038218057
2020-03-27,1037275.1006601348,910225.749038306,891483.630817747,891483.630817747,837215.9485701025,832347.9849966101,832347.9849966101
2020-03-30,962401.2108268618,844522.6945510927,827133.4433703336,827133.4433703336,776782.9788979267,772266.4007650779,772266.4007650779
2020-03-31,997098.7140623932,843255.9105092661,856954.1304233983,856954.1304233983,804788.3779148917,800108.9633447909,800108.9633447909
2020-04-01,1009882.2216528009,852787.8632396256,867940.8857730931,867940.8857730931,815106.331586531,810366.9236267769,810366.9236267769
2020-04-06,1008367.3983203217,841993.0690221085,856954.2809458415,856954.2809458415,804788.5192745148,800109.1038824832,800109.1038824832
2020-04-07,1045582.0672804374,874377.1511189518,889913.7895313721,889913.7895313721,835741.6689352973,830882.2775104502,830882.2775104502
2020-04-08,1051114.0210227456,879003.2958326828,894622.135315395,894622.135315395,840163.4014781043,835278.3000402232,835278.3000402232
2020-04-09,1060334.5479475334,886714.0421400305,902469.8923819029,902469.8923819029,847533.4385146312,842605.484247811,842605.484247811
2020-04-10,1032673.9484236911,885383.9710768205,878927.4563424274,878927.4563424274,825424.1117260276,820624.7113856169,820624.7113856169
2020-04-13,1027141.5000863473,879321.6317485755,874218.6895996333,874218.6895996333,821001.9838496608,819393.7743185385,816228.2958209378
2020-04-14,1025600.7878362178,887214.7834215659,882066.0351706175,882066.0351706175,828371.6344398152,825510.7228759241,823555.0958291324
2020-04-15,1045931.0955945267,906159.0920851259,880742.9361178615,880742.9361178615,846059.4911169158,843137.491761502,841140.1070669597
2020-04-16,1031353.7074185258,893529.7392623867,867167.0636552322,867167.0636552322,834267.7605966653,831386.4858349015,829416.9391615747
2020-04-17,1106063.0266891764,958255.349970145,929983.0118150241,929983.0118150241,894700.5452323386,891610.5563557809,889498.3394324927
2020-04-20,1122462.9587490305,956817.9669451899,943772.1520742717,943772.1520742717,907966.5416553871,904830.7365762999,902687.2011718749
2020-04-21,1095130.3350043441,932120.7137058576,920790.7530603496,920790.7530603496,906604.5918429041,882797.5836043478,880706.2445296419
2020-04-22,1093487.6395018375,913509.2546225967,902405.5169285458,902405.5169285458,887171.8500461545,865170.949130437,863121.3673850618
2020-04-23,1112240.8060036213,930569.5796627925,919258.4731071093,919258.4731071093,903740.3084954914,881328.5277568274,879240.6688614447
2020-04-24,1095557.3345339987,916611.1536196175,905469.7122322081,905469.7122322081,890184.3181278054,868108.7112667034,866052.1699907837
2020-04-27,1104825.8042525887,924365.7297182375,913130.0311807315,913130.0311807315,897715.3218794627,875452.9542827406,873379.014565005
2020-04-28,1106679.5508936178,922979.1811236602,914662.1385243587,914662.1385243587,899221.5654484752,876921.8446427722,874844.4251377519
2020-04-29,1108533.222868193,923140.4470095785,916194.1841567358,916194.1841567358,900727.748347996,878390.6758378497,876309.7766857059
2020-04-30,1106870.4230338905,932402.9712352732,925387.0115901808,925387.0115901808,909765.3900382232,887204.193803538,885102.4155112044
2020-05-04,1077765.3117119486,909247.3024479019,902405.5799543194,902405.5799543194,887171.9120079789,865171.0095556752,863121.4276671533
2020-05-05,1085084.385695206,915421.9753598764,908533.7909208599,908533.7909208599,893196.6715630442,871046.3615996646,868982.8610580612
2020-05-06,1077765.0105294024,909247.0483578745,902405.3277762178,902405.3277762178,887171.6640869403,865170.7677828099,863121.1864670456
2020-05-07,1077764.9989455955,907883.1777853377,902405.3180771751,902405.3180771751,887171.6545516289,865170.7584839638,863121.1771902284
2020-05-08,1097893.03797514,923453.3711677011,919258.3885336249,919258.3885336249,903740.225349707,881328.4466729683,879240.5879696725
2020-05-11,1096246.1984181772,923453.3835900226,919258.4008995154,919258.4008995154,903740.2375068465,881328.458528624,879240.5997972422
2020-05-12,1085482.8899510815,915758.1921600285,911598.1665073346,911598.1665073346,896209.3168841214,873984.2965800116,871913.8360983977
2020-05-13,1069063.3494228714,901905.9897076348,897808.8906200991,897808.8906200991,882652.8201981153,860763.9863277134,858724.8446352804
2020-05-14,1069063.4200333448,901906.049277546,897808.9499194016,897808.9499194016,882652.8784963756,860764.04318024,858724.9013531241
2020-05-15,1085482.6128709477,900553.1902036297,896462.2364945224,896462.2364945224,896209.08811792,873984.0734869642,871913.6135338556
2020-05-18,1061765.955158217,879557.7100403977,875562.1327492329,875562.1327492329,876627.8585985319,854888.4372496911,852863.2146771114
2020-05-19,1060173.3062254798,888625.5162723643,884588.7465497677,884588.7465497677,885665.4595070047,863701.9154449683,861655.8138264144
2020-05-20,1054984.9837928764,885603.1369900148,881580.0970658021,881580.0970658021,882653.1479236784,860764.3059260375,858725.1634764792
2020-05-21,1065786.6429712882,894670.5487542155,890606.3181905245,890606.3181905245,891690.3556783774,869577.4007173287,867517.3801300768
2020-05-22,1060385.7811682401,890136.8158303277,886093.1807092188,886093.1807092188,887171.7248493179,865170.8270383463,863121.2455822062
2020-05-25,1045983.2578246986,888801.6106065823,874057.9592394842,874057.9592394842,875121.8542231813,853419.7801515777,851398.0368136874
2020-05-26,1062186.1101438017,901217.8065967722,887597.5947221273,887597.5947221273,888677.9700205665,866639.7189608803,864586.6577137539
2020-05-27,1060592.8309785859,907327.7159492498,893615.1642880335,893615.1642880335,894702.8641145632,872515.2022073813,870448.221996356
2020-05-28,1064353.0169227475,911910.3382997032,898128.5289219861,898128.5289219861,899221.7223727576,876921.9976755024,874844.577807949
2020-05-29,1041176.0036278204,892052.8683639669,878571.1672906346,878571.1672906346,879640.5557079825,857826.422734116,855794.2401018819
2020-06-01,1048307.3594988943,898162.83098119,884588.7893162897,884588.7893162897,885665.5023255816,863701.9572016909,861655.8554842158
2020-06-02,1055438.653365613,896815.5867347182,890606.3590210705,890606.3590210705,891690.396558622,869577.4405837875,867517.4199020923
2020-06-03,1069701.3032189107,907573.3268511023,902641.5508489728,902641.5508489728,903740.2375068465,881328.458528624,879240.5997972422
2020-06-04,1068096.7512640823,922699.655158391,917685.6823125032,917685.6823125032,918802.6805432298,896017.3692930187,893894.7126718182
2020-06-05,1078735.6517858568,933288.1466505578,928216.6356788847,928216.6356788847,929346.4520852729,906299.6667216052,904152.6514356445
2020-06-08,1104960.9775758025,955977.4734205459,950782.6680836043,950782.6680836043,951939.9516486902,928332.8719686415,926133.6602291224
2020-06-09,1106709.1660881033,957489.9511197301,952286.9269414014,952286.9269414014,953446.041475974,929801.6123995727,927598.9212279494
2020-06-10,1115450.7192583263,956053.7161930505,959808.7466391557,959808.7466391557,960977.0166606843,937145.8275570922,934925.7380096496
2020-06-11,1138179.5570377016,974073.5112217641,979366.1658284963,979366.1658284963,980558.2409535077,956241.4586974138,953976.1317815171
2020-06-12,1136472.287702145,936666.7239569118,941756.1277795301,941756.1277795301,942902.4243261372,919519.465534433,917341.1326708866
2020-06-15,1145646.4078431935,945644.2647817773,940343.4935878608,940343.4935878608,951939.7316113717,928332.6573880102,926133.4461568305
2020-06-16,1149271.7861611343,948636.7397640706,941906.334868741,941906.334868741,954952.1284899754,931270.3500869878,929064.1794897598
2020-06-17,1147459.054637221,947140.4673038749,940420.6781891374,940420.6781891374,953445.894848824,929801.4694086172,927598.7785757382
2020-06-18,1149329.8342973168,945719.7566029191,941953.9092613746,941953.9092613746,955000.3618076899,931317.3872706684,929111.1052427999
2020-06-19,1147502.6008564625,942802.0245413011,940456.3672752675,940456.3672752675,953482.0782436078,929836.7554944034,927633.9810691229
2020-06-22,1145781.3469551778,944303.5697765559,941954.1767203992,941954.1767203992,955000.6329711329,931317.6517095517,929111.3690552299
2020-06-23,1149521.7730021707,948807.3470051227,946446.7487144567,946446.7487144567,959555.4289516882,935759.4936834461,933542.6883477576
2020-06-24,1160434.503750626,957814.6397360656,955431.6316275464,955431.6316275464,968664.7562217759,944642.9195042626,942405.0694173408
2020-06-29,1142246.3854105198,942802.2922411402,940456.634309079,940456.634309079,953482.3489759484,929837.0195128752,927634.2444621376
2020-06-30,1140427.2920697292,941388.0888027784,938958.9028015645,938958.9028015645,951963.8732655086,928356.2003552743,926156.9333510291
2020-07-01,1145883.6008822797,944475.3929012673,943451.2976886431,943451.2976886431,956518.4896860798,932797.8672220777,930588.0779512927
2020-07-02,1144164.7754809563,956468.9088302699,955431.8090414148,955431.8090414148,968664.9360929,944643.0949147776,942405.2444123098
2020-07-03,1171101.935716126,980455.6113849414,979392.5028006877,979392.5028006877,992957.4954042276,968333.225068361,966039.2528729987
2020-07-06,1190799.4130594386,996946.4919841345,995865.5023285468,995865.5023285468,1009658.6528117056,984620.2118624672,982287.6559503796
2020-07-07,1230194.1666848084,1029928.0848524803,1028811.3332367453,1028811.3332367453,1043060.7971502286,1017194.0192018778,1014784.2962501809
2020-07-08,1208705.9871049607,1028383.1927252016,1010840.7694988684,1010840.7694988684,1024841.3336469475,999426.3786585478,997058.7470782183
2020-07-09,1239147.551782935,1052704.226076275,1036299.0488423303,1036299.0488423303,1050652.2207242907,1024597.1836941696,1022169.9227162403
2020-07-10,1237288.8304552606,1072480.5212320143,1055767.1533220713,1055767.1533220713,1070389.9665301777,1023060.2879186284,1041372.5948346012
2020-07-13,1237288.8304552606,1067916.6677868837,1051274.422251851,1051274.422251851,1065835.0092701889,1017180.9667981486,1036941.11863479
2020-07-14,1237288.8304552606,1080086.8076928472,1063254.904609974,1063254.904609974,1077981.4262807725,1028772.9149800898,1048758.2564964776
2020-07-15,1237288.8304552606,1113554.277884834,1096200.8230056716,1096200.8230056716,1111383.659318533,1060650.3776258617,1081254.9830909548
2020-07-16,1237288.8304552606,1111883.9464680068,1094556.5217711632,1094556.5217711632,1090127.700312242,1040364.7267097357,1060575.255255095
2020-07-17,1237288.8304552606,1116403.7339395445,1099005.873584998,1099005.873584998,1096200.8876231546,1046160.6805738241,1066483.8035661215
2020-07-20,1266236.2299599636,1144236.7106301887,1126405.1055406558,1126405.1055406558,1094556.58629172,1072242.4330365548,1093072.230264462
2020-07-21,1274791.7211825969,1151967.8960936791,1134015.809424786,1134015.809424786,1094556.58629172,1079487.1797175666,1100457.716203391
2020-07-22,1303880.5985966756,1178254.113957831,1159892.3870004413,1159892.3870004413,1117855.9783005887,1104119.4939372914,1125568.5473094492
2020-07-23,1307303.2774056047,1181347.0239924751,1162937.0976111349,1162937.0976111349,1120790.3435887005,1107017.801035727,1128523.158045294
2020-07-24,1334681.0844958534,1179575.0034564864,1187291.559247364,1187291.559247364,1144262.1594601332,1130201.1895623542,1152156.9160659711
2020-07-27,1332679.0628691097,1269918.7539211872,1280143.6608625546,1280143.6608625546,1233749.148125294,1218588.5404885046,1242261.313940254
2020-07-28,1332679.0628691097,1401289.7399509547,1412572.3965340236,1412572.3965340236,1361378.4485054538,1344649.5011871648,1370771.1837370852
2020-07-29,1332679.0628691097,1292569.2852668792,1302976.565745504,1302976.565745504,1255754.5509638973,1240323.535619972,1264418.541514114
2020-07-30,1332679.0628691097,1318239.1457636855,1328853.1102793538,1328853.1102793538,1280693.286944164,1264955.8183866914,1289529.3405561482
2020-07-31,1332679.0628691097,1286528.9886795902,1296887.6349677893,1296887.6349677893,1249886.2930568606,1234527.3882840148,1258509.7959727591
2020-08-03,1332679.0628691097,1284599.1951965708,1280143.933870902,1280143.933870902,1233749.4112393698,1218588.8003693712,1242261.578869667
2020-08-04,1333847.4041893492,1285725.3855611612,1283188.1176970026,1283188.1176970026,1236683.2688344289,1221486.6060134089,1245215.6784096665
2020-08-05,1362328.1932205402,1313178.655960161,1310587.211440916,1310587.211440916,1263089.3743360422,1247568.2269102433,1271803.9709862606
2020-08-06,1384479.7586893337,1334531.0460189453,1331897.4644043862,1331897.4644043862,1283627.3086662414,1267853.7861409148,1292483.605355549
2020-08-07,1371821.83907431,1322329.7938169967,1319720.290318544,1319720.290318544,1271891.4554067263,1256262.1458819283,1280666.7813986463
2020-08-10,1352834.5157179711,1304027.4875963388,1301454.1021165045,1301454.1021165045,1254287.263922016,1238874.2789557944,1262941.1310280806
2020-08-11,1350805.2639443942,1302071.4463649443,1315153.7174041246,1315153.7174041246,1267490.38260899,1251915.1545301396,1276235.343707467
2020-08-12,1350805.2639443942,1270025.9053565226,1284710.385313423,1284710.385313423,1238150.366967549,1222935.6760901818,1246692.898683576
2020-08-13,1367959.0437059884,1288083.1046120545,1302976.3681689014,1302976.3681689014,1255754.3605477957,1240323.3475437493,1264418.3497842497
2020-08-14,1355174.6699763942,1276045.2180394244,1301021.9036166482,1301021.9036166482,1244018.6049111956,1228731.8037080637,1252601.6241238045
2020-08-17,1364762.7668480014,1285073.4602536373,1308264.463537139,1308264.463537139,1252820.2532582516,1237425.295273533,1261463.9988270157
2020-08-18,1406313.106929778,1324197.6513589702,1348094.7070763998,1348094.7070763998,1290962.492223667,1275098.8331904232,1299869.3974980495
2020-08-19,1393528.5673723668,1322211.3548819318,1335839.4205226242,1335839.4205226242,1279226.5843610151,1263507.1389992763,1288052.5185612794
2020-08-20,1391438.2745213083,1292978.1122647442,1308264.3274448293,1308264.3274448293,1252820.12293353,1237425.166550273,1261463.8676031278
2020-08-21,1371458.6435300948,1276323.8869389412,1291413.2077790734,1291413.2077790734,1236683.1532337964,1221486.4918333048,1245215.5620114557
2020-08-24,1390981.3615085909,1294492.3613668615,1309796.4787352292,1309796.4787352292,1254287.341696378,1238874.3557744466,1262941.2093390415
2020-08-25,1410503.690561864,1312660.4738483576,1328179.3834658547,1328179.3834658547,1271891.1794540568,1256261.8733202317,1280666.5035420605
2020-08-26,1417011.2312834244,1318716.6022685168,1334307.1103773653,1334307.1103773653,1277759.2134755726,1262057.7995218276,1286575.0236532122
2020-08-27,1457683.5687595494,1316738.527365114,1372605.5994026838,1372605.5994026838,1314434.613639223,1298282.5235065739,1323503.46317093
2020-08-28,1455497.0434064101,1291288.1615959622,1348094.529171759,1348094.529171759,1290962.3218586198,1275098.664918863,1299869.2259575806
2020-08-31,1455497.0434064101,1282483.9870309567,1338903.0412313074,1338903.0412313074,1282160.368912315,1266404.8724971341,1291006.5445535595
2020-09-01,1430037.3192357563,1261940.7033778722,1317456.0171451282,1317456.0171451282,1261622.2690891058,1246119.1498070706,1270326.7435494538
2020-09-02,1466619.8628088224,1294223.0782131096,1351158.5586833914,1351158.5586833914,1293896.4978878116,1277996.7850840378,1302823.646128727
2020-09-03,1461631.300131439,1289820.9061793713,1346562.7262335527,1346562.7262335527,1289495.4366848096,1273649.8051845045,1298392.2201122788
2020-09-04,1420060.4300431262,1287886.1748201023,1308264.5698154564,1308264.5698154564,1252820.3550324969,1237425.3957971518,1261464.1013034454
2020-09-07,1423386.271618454,1288969.0051928351,1311328.580758771,1311328.580758771,1255754.5132802958,1240323.4983994358,1264418.503570517
2020-09-08,1421251.1922110263,1288968.8812678817,1311328.4546841076,1311328.4546841076,1255754.392548673,1240323.3791513923,1264418.382005915
2020-09-09,1409175.6539468365,1279934.294160266,1302137.1457838607,1302137.1457838607,1246952.611054854,1231629.7560752998,1255555.8732373042
2020-09-10,1434043.0359874743,1302520.9851740166,1325115.6451517858,1325115.6451517858,1268957.2822814842,1253364.0285850188,1277712.3641514855
2020-09-11,1443990.295917608,1311555.9405267045,1334307.3286850038,1334307.3286850038,1277759.4225313396,1262058.0060086667,1286575.2341513447
2020-09-14,1445648.1181447643,1309588.6066159145,1332305.8676919763,1332305.8676919763,1279226.3977441369,1263506.9546755913,1288052.3306568512
2020-09-15,1460569.2066314786,1321123.687188342,1344041.0457878348,1344041.0457878348,1292429.7838487558,1276548.0943814886,1301346.8125989116
2020-09-16,1458378.3528215315,1379606.615833921,1403538.4700939765,1403538.4700939765,1349642.503264233,1333057.7700767657,1358954.2671638555
2020-09-17,1458378.3528215315,1366069.4248474743,1389766.4512384403,1389766.4512384403,1336399.3308117222,1319977.3329272328,1345619.724370783
2020-09-18,1458378.3528215315,1347975.85593751,1371359.015571657,1371359.015571657,1318698.7418493626,1302494.2530789473,1327797.0114349243
2020-09-21,1444792.4684898022,1337421.5810578777,1360621.6570757672,1360621.6570757672,1308373.6986050059,1292296.0864607657,1317400.7312780428
2020-09-22,1433390.1406703407,1335415.448686291,1349883.606794779,1349883.606794779,1298047.9901401429,1282097.262796468,1307003.7813110128
2020-09-23,1420359.3277020731,1321293.3742309487,1337611.9437562379,1337611.9437562379,1286247.559745497,1270441.8389417906,1295121.9346735596
2020-09-24,1386153.22354417,1289473.0468668782,1305398.620987411,1305398.620987411,1255271.230626946,1239846.1544401036,1263931.886542358
2020-09-25,1391039.937908485,1294018.9270433933,1310000.6448358467,1310000.6448358467,1259696.5364658867,1244217.081051631,1268387.7244689115
2020-09-28,1388953.3780016224,1294019.0895224195,1310000.809321562,1310000.809321562,1259696.6946353402,1244217.2372774598,1268387.8837296441
2020-09-29,1404736.695053809,1310686.709960156,1326874.282394481,1326874.282394481,1275922.225265342,1260243.3846665865,1284725.3612715187
2020-09-30,1398240.4542660948,1308720.6798952157,1320738.1183262886,1320738.1183262886,1270021.6902889973,1254415.3568897478,1278784.1159674772
2020-10-05,1422600.188258673,1329526.5368997839,1343747.6294144036,1343747.6294144036,1292147.634682791,1276269.4123326496,1301062.716764543
2020-10-06,1433967.9874791882,1340150.5975842718,1354485.3288610235,1354485.3288610235,1302473.0057853477,1286467.9027802304,1311459.327041659
2020-10-07,1412856.552553553,1320420.3787938314,1334544.0685765136,1334544.0685765136,1283297.4911684755,1284538.20092606,1292151.5123050632
2020-10-08,1410737.2677247226,1365952.0246945918,1380562.7372863167,1380562.7372863167,1327549.0400627693,1326842.2694255172,1336708.371660831
2020-10-12,1410737.2677247226,1390235.3996609997,1405105.8559376982,1405105.8559376982,1351149.7013915204,1350430.366055004,1360471.8640990327
2020-10-13,1430153.716931564,1388150.0465615082,1426581.4653364206,1426581.4653364206,1371800.6460186928,1371070.3163754852,1381265.2884719209
2020-10-14,1416313.7040581617,1372657.5291115919,1412776.0221791815,1412776.0221791815,1358525.3327597973,1357802.0707286543,1367898.3831192215
2020-10-15,1402473.3517651458,1359243.7891144922,1398970.240450134,1398970.240450134,1345249.6939302727,1344533.499684524,1354531.1499496417
2020-10-16,1387095.2861715073,1344339.7339889952,1396871.7850894588,1396871.7850894588,1330499.0835125812,1329790.7423087994,1339678.768728754
2020-10-19,1393246.383555467,1350301.2311574533,1400964.789338349,1400964.789338349,1328503.3348873123,1335687.7217288692,1345619.5967683461
2020-10-20,1391156.5139801337,1357753.6125118919,1408696.7854540164,1408696.7854540164,1333834.6605498102,1343059.4503795442,1353046.1399438477
2020-10-21,1382973.565561434,1355716.982093124,1402511.2790625913,1402511.2790625913,1327977.8694339874,1337162.153743271,1347104.9923293039
2020-10-22,1372299.9999041078,1343238.9199460028,1391686.9245015278,1391686.9245015278,1317728.751638937,1326842.153131635,1336708.2545022133
2020-10-23,1396696.4185179544,1367118.6976853483,1416427.999187769,1416427.999187769,1341155.0157551884,1350430.4331028943,1360471.9316454758
2020-10-26,1387547.9790382516,1358163.993927594,1407150.3167536175,1407150.3167536175,1332370.3755629011,1341585.038409393,1351560.7645761853
2020-10-27,1364676.3885352688,1335776.7531443685,1383955.6119166443,1383955.6119166443,1310408.3028356563,1319471.0761630598,1329282.3678545738
2020-10-28,1362629.3739524658,1328314.188410366,1376223.887046749,1376223.887046749,1303087.4636573533,1312099.606119632,1321856.0852092647
2020-10-29,1334599.7341945195,1326321.7171277504,1349936.4765342823,1349936.4765342823,1278197.0403670573,1287037.0408612068,1296607.1603233113
2020-10-30,1336128.3740463904,1325852.097259251,1351482.6829680563,1351482.6829680563,1279661.0770249306,1288511.2027848805,1298092.2837852067
2020-11-02,1323898.3609084075,1313716.1461908699,1339112.1268976096,1339112.1268976096,1267947.9272347018,1276717.0449445127,1286210.4272260733
2020-11-03,1343772.101023005,1333437.0356825928,1359214.2489185238,1359214.2489185238,1286981.765729233,1295882.5213136307,1305518.4137892087
2020-11-04,1359059.7886081873,1348607.144364346,1374677.6171362263,1374677.6171362263,1301623.366896065,1310625.3836768684,1320370.9007782734
2020-11-05,1357021.1989252751,1369845.1976927132,1396326.231904475,1396326.231904475,1322121.513146519,1331265.2949426216,1341164.2858060312
2020-11-06,1357021.1989252751,1367790.4298961742,1407150.161289277,1407150.161289277,1332370.2283603747,1341584.890188815,1351560.6152534722
2020-11-09,1357021.1989252751,1374746.5541413222,1416427.9156361613,1416427.9156361613,1341154.9366437492,1350430.3534443208,1360471.8513945793
2020-11-10,1357021.1989252751,1356737.220113204,1397872.5510981677,1397872.5510981677,1323585.6565719303,1332739.5643722368,1342649.5175732584
2020-11-11,1344496.591337541,1346231.5563540766,1387048.362904432,1387048.362904432,1313336.6963029783,1322419.7223761484,1332252.9395411452
2020-11-12,1387963.6784914488,1389754.7342977035,1431891.1333997243,1431891.1333997243,1355796.3953519994,1365173.0723637345,1375324.1938732034
2020-11-13,1375972.8002993336,1377748.382839003,1419520.7576967904,1419520.7576967904,1344083.4163440445,1353379.0864867694,1363442.5105561542
2020-11-16,1408947.9950236306,1375681.7602647445,1417391.4765602453,1417391.4765602453,1376294.3818297002,1385812.8227517477,1396117.4168269704
2020-11-17,1504876.8034429639,1467144.9059387615,1511627.7213388279,1511627.7213388279,1469999.9554558806,1480166.4633746424,1491172.6500099686
2020-11-18,1502619.4882377994,1432073.4391798233,1475492.9120461477,1475492.9120461477,1434860.2399685248,1444783.7218964086,1455526.810382969
2020-11-19,1527926.8479242248,1458376.939910361,1502593.9166651126,1502593.9166651126,1461214.9270520639,1471320.6777847437,1482261.0891376624
2020-11-20,1488121.0530825825,1420383.0704062544,1463448.0994040773,1463448.0994040773,1423147.1218526198,1432989.595949424,1443644.9859543708
2020-11-23,1514147.967092258,1445225.2618111032,1489043.4888126964,1489043.4888126964,1448037.6559169341,1458052.2727479797,1468894.0232098424
2020-11-24,1529457.6070984208,1443057.4239183865,1504099.2959482577,1504099.2959482577,1462678.8506411386,1472794.7258576362,1483746.0979022074
2020-11-25,1515678.7009300815,1427915.025737609,1490548.8431795447,1490548.8431795447,1449501.5552758663,1459526.2964231542,1470379.0073952535
2020-11-26,1513405.1828786863,1410607.0464834243,1472481.6697202737,1472481.6697202737,1431931.9223527422,1441835.152059448,1452556.3156404414
2020-11-27,1506503.0810703363,1406280.0310034135,1467964.8547824812,1467964.8547824812,1427539.493143071,1437412.3448445415,1448100.6214206852
2020-11-30,1523499.6306725042,1422145.8520573645,1484526.6114639365,1484526.6114639365,1443645.166014992,1453629.404421055,1464438.2674236528
2020-12-01,1512683.754880207,1412049.5234566196,1473987.4192536527,1473987.4192536527,1433396.2059959625,1443309.5626766176,1454041.6896450617
2020-12-02,1543586.4598166002,1409931.4491714346,1504099.5944853877,1504099.5944853877,1462679.1409570423,1472795.0181813622,1483746.3923995872
2020-12-03,1543586.2676962295,1407819.5443696969,1504099.4072796954,1504099.4072796954,1462678.95890669,1472794.8348719513,1483746.2077271286
2020-12-04,1541270.8882946852,1405001.0381571448,1501088.145260591,1501088.145260591,1459750.6221399964,1469846.2457516321,1480775.693557856
2020-12-07,1541270.8882946852,1443050.0774394933,1541739.3335901042,1541739.3335901042,1499282.3429400667,1509651.3676161477,1520876.7974021847
2020-12-08,1541270.8882946852,1448687.1028546928,1547761.8715067932,1547761.8715067932,1505139.029969743,1515548.5594464152,1526817.839431409
2020-12-09,1541270.8882946852,1468416.2409606804,1568840.2725348459,1568840.2725348459,1525636.966157944,1536188.2591971266,1547611.0113713467
2020-12-10,1541270.8882946852,1466213.6165992394,1538728.3447390087,1538728.3447390087,1496354.27181878,1506703.0459784372,1517906.5527044612
2020-12-11,1541270.8882946852,1481207.48964278,1556795.467477976,1556795.467477976,1513923.8554183557,1524394.140677473,1535729.1944253077
2020-12-14,1524078.9299096079,1466882.530934614,1541739.4871750001,1541739.4871750001,1499282.4922954848,1509651.5180045066,1520876.9489087977
2020-12-15,1509195.3810379815,1452557.5393546862,1539426.8779442376,1539426.8779442376,1484641.0955747932,1494908.861501357,1506024.6693105511
2020-12-16,1515148.8463951966,1458287.580076095,1543184.8231038838,1543184.8231038838,1490497.6993263387,1500805.9694775431,1511965.6268621737
2020-12-17,1540531.4390264582,1482717.6020322645,1569037.0895744578,1569037.0895744578,1515467.322614403,1525948.2824802867,1537294.8924788288
2020-12-18,1519592.0586214336,1480493.525629216,1547710.251539296,1547710.251539296,1494868.6214417345,1505207.1208552823,1516399.5042168028
2020-12-21,1517312.6705335013,1489916.0314840395,1559896.8947553292,1559896.8947553292,1506639.1905946075,1517059.0951701466,1528339.6071608006
2020-12-22,1517312.6705335013,1489916.0891833452,1559896.9551647522,1559896.9551647522,1506639.2489415435,1517059.1539206095,1528339.6663481188
2020-12-23,1517312.6705335013,1478276.1197366004,1547710.2602025277,1547710.2602025277,1494868.6298091877,1505207.129280605,1516399.5127047743
2020-12-24,1517312.6705335013,1487006.088498216,1556850.2727098037,1556850.2727098037,1503696.5857415872,1514096.13928553,1525354.6193991855
2020-12-25,1517312.6705335013,1495736.156105696,1565990.3887057016,1565990.3887057016,1512524.6416293199,1522985.2499370787,1534309.827488606
2020-12-28,1517312.6705335013,1493492.5518715375,1559897.2103421988,1559897.2103421988,1506639.4954067701,1517059.4020903877,1528339.9163632318
2020-12-29,1517312.6705335013,1499993.4945508335,1569037.2330590475,1569037.2330590475,1515467.461200169,1525948.422024511,1537295.0330606727
2020-12-30,1517312.6705335013,1502905.920139628,1572083.7157297612,1572083.7157297612,1518409.9314368858,1528911.2423618187,1540279.8842670794
2020-12-31,1517312.6705335013,1532031.962000786,1602550.4106173133,1602550.4106173133,1547836.438201408,1558541.2626114485,1570130.2267175866
2021-01-04,1517312.6705335013,1543682.2482735037,1614736.952095058,1614736.952095058,1559606.9090895217,1556203.4507175314,1582070.2299814988
2021-01-05,1517312.6705335013,1561158.140424478,1633017.2483532855,1633017.2483532855,1577263.082937246,1571463.8984620543,1599980.7091266378
2021-01-06,1517312.6705335013,1558816.4032138414,1690904.1987772838,1690904.1987772838,1633173.6680701708,1627168.9149737332,1656696.5852644814
2021-01-07,1517312.6705335013,1553676.89065214,1687857.1784909072,1687857.1784909072,1630230.6785729632,1624236.7460803853,1653711.2073185744
2021-01-08,1517312.6705335013,1626592.9215999127,1767070.460868175,1767070.460868175,1706739.4760752162,1700464.2407134527,1731321.9758747744
2021-01-11,1517312.6705335013,1618179.4802325615,1757930.4089737714,1757930.4089737714,1697911.482100437,1691668.7049672084,1722366.8305900514
2021-01-12,1517312.6705335013,1635006.9061005828,1776211.102802552,1776211.102802552,1715568.039944936,1709260.3442592826,1740277.699262745
2021-01-13,1517312.6705335013,1668660.2611281956,1812770.8644913658,1812770.8644913658,1712994.6878850188,1744442.0581623546,1776097.8435333306
2021-01-14,1517312.6705335013,1666157.2707365032,1810051.7081946288,1810051.7081946288,1712994.6878850188,1720987.1879751855,1752217.3459468018
2021-01-15,1602794.096138676,1760024.2116451988,1912025.2851905655,1912025.2851905655,1809500.32631946,1820670.017605682,1853709.085334541
2021-01-18,1569240.670282677,1723179.2781428418,1871998.3105492229,1871998.3105492229,1771619.643341007,1782555.504586733,1814902.9214590897
2021-01-19,1595050.7604603737,1751521.273990549,1902788.0078357884,1902788.0078357884,1800758.3622266022,1811874.0910798076,1844753.5421788457
2021-01-20,1633765.9579034785,1794034.3360380356,1948972.6279380808,1948972.6279380808,1844466.5107502285,1855852.0414479543,1889529.5451686862
2021-01-21,1651832.855928944,1813873.5518367148,1970525.2190867949,1970525.2190867949,1864863.427579046,1876374.8644514515,1910424.788727607
2021-01-22,1649355.1066450505,1811152.7415089598,1998235.7408018839,1998235.7408018839,1891088.0797707865,1902761.3962874282,1937290.147810712
2021-01-25,1629121.5438664882,1788934.3165322863,1976682.8472969832,1976682.8472969832,1870690.8767984633,1882238.2853741175,1916394.6111173779
2021-01-26,1603745.7608835127,1761069.2323352038,1945893.3244722276,1945893.3244722276,1841552.3230198384,1852919.8650071865,1886544.1595383987
2021-01-27,1568219.9337721104,1722058.4099186356,1902788.318985355,1902788.318985355,1800758.656691977,1811874.3873628594,1844753.8438384435
2021-01-28,1522543.7283056458,1671901.4822691448,1847367.425304894,1847367.425304894,1748309.4940284637,1759101.466285683,1791023.270854629
2021-01-29,1570757.6922367145,1724845.116178517,1905867.4898713161,1905867.4898713161,1803672.7189515587,1814806.4375583122,1847739.100932486
2021-02-01,1568401.5556983594,1722257.8485042492,1831972.2021390207,1831972.2021390207,1733739.7801454007,1744441.81641099,1776097.5973949877
2021-02-02,1655541.4834687894,1817945.9865167695,1936656.6713306664,1936656.6713306664,1832810.9496691774,1844124.532870045,1877589.2215576025
2021-02-03,1679229.1513687538,1843957.355738672,1964366.565963214,1964366.565963214,1859035.0084032519,1870510.4675850577,1904453.972683996
2021-02-04,1647645.1907001082,1809275.0870615004,1927419.5678077727,1927419.5678077727,1824069.1500871405,1835328.7718704846,1868633.8469319697
2021-02-05,1679229.6763960058,1843957.9322697918,1964367.1801414392,1964367.1801414392,1859035.5896485457,1870511.052418265,1904454.568129969
2021-02-17,1745029.8877849916,1916212.9807847491,2041340.4361026508,2041340.4361026508,1931881.4525450724,1943806.5785661312,1979080.1627851455
2021-02-18,1742412.342953314,1913338.661313572,2044419.5107294223,2044419.5107294223,1934795.4237069911,1946738.5371015929,1982065.3265558747
2021-02-19,1742412.342953314,1887455.6607968644,2019788.4376017998,2019788.4376017998,1911485.0965856689,1923284.319894185,1958185.4937985048
2021-02-22,1742412.342953314,1898963.9620103585,2032103.6056930283,2032103.6056930283,1923139.911431664,1935011.0776306754,1970125.0529429107
2021-02-23,1689717.564721153,1844296.9848782513,2029055.4502844887,2029055.4502844887,1867776.9621270453,1879306.3836778614,1913409.5052172956
2021-02-24,1652812.7751314046,1804016.056521345,1981766.598660183,1981766.598660183,1826983.2121968593,1838260.821915149,1871619.1038724876
2021-02-25,1676537.6416334286,1829911.3307789355,2010213.346349222,2010213.346349222,1853208.162453166,1864647.6536555865,1898484.7683023154
2021-02-26,1610635.60988675,1827166.463782767,1931195.052647428,1931195.052647428,1780361.4931495157,1791351.3161228034,1823858.3475383008
2021-03-02,1636996.3265154406,1854289.6316485454,1962802.2549376762,1962802.2549376762,1809500.0546773132,1820669.7442867414,1853708.8070557765
2021-03-03,1634540.8320256674,1818458.3343540905,1924874.1179700051,1924874.1179700051,1774534.2471212237,1785488.0996455217,1817888.7333039138
2021-03-04,1632092.5911883065,1818458.2209320974,1924873.9979105818,1924873.9979105818,1774534.1364388906,1785487.988279968,1817888.6199174484
2021-03-05,1575813.5363197445,1755752.7650378875,1858499.0324653897,1858499.0324653897,1713343.3041478947,1723919.4369599696,1755202.8054375367
2021-03-08,1629412.5684791727,1815472.1713942087,1921713.2054074642,1921713.2054074642,1771620.213656895,1782556.0784230696,1814903.505708635
2021-03-09,1567773.5403739258,1812748.9631371174,1849016.740086288,1849016.740086288,1704601.6142831682,1715123.7863549832,1746247.54320977
2021-03-10,1610652.8010632277,1859539.0952443983,1899588.1196735038,1899588.1196735038,1751223.17990343,1762033.1377731715,1794008.1423684251
2021-03-11,1608236.8218616329,1844068.615182941,1883784.4507936477,1883784.4507936477,1736653.836695135,1747373.8608613494,1779082.8486396826
2021-03-12,1657020.8210388059,1902856.3078017854,1943838.2580878134,1943838.2580878134,1792017.21693836,1803078.9884128692,1835798.837832369
2021-03-15,1654326.044913362,1899761.7348891774,1940677.0371404898,1940677.0371404898,1789102.899175254,1800146.6811367192,1832813.3189924748
2021-03-16,1643549.3868171,1887386.2525927993,1928035.0232105057,1928035.0232105057,1777448.2738353906,1788420.1140761448,1820873.9539841148
2021-03-17,1655690.3707307894,1884555.17321391,1942277.5171626718,1942277.5171626718,1790578.3757192425,1801631.2655085742,1834324.8436023393
2021-03-18,1639457.7959668306,1863283.8563801497,1923235.2097560137,1923235.2097560137,1773023.3437709915,1783967.8697846832,1816340.9163587329
2021-03-19,1636998.6092728802,1826387.246208243,1885151.4472845723,1885151.4472845723,1737914.0656452747,1748641.8689580958,1780373.8668398436
2021-03-22,1618035.9820889146,1807938.629422661,1866109.2443202545,1866109.2443202545,1720359.1299820265,1730978.570113556,1762390.0382336245
2021-03-23,1642802.0003088014,1835611.3397531896,1894672.3270061347,1894672.3270061347,1746691.3290366346,1757473.3126781315,1789365.571707912
2021-03-24,1571256.2624438778,1755668.554371155,1812157.3741253703,1812157.3741253703,1670621.102719221,1680933.5197451834,1711436.8376828323
2021-03-25,1574007.6811781398,1753035.0515395983,1809439.1380641821,1809439.1380641821,1673546.5187126156,1683876.9937588254,1714433.7258991327
2021-03-26,1601525.849269826,1781011.6140457997,1838315.849401335,1838315.849401335,1702804.9111346398,1713315.992509642,1744406.9439561348
2021-03-29,1599123.5604959212,1833033.829587369,1892011.8851805718,1892011.8851805718,1752542.7586667286,1763360.862037855,1795359.960385124
2021-03-30,1599123.5604959212,1836094.0415251767,1895170.5597582292,1895170.5597582292,1755468.5924320538,1766304.756402252,1798357.276580139
2021-03-31,1599123.5604959212,1823853.2765627385,1882535.94690013,1882535.94690013,1743765.3365241736,1754529.258586684,1786368.092887335
2021-04-01,1599123.5604959212,1829973.7955691954,1888853.3942471312,1888853.3942471312,1749617.095008338,1760417.1388304299,1792362.818453007
2021-04-07,1639450.4667835315,1827228.8348758416,1939391.4753470696,1939391.4753470696,1796429.7756063542,1807518.7849417177,1840319.2018099043
2021-04-08,1618089.6537935077,1800720.3297456147,1914122.6554231523,1914122.6554231523,1773023.6396700104,1783968.1675102287,1816341.2194870007
2021-04-09,1650130.9258505248,1836378.038728991,1952025.9474991674,1952025.9474991674,1808132.9011803367,1819294.1516188623,1852308.2519845613
2021-04-12,1634110.3609327858,1818549.2633742087,1933074.3855817984,1933074.3855817984,1790578.348344883,1801631.237965238,1834324.8155591837
2021-04-13,1612749.4411820304,1794777.3775784671,1907805.4393650426,1907805.4393650426,1767172.0954253417,1778080.5028284371,1810346.7133950111
2021-04-14,1610330.3170202572,1806662.9309651055,1920439.4984322938,1920439.4984322938,1778874.8383649113,1775413.3820741945,1822335.3715869326
2021-04-15,1610330.3170202572,1803952.9365686579,1933073.7716728575,1933073.7716728575,1790577.7796900677,1784416.9256274926,1834324.2330112935
2021-04-16,1602664.1916125743,1795365.0528934111,1926757.0031949712,1926757.0031949712,1784726.6500323713,1778585.9279944038,1828330.1516352468
2021-04-19,1589527.5914430697,1780648.9364533029,1910963.9028641416,1910963.9028641416,1770097.7336717055,1764007.3454532535,1813343.829294248
2021-04-20,1571136.2113364637,1760046.2167502714,1888853.3942471312,1888853.3942471312,1749617.095008338,1743597.1746731272,1792362.818453007
2021-04-21,1573763.4123087325,1762989.3066609488,1892011.871174869,1892011.871174869,1752542.7456934522,1746512.7590505313,1795359.9470948912
2021-04-22,1565881.660790756,1754159.8704602646,1882536.2617401665,1882536.2617401665,1743765.6281558648,1737765.84100545,1786368.3916440182
2021-04-23,1563532.83829957,1751528.6306545741,1869901.6879503373,1869901.6879503373,1732062.408436348,1726102.8886396175,1774379.2450237125
2021-04-26,1595474.1259242278,1787310.4693241126,1910963.9130048482,1910963.9130048482,1729464.3148236934,1764007.3548141215,1813343.8389169248
2021-04-27,1603385.5678709594,1796173.1658662155,1920439.767118922,1920439.767118922,1735437.0154071462,1772754.4987222909,1822335.6265479177
2021-04-28,1598111.1103775743,1790264.5190603822,1917559.1074682437,1917559.1074682437,1729728.1647391398,1766922.8893844734,1816340.9163587329
2021-04-29,1606022.6000004287,1799127.2690110812,1924165.7838347063,1924165.7838347063,1738291.2279309472,1775670.0860048926,1825332.7581762539
2021-05-03,1569102.6515906623,1757768.1461976941,1879932.2210747576,1879932.2210747576,1698330.6305792395,1734850.207151352,1783371.2121416552
2021-05-04,1566748.9976132764,1755131.4939783977,1857815.2850548055,1857815.2850548055,1678350.192201641,1714440.1250187997,1762390.2924273198
2021-05-05,1580365.6496062644,1770385.382630533,1876772.5433257935,1876772.5433257935,1695476.1779326661,1731934.374582565,1780373.8283668691
2021-05-06,1569723.2280760976,1758463.3394517952,1864134.0729013744,1864134.0729013744,1684058.5846785915,1720271.2663129782,1768384.5214824288
2021-05-07,1580365.491453224,1770385.2054615146,1876772.3555102183,1876772.3555102183,1695476.0082600892,1731934.2012614813,1780373.65019827
2021-05-10,1585686.466984932,1776345.9635335577,1883091.3113696459,1883091.3113696459,1701184.552519844,1737765.497602283,1786368.03863641
2021-05-11,1540457.2246813215,1725678.4553770018,1829379.0580490339,1829379.0580490339,1652660.90681113,1688198.4372821203,1735414.6663619152
2021-05-12,1538146.5388442995,1723089.9376939363,1791464.7814225375,1791464.7814225375,1618409.1520887066,1653210.1595548165,1699447.8220752564
2021-05-13,1481668.474552907,1659821.0736271555,1728273.8400450542,1728273.8400450542,1561322.4602849125,1594895.9200785966,1639502.625936053
2021-05-14,1506046.775215716,1687130.5682099832,1756709.6069010638,1756709.6069010638,1587011.3299761622,1621137.183177142,1666477.8154868695
2021-05-17,1473542.3631601408,1650717.8962511064,1718795.2380618085,1718795.2380618085,1552759.4919487392,1586148.820353513,1630510.8837238762
2021-05-18,1525007.612774145,1708371.2156919364,1778826.2410202213,1778826.2410202213,1606991.4956166048,1641546.9867078115,1687458.44880727
2021-05-19,1546677.6535251276,1732646.8150737032,1804102.991646865,1804102.991646865,1629826.5102780375,1664873.0277050107,1711436.882124546
2021-05-20,1544357.6370448398,1730047.8448510927,1791464.7920556434,1791464.7920556434,1618409.1616946538,1653210.1693673225,1699447.8321622023
2021-05-21,1555643.0633966592,1742690.2063545792,1807262.7931487893,1807262.7931487893,1632681.0747230262,1667788.974476239,1714434.383295834
2021-05-24,1550203.327524336,1736596.4084565225,1800943.1993564055,1800943.1993564055,1626971.9541546858,1661957.0894343616,1708439.3896915845
2021-05-25,1566521.4368700262,1754876.5718256605,1819900.7048208064,1819900.7048208064,1644098.163200222,1679451.5671146186,1726423.1601276814
2021-05-26,1596437.5950864211,1788389.7839256346,1854655.6951721227,1854655.6951721227,1675495.8189334597,1711524.3735352957,1759392.9920056434
2021-05-27,1577400.2651038112,1767063.4467365646,1832539.1448091208,1832539.1448091208,1655515.7289583217,1691114.6472969786,1738412.43813934
2021-05-28,1575034.1647061554,1764412.8515664598,1829790.3360919072,1829790.3360919072,1675496.0721558488,1711524.6322027815,1759393.257907648
2021-05-31,1594108.1917249772,1785780.2981636669,1851949.5191061422,1851949.5191061422,1698330.3961196598,1734849.9676501364,1783370.9659419712
2021-06-01,1602146.048512864,1794784.6093928418,1861287.4706267747,1861287.4706267747,1706893.7650135572,1743597.476546225,1792363.1287690157
2021-06-02,1607504.2894623224,1800787.1135955225,1867512.38798252,1867512.38798252,1712602.3257758925,1749428.7897444658,1798357.5345360707
2021-06-03,1607504.264748562,1800787.0859102332,1867512.3592713967,1867512.3592713967,1712602.2994463556,1749428.762848759,1798357.5068881337
2021-06-04,1583391.7251203877,1773775.30689159,1839499.7021627822,1839499.7021627822,1686913.2908892543,1723187.357898299,1771382.1715180296
2021-06-07,1581016.637532707,1771114.6439312524,1848836.9295420216,1848836.9295420216,1695475.995709252,1731934.1884407608,1780373.6370189742
2021-06-08,1568017.9263480497,1756552.9959480232,1836386.7233678857,1836386.7233678857,1684058.5335347445,1720271.214069374,1768384.4677776538
2021-06-09,1557387.5462862726,1744644.4420776793,1823936.936613682,1823936.936613682,1672641.455989306,1708608.6325978194,1756395.7024249502
2021-06-10,1570675.7031096886,1759530.3380145717,1839499.3829087857,1839499.3829087857,1686912.9981173612,1723187.0588308675,1771381.8640861574
2021-06-11,1599910.0450636374,1792279.7537456641,1873737.2296377853,1873737.2296377853,1718310.8171170992,1755260.0320288,1804351.8674058698
2021-06-15,1613198.5231338248,1807166.009555342,1889300.0521615637,1889300.0521615637,1732582.7042656783,1769838.8107014245,1819338.3913638282
2021-06-16,1610778.725349124,1804455.2605410088,1892412.6876152696,1892412.6876152696,1735437.1467591324,1772754.6328987675,1822335.7644770977
2021-06-17,1596445.2001451282,1788398.3034000823,1878386.4002854303,1878386.4002854303,1722574.339284514,1759615.2336498247,1808828.8770992665
2021-06-18,1615039.4651313464,1809228.3024199677,1900264.5170352196,1900264.5170352196,1742637.6673086795,1780109.98782322,1829896.8369969502
2021-06-21,1567225.9088139446,1755665.747945945,1844006.817787087,1844006.817787087,1691046.5414906407,1727409.4866951976,1775722.386551757
2021-06-22,1553944.3172420738,1740787.2066521836,1828379.622453054,1828379.622453054,1676715.621253302,1712770.40553234,1760673.8735386867
2021-06-23,1548631.6357856626,1734835.7399170354,1822128.6915749605,1822128.6915749605,1670983.2047890385,1706914.7236577726,1754654.4175421307
2021-06-24,1546308.688331984,1732233.48630716,1869009.9868373184,1869009.9868373184,1713975.6988781604,1750831.6947902006,1799799.676607829
2021-06-25,1543993.088098717,1729639.4633315194,1869010.4575003905,1869010.4575003905,1713976.1304997534,1750832.1356930474,1799800.1298420283
2021-06-28,1523337.2785568645,1706500.0441164747,1844006.5087525381,1844006.5087525381,1691046.2580904926,1727409.1972010338,1775722.0889609014
2021-06-29,1543992.8909098923,1729639.2424331387,1841240.4989894093,1841240.4989894093,1713975.9116017923,1750831.9120880754,1799799.8999831805
2021-06-30,1546574.8188211126,1732531.615748244,1841557.1607382507,1841557.1607382507,1716842.092055976,1753759.7246500957,1802809.5988125838
2021-07-01,1538828.959079556,1723854.4106560082,1832333.9124999202,1832333.9124999202,1708243.4663175824,1744976.20077384,1793780.4137235759
2021-07-02,1536520.7156409365,1721268.6290400242,1813887.9916205718,1813887.9916205718,1691046.7514571522,1727409.701176665,1775722.6070319307
2021-07-05,1529018.5818279458,1712864.4549526123,1807739.146589114,1807739.146589114,1685314.3222974164,1721554.006333632,1769703.1377042017
2021-07-06,1547220.8715642274,1733255.3484699114,1829259.4813351412,1829259.4813351412,1705377.243674401,1742048.3451156227,1790770.670592643
2021-07-07,1534219.091536658,1718690.2626527643,1813887.642816947,1813887.642816947,1691046.4262754212,1727409.36900248,1775722.2655673611
2021-07-08,1547221.2457692397,1733255.7676685217,1829259.9237529498,1829259.9237529498,1705377.6561305178,1742048.7664408742,1790771.1037016928
2021-07-09,1513416.0880515112,1695385.951214401,1789292.5174118842,1789292.5174118842,1668116.9471068901,1703986.832207138,1751644.6376177236
2021-07-12,1511145.963919434,1692842.8722875793,1829259.5267406919,1829259.5267406919,1705377.2860049687,1701430.8519588273,1790770.7150428314
2021-07-13,1521562.5056492607,1704511.8763694137,1844631.6733189172,1844631.6733189172,1719708.3906013481,1713159.0541927638,1805819.4216463608
2021-07-14,1554529.9150615048,1741443.2154814568,1884598.9617893626,1884598.9617893626,1756968.9897368627,1750277.7500847646,1844945.7723397845
2021-07-15,1554529.6121929993,1741442.8761967001,1884598.594613623,1884598.594613623,1756968.647427225,1750277.4090787787,1844945.4128896617
2021-07-16,1498738.9121158638,1678944.0235242867,1816962.0091583272,1816962.0091583272,1693912.5884852142,1687461.492794016,1778731.9452388217
2021-07-19,1478451.4936517042,1656217.2899299406,1792367.0191201787,1792367.0191201787,1670983.2355161957,1664619.4639591624,1754654.4498078905
2021-07-20,1476233.8164112265,1653732.9639950457,1780070.0465327436,1780070.0465327436,1659519.0460828883,1653198.9347380518,1742616.213531762
2021-07-21,1491842.728883845,1671218.6581995282,1801589.8993040514,1801589.8993040514,1679581.5181257422,1673185.0008743494,1763683.2745865458
2021-07-22,1499480.5440762118,1679774.8277006613,1810813.5328928372,1810813.5328928372,1677062.1458485536,1681751.2374969453,1772712.8369179845
2021-07-23,1507117.5691113244,1688330.1120377483,1820036.2122662086,1820036.2122662086,1683078.9956947528,1690316.5879140182,1781741.4651113225
2021-07-26,1504571.9184536126,1685478.3778743162,1816962.0152189624,1816962.0152189624,1680236.1311165781,1687461.498422691,1778731.9511719372
2021-07-27,1479113.848767426,1656959.2851860872,1786218.15709343,1786218.15709343,1651805.7397271264,1658908.850395234,1748634.9638424625
2021-07-28,1476895.177994275,1654473.846258308,1783538.8298577897,1783538.8298577897,1637590.6921012248,1644632.6750870566,1733586.6269263772
2021-07-29,1497725.0552285877,1677808.262687065,1808693.556761984,1808693.556761984,1663178.0218956769,1670330.0357591477,1760673.891750471
2021-07-30,1487484.0878067398,1666335.943586639,1796326.28566223,1796326.28566223,1651805.7397271264,1658908.850395234,1748634.9638424625
2021-08-02,1492604.3775458024,1672071.8858422353,1802509.6869664057,1802509.6869664057,1657491.6654115622,1664619.2267510868,1754654.19976984
2021-08-03,1520766.8755415333,1703620.581425707,1836519.4863547364,1836519.4863547364,1688765.2610188893,1696027.3053700938,1787761.0605881566
2021-08-04,1531007.8052898839,1715092.858322856,1848886.711958949,1848886.711958949,1700137.501352169,1707448.4487188365,1799799.9442085014
2021-08-05,1528711.293581949,1712520.2190353717,1848886.711958949,1848886.711958949,1700137.501352169,1707448.4487188365,1799799.9442085014
2021-08-06,1528711.293581949,1704236.5478828424,1842703.3344190386,1842703.3344190386,1694451.597520083,1701738.0943093027,1793780.7314144631
2021-08-09,1528711.293581949,1687079.5886492739,1824152.3967411302,1824152.3967411302,1677393.14573531,1684606.2876087916,1775722.3093479539
2021-08-10,1541944.7901642239,1704236.5478828424,1842703.3344190386,1842703.3344190386,1694451.597520083,1701738.0943093027,1793780.7314144631
2021-08-11,1526421.4716442672,1687079.379263777,1824152.1703433606,1824152.1703433606,1677392.9375520095,1684606.0785302592,1775722.0889609014
2021-08-12,1516073.2189042978,1675641.9590405107,1811785.4760550903,1811785.4760550903,1666021.185788501,1673185.4258522403,1763683.722550398
2021-08-13,1513486.3978599715,1673128.4961019498,1808694.0918535728,1808694.0918535728,1663178.5139373315,1670330.5299166846,1760674.4126357182
2021-08-16,1505724.348518315,1662054.626149013,1799418.0436480646,1799418.0436480646,1654648.7552903965,1661764.0915209244,1751644.6376177236
2021-08-18,1503465.7619955374,1622073.7049277294,1756132.829121789,1756132.829121789,1614845.9831712637,1621790.1591445892,1709508.6180414339
2021-08-19,1514429.2486292608,1636352.9507335383,1771592.2082230593,1771592.2082230593,1629061.6027588167,1636066.9088739727,1724557.5604476912
2021-08-20,1480070.1065552065,1599227.6221198437,1731398.5917601453,1731398.5917601453,1592101.6991467862,1598948.0699347882,1685431.0589700295
2021-08-23,1480070.473627269,1599228.0187441518,1731399.0211641644,1731399.0211641644,1592102.0940037947,1598948.4664897646,1685431.4769736447
2021-08-24,1517071.933937175,1596829.1767160355,1774683.6439600037,1774683.6439600037,1631904.3219992132,1638921.8524025392,1727566.9205295653
2021-08-25,1530286.8223435532,1608326.3238811186,1790142.5327489434,1790142.5327489434,1646119.490721726,1653198.1493280686,1742615.3856409725
2021-08-26,1527991.3921100379,1669437.354145744,1858161.9718841696,1858161.9718841696,1708666.5351386408,1716014.1591370818,1808828.9518745493
2021-08-27,1527991.3921100379,1655548.5417099576,1855374.7289263434,1855374.7289263434,1694451.3572148255,1701737.8529706823,1793780.4770224572
2021-08-30,1527991.3921100379,1672215.195606099,1871246.193539022,1871246.193539022,1711509.6515523489,1718869.5015468881,1811838.7324121238
2021-08-31,1527991.3921100379,1677770.721157048,1877462.9508485105,1877462.9508485105,1717195.7233120594,1724580.0246061701,1817858.1229777418
2021-09-01,1527991.3921100379,1675254.0650753123,1908547.146379611,1908547.146379611,1745626.4561819027,1753133.0155824558,1847955.4718052654
2021-09-02,1523217.762488684,1670020.36908093,1905438.4915499003,1905438.4915499003,1742783.1677024043,1750277.5003669404,1844945.5091153653
2021-09-03,1515762.8333337936,1661846.958919023,1896112.8985104011,1896112.8985104011,1734253.6420052184,1741711.295922662,1835915.9807026866
2021-09-06,1548066.2109493064,1697263.6274588373,1936522.156222249,1936522.156222249,1771213.4150295753,1778830.0037126187,1875042.343937596
2021-09-07,1575399.685687482,1727231.4105917835,1970714.4143198915,1970714.4143198915,1802486.8946735375,1810237.965869594,1908149.081994749
2021-09-08,1545581.4163296535,1694539.3566881085,1933413.8525847264,1933413.8525847264,1768370.4477631922,1775974.8110915022,1872032.7212903965
2021-09-09,1543263.044205159,1691997.5476530765,1902330.0285881872,1902330.0285881872,1739940.054712337,1747422.1613954972,1841935.7322021264
2021-09-10,1548505.5772326454,1697745.3383873294,1911655.5165836406,1911655.5165836406,1748469.4843324278,1755988.269349529,1850965.158905649
2021-09-13,1558577.241792851,1708787.676114939,1924089.1515674454,1924089.1515674454,1759841.737941887,1767409.4260315415,1863004.056580426
2021-09-14,1556059.273370266,1706027.0343616882,1920980.6782778497,1920980.6782778497,1756998.6155055636,1764554.0775732212,1859994.269667189
2021-09-15,1535915.8921212887,1683942.301753927,1896113.3439566705,1896113.3439566705,1734254.0494265358,1741711.7050959764,1835916.4120071332
2021-09-16,1525200.5804819877,1672194.2844058063,1882885.11610373,1882885.11610373,1722155.0323536287,1729560.659715395,1823108.1478311608
2021-09-17,1522912.7796112646,1669685.9929791975,1873517.5284614225,1873517.5284614225,1713587.096869282,1720955.8803138258,1814037.958040956
2021-09-22,1485150.3412808762,1628284.137807239,1829802.019454246,1829802.019454246,1673603.3064697925,1680800.1512406126,1771710.3088519867
2021-09-23,1490219.2222836816,1633841.5405185244,1836047.2112287753,1836047.2112287753,1679315.385422743,1686536.7933295127,1777757.2311583636
2021-09-24,1497822.4145522171,1642177.5028944798,1845414.839663797,1845414.839663797,1687883.3582175858,1695141.6102020214,1786827.4604462148
2021-09-27,1520631.6026389555,1667184.963840061,1873517.2460418812,1873517.2460418812,1713586.8385581241,1720955.6208918758,1814037.6845875399
2021-09-28,1507959.744088833,1653291.8341681478,1857904.6903828664,1857904.6903828664,1699307.0287778485,1706614.4049384957,1798920.7891450198
2021-09-29,1505697.8044726998,1650811.8964168956,1855117.8333472922,1855117.8333472922,1656467.2601787325,1663590.416361184,1753569.7436717732
2021-09-30,1503442.6405119319,1648339.3873358916,1852339.3243607508,1852339.3243607508,1656467.2601787325,1663590.416361184,1753569.7436717732
2021-10-01,1500850.1605195375,1645497.052838256,1849145.220037692,1849145.220037692,1653610.9102825988,1660721.7835622057,1750545.9539020557
2021-10-04,1487890.0321961816,1631287.8709215843,1833177.497229232,1833177.497229232,1639331.6636543109,1646381.133182485,1735429.6546236197
2021-10-05,1456784.3172373765,1597184.2917385546,1794853.2289944745,1794853.2289944745,1605059.921557008,1611962.0154156038,1699148.8952935091
2021-10-06,1485297.6601840807,1628445.6548110195,1829983.5259449324,1829983.5259449324,1636475.4327290081,1643512.6198659372,1732405.9907988303
2021-10-07,1483069.7136938046,1626002.986328803,1836370.8819093653,1836370.8819093653,1642187.370004778,1649249.1196684155,1738452.7631228787
2021-10-08,1498876.7504712844,1643333.4521645433,1858727.4321048774,1858727.4321048774,1662179.8697386961,1646775.2459889129,1759617.227689466
2021-10-12,1467972.0752038353,1609450.288202388,1820403.1551542613,1820403.1551542613,1627908.1198471766,1610405.508942223,1723336.46010824
2021-10-13,1473122.2921707688,1615096.8657645567,1826789.8374179776,1826789.8374179776,1633619.4546614182,1616055.4377902537,1729382.5946543296
2021-10-14,1491149.9507959485,1634861.9695155125,1849145.5805520997,1849145.5805520997,1653611.2326751028,1635832.272277577,1750546.2951932808
2021-10-15,1524630.2926758125,1671569.0341782917,1890663.8907592504,1890663.8907592504,1690739.268911025,1672561.1228567786,1789850.7852670767
2021-10-18,1522343.3472367988,1669061.6806270243,1928988.3333419717,1928988.3333419717,1725011.166920201,1706464.5432544018,1826131.7096486497
2021-10-19,1504963.150112453,1650006.4385394605,1909826.0247872157,1909826.0247872157,1707875.1398797177,1689512.7558587054,1807991.1648474862
2021-10-20,1517546.515002165,1663802.545829506,1925794.5471686244,1925794.5471686244,1722155.1015316483,1703639.1851278902,1823108.2210644118
2021-10-21,1515029.9153812863,1661043.4047984679,1922600.935783811,1922600.935783811,1719571.8688793508,1700813.9816266976,1820084.897948715
2021-10-22,1509996.4716847353,1655524.8547218665,1916213.4027965376,1916213.4027965376,1711291.9294817888,1695163.300192681,1814037.958040956
2021-10-25,1502446.4487520964,1647247.1859636356,1906632.2842931265,1906632.2842931265,1702735.4238512744,1686687.4381419949,1804967.7195068183
2021-10-26,1500192.7790789683,1644776.31518469,1900244.4666784538,1900244.4666784538,1697030.7248260835,1681036.5049145608,1798920.5101484307
2021-10-27,1505498.528491671,1650593.4148868204,1909825.5312163283,1909825.5312163283,1705587.1822621815,1689512.3192250542,1807990.6975945574
2021-10-28,1505498.8162692585,1650593.7303994442,1909825.896281437,1909825.896281437,1705587.5082869201,1689512.6421770665,1807991.043193833
2021-10-29,1497946.3829421138,1642313.4189409893,1906961.1574370149,1906961.1574370149,1697031.3169430648,1681037.0914509422,1798921.1378161367
2021-11-01,1487876.155157629,1631272.6564607136,1906961.1574370149,1891304.294055179,1685622.7030476492,1669736.0017605159,1786827.5503350198
2021-11-02,1495428.764859527,1639553.1612923276,1906961.1574370149,1900904.7457533977,1694179.094207388,1678211.7504192933,1795897.6675255522
2021-11-03,1493185.6217122376,1637093.831550389,1906961.1574370149,1910505.2747723542,1702735.5542791423,1686687.5673406029,1804967.85776558
2021-11-04,1478462.254056438,1620951.475222769,1906961.1574370149,1894504.4800158185,1688474.8649795942,1672561.2825614973,1789850.956171214
2021-11-05,1493446.5261915587,1637379.8811262152,1906961.1574370149,1913705.3562044902,1705587.623050183,1689512.7558587054,1807991.1648474862
2021-11-08,1498441.1047475294,1642855.8203706592,1906961.1574370149,1920105.4191239974,1711291.6715166112,1695163.0446587806,1814037.6845875399
2021-11-09,1525912.5083924509,1672974.8255346392,1939013.570497444,1955307.3305254092,1742665.3331930547,1726241.0150216005,1847295.0220314425
2021-11-10,1525912.8947719117,1672975.2491520534,1939014.0614790788,1955307.8256328206,1742665.7744569462,1726241.4521266567,1847295.489788834
2021-11-11,1523624.0254297538,1670465.7862783254,1904105.060536137,1920105.480232246,1711291.7259792653,1695163.0986081334,1814037.7423201336
2021-11-12,1523624.0254297538,1695763.8666431273,1935840.8626817795,1952107.962071277,1739813.8998628121,1723416.4559553766,1844272.3885422228
2021-11-15,1518847.719891293,1692983.6034981648,1932666.9850500543,1948907.4139709813,1736961.415174329,1720590.8554397814,1841248.6405711763
2021-11-16,1526329.6679504183,1701323.3568654282,1942187.4351968046,1958507.865584668,1745517.806258729,1729066.6040239302,1850318.7576818464
2021-11-17,1533811.6761266456,1709663.1772422194,1951707.961839926,1968108.3943375337,1754074.2660933305,1737542.4207103217,1859388.9476704828
2021-11-18,1528823.830270177,1704103.4748828663,1945361.1471546423,1961708.2466188986,1748370.14204978,1731892.0570454262,1853342.347815654
2021-11-19,1551269.4535770845,1701547.319670542,1973922.2165469278,1990509.3180503144,1774039.0627144708,1757319.0525899664,1880552.4313937325
2021-11-22,1548942.5493967189,1688072.9733766618,1961228.4030189163,1977708.8369081034,1762630.6491180626,1746018.161310764,1868459.0562375828
2021-11-23,1539114.9130565678,1679878.6346831773,1951708.097888107,1968108.5315289437,1754074.3883650114,1737542.5418296135,1859389.0772833598
2021-11-24,1531606.8883810088,1671683.9442580824,1942187.384110257,1958507.814068834,1745517.7603453032,1729066.5585432306,1850318.709011777
2021-11-25,1514088.5089387423,1652563.3762682024,1919972.8225272964,1936106.58090138,1725552.687923053,1709289.6534618537,1829154.9329283088
2021-11-26,1496570.256756953,1633442.9471777345,1897758.4223197484,1913705.510465395,1705587.760535031,1689512.8920477827,1807991.3105869293
2021-11-29,1486559.5933927589,1630992.782756968,1885064.1831908915,1910834.9521996968,1694178.9644349366,1678211.6218699247,1795897.5299615583
2021-11-30,1484329.7540026698,1636775.133746989,1894584.913252324,1917609.4263080016,1702735.6070893202,1686687.619653054,1804967.913746483
2021-12-01,1479623.8842313485,1634033.3351393258,1891411.2517210888,1914397.1959003601,1699883.3166185769,1683862.2115247296,1801944.3716540162
2021-12-02,1501967.1653274898,1658708.2991734794,1919972.7893631784,1943305.83622005,1725552.6581171972,1709289.623936913,1829154.9013329085
2021-12-03,1524310.605288666,1683383.438651383,1948534.5300833057,1972214.682085744,1751222.182129783,1734717.2171428993,1856365.6244839116
2021-12-06,1497002.0170998378,1653225.0018272041,1913625.813402377,1936881.7267246936,1719848.389129198,1703639.1166936446,1823108.1478311608
2021-12-07,1494519.1375421106,1650745.1643244633,1910755.3746822735,1933669.2767813483,1716995.9037223768,1700813.5154664812,1820084.3990986473
2021-12-08,1492277.3588357975,1681128.7623444884,1945924.7178817168,1972214.2635797947,1751221.8105186655,1734716.849034152,1856365.2305612492
2021-12-09,1470628.3755997422,1659225.156618181,1920571.0574434074,1946518.0738500992,1728404.9550010564,1712115.0384179105,1832178.4502235348
2021-12-10,1468200.9553103202,1656486.4383418849,1917400.9614290327,1943305.1496711655,1725552.04849815,1709289.0200634194,1829154.2551123118
2021-12-13,1477908.675770433,1667439.0993051056,1930078.7849082923,1956154.2512151145,1736961.3701346791,1720590.8108246224,1841248.5928273443
2021-12-14,1451213.6753810917,1637320.6703825956,1895216.3778060898,1920820.8511519632,1705587.1822621815,1689512.3192250542,1807990.6975945574
2021-12-15,1448787.2710808492,1634864.6893770217,1892047.6086254993,1917609.271732408,1702735.46983438,1686687.4836917177,1804967.7682507513
2021-12-16,1446614.090174228,1661907.7813476904,1926229.9056811784,1952253.3734263924,1733497.597262771,1717159.6834105875,1837576.8549085096
2021-12-17,1434897.296110548,1650919.895316384,1913494.424861325,1939345.8355881332,1722036.38729189,1705806.493353574,1825427.5134816782
2021-12-20,1449222.41618398,1667401.6503493953,1932597.5603054306,1958707.0554008782,1739228.1250459729,1722836.2019644731,1843651.4437844616
2021-12-21,1425347.2024354984,1639932.0429502171,1900758.9830609642,1926438.3372965222,1710575.2124363382,1694453.338080934,1813278.2092785013
2021-12-22,1427734.7115394722,1642678.9895718906,1903942.8244216961,1929665.1925221686,1713440.4889708871,1697291.6098816674,1816315.5171185085
2021-12-23,1449222.502244864,1640214.9710875328,1932597.6750711508,1958707.1717170894,1739228.228328608,1722836.3042736873,1843651.5532681898
2021-12-24,1447048.6684914967,1635060.2802897766,1929413.901602995,1955480.385301252,1736363.0128935245,1719998.0929965677,1840614.3101960623
2021-12-27,1440112.703155018,1629663.976090016,1923046.121487603,1949026.576140234,1730632.3721754188,1714321.46257217,1834539.6016045907
2021-12-28,1454418.7493109067,1645853.0201901454,1942149.6170082192,1946103.0362760236,1747824.4339779257,1731351.492177393,1852763.8754116774
2021-12-29,1466339.6316553159,1659342.9591909822,1958068.0979069038,1959115.2477947697,1762150.1633773895,1745542.204064766,1867949.7221158806
2021-12-30,1475877.3865958217,1670136.097537213,1970804.2834886683,1971858.2445264212,1773612.0075939936,1756896.0223898464,1880099.735868571
2022-01-03,1475877.0791731959,1667630.8933909072,1970803.872973653,1971857.8337918678,1773611.6381537775,1756895.6564315401,1880099.3442471512
2022-01-04,1473663.2635544362,1735074.6814725862,2053584.6113011274,2054682.8422042024,1848109.6046566744,1830691.4925358666,1959070.1713193282
2022-01-05,1526207.3292275467,1799634.8872586782,2129996.218548044,2131135.313405772,1916875.7146494868,1827945.4552970629,2031965.0010118615
2022-01-06,1455486.6760650557,1716244.28085571,2126801.224220222,2032383.8014352543,1828052.4597906987,1740632.0594680477,1937808.7947593255
2022-01-07,1466893.1367811384,1729694.2651741563,2140258.3027168284,2048311.3302627585,1842378.6703376165,1754273.167651294,1952995.151499093
2022-01-10,1432673.3588607607,1689343.8455421624,2090330.218676619,2000528.1911397595,1799399.5416176212,1713349.3697934397,1907435.5543558928
2022-01-11,1473737.0213872124,1686809.829773849,2150243.815965004,2057867.858976495,1850974.406935138,1762457.8423395148,1962106.9764288976
2022-01-12,1471526.4158551316,1712963.1268280486,2186857.84128274,2092908.9205201627,1882492.518181322,1792468.7069594883,1995517.4361998667
2022-01-13,1471526.4158551316,1715570.6036178842,2190186.681801551,2096094.751754955,1885358.0530380392,1795197.2073438242,1998555.0178717142
2022-01-14,1471526.4158551316,1754679.2625736224,2240114.8303763415,2143877.952640085,1928337.2373107385,1836121.0580977632,2044114.6739030047
2022-01-17,1495521.560127928,1785966.5181500816,2280057.7685038503,2182104.9146038373,1925444.7314547724,1868860.4823557124,2080562.7813116433
2022-01-18,1480238.7719447904,1767715.6625778433,2256757.7768150773,2159805.906624025,1902914.1717865125,1849762.5304056013,2059301.4360149659
2022-01-19,1423474.3790073504,1765064.0890839766,2170215.3299911455,2076981.3829891433,1829940.966503155,1778827.5913221296,1980331.0711615938
2022-01-20,1419107.7563637348,1757014.0912747118,2163558.0191598334,2070610.0748215506,1824327.4747686672,1773370.8939948676,1974256.2456327914
2022-01-21,1406008.2762051914,1740795.470015175,2143586.677859816,2051496.7161145934,1807487.4980641128,1757001.286588064,1956032.3085134467
2022-01-24,1403899.2637908836,1727280.1178430333,2126944.0972914426,2035569.1122829732,1793454.3560299904,1743360.114167655,1940845.8802598068
2022-01-25,1410571.3935100099,1738092.371459251,2140258.1271177977,2048311.1622075837,1804680.8404584234,1754273.0237206914,1952994.9912642024
2022-01-26,1393021.5767386276,1716467.6576792954,2113629.813125896,2022826.8189457583,1782227.6571409462,1732446.9961442584,1928696.537169776
2022-02-07,1412765.1429353678,1713892.9561927766,2143586.7002464496,2019792.5787173396,1807487.5169406813,1757001.3049373776,1956032.328941349
2022-02-08,1414958.9949945598,1713983.4478684398,2146915.4291012837,2019899.2215588775,1810294.3247323607,1759729.713795789,1959069.8087193237
2022-02-09,1393021.5843228397,1687409.986083729,2113629.824633411,1988582.8661764408,1782227.6668441647,1732447.0055764494,1928696.5476704342
2022-02-10,1390932.0519463555,1698039.0023733124,2126943.604936631,2001108.974147884,1793453.9408729193,1743359.7106066295,1940845.430983867
2022-02-11,1404063.1304103138,1716640.42454535,2150243.526714778,2023030.4216460576,1813100.6002568637,1762457.6052541551,1962106.7124867898
2022-02-14,1391022.8562444474,1700697.0803356497,2130273.0820072484,2004241.4720804894,1796261.379565457,1746088.7327437615,1943883.5935120485
2022-02-15,1375808.2189958273,1698146.0347151463,2127077.6723842374,1982319.6130546255,1776614.3513580414,1726990.479574634,1922621.912874622
2022-02-16,1401889.6186003624,1727746.4202688586,2164154.7658250425,2019898.7387337273,1810293.8920099654,1759729.293160069,1959069.3404344881
2022-02-17,1399716.3886367094,1725068.0422850975,2160799.86118728,2016767.461916838,1807487.5477179934,1757001.3348550268,1956032.362248034
2022-02-18,1397616.8140537543,1708996.4198852326,2140668.7367333826,1997978.217480238,1790648.062754315,1740632.2054539374,1937808.9572823234
2022-02-21,1384586.596696705,1695602.7526653416,2123891.987318216,1982319.7555629695,1776614.4790782977,1726990.6037274455,1922622.0510913169
2022-02-22,1373649.9556572232,1682209.441841952,2107115.684321099,1966661.7103068703,1762581.2688265294,1713349.364994826,1907435.5490136978
2022-02-23,1364900.501733917,1679686.1276791892,2093694.4254952127,1954135.0721002484,1751354.5195850886,1702436.198025461,1895286.1514331575
2022-02-24,1351776.3664034011,1661043.620824422,2073562.607134798,1935345.1800108464,1734514.4541755249,1686066.5043913305,1877062.1183187566
2022-02-25,1312404.2392266032,1612663.709538274,2013167.5797425227,1878975.9029231519,1683994.6157043932,1636957.7712537192,1822390.406134715
2022-03-01,1310435.6328677633,1609975.9366890434,2009812.3004429517,1875844.2764182799,1681187.9580115527,1634229.5083016297,1819353.0887911574
2022-03-02,1312841.6436805706,1615351.313027927,2016522.647622187,1882107.3321007304,1686801.0965465894,1639685.8622949047,1825427.5320935056
2022-03-03,1317210.8379125847,1620727.2726293998,2023233.7229168557,1888371.0673646363,1692414.8441429292,1645142.8083373606,1831502.6345116638
2022-03-04,1299735.3752298495,1618296.1817204556,1996391.4404168758,1863318.0104286764,1669961.5423621784,1623316.6656065355,1807204.0522182924
2022-03-07,1266968.6491779536,1575135.7367690024,1946061.802040355,1816343.1938938235,1627861.3014834484,1582392.3563270408,1761643.885720215
2022-03-08,1225464.7740981686,1523536.7987092624,1882311.9168464085,1756842.6837033788,1574535.1578982684,1530555.7029680044,1703935.2377474038
2022-03-09,1223626.5769370215,1539831.2328469632,1902443.499871937,1754207.4196778238,1591375.0264525453,1546925.2052453526,1722159.057828353
2022-03-10,1260580.9918454972,1588714.7618330293,1962838.528876772,1807185.762943767,1641894.8662725668,1596033.939694177,1776830.77147214
2022-03-11,1251961.6661714201,1577851.7946583421,1949417.4598336425,1794828.982423411,1630668.2757825106,1585120.9270419995,1764681.545689655
2022-03-14,1236877.3677932327,1575485.0169663546,1925929.8440205294,1773203.9306025458,1611021.1192501793,1566022.5491322903,1743419.7261811818
2022-03-15,1211019.811906326,1540238.3369636561,1885667.2926369011,1736134.192786709,1577341.8963048034,1533284.044379317,1706972.6424379523
2022-03-16,1221348.6541543307,1553375.0987659122,1901750.2334826079,1750941.7591224178,1590795.1160274884,1546361.4927084625,1721531.488603852
2022-03-17,1219516.6311730992,1591933.8626725834,1898897.608132384,1794404.6355120097,1630282.7409749469,1584746.1608797775,1764264.3264610523
2022-03-18,1226117.1915777538,1602950.9341029073,1909175.277205806,1806822.917771017,1641565.2080611056,1595713.4893993384,1776474.020947959
2022-03-21,1228223.7469027508,1605704.9162256098,1912455.374226039,1809927.1662595808,1644385.532214559,1598455.037084465,1779526.1279033564
2022-03-22,1215583.1933824497,1603296.3588512714,1892772.8900092558,1791299.875205614,1627461.9518161311,1582004.161177682,1761211.7162847398
2022-03-23,1242970.9975510526,1636964.122448303,1935418.1762631473,1831658.91476494,1664129.626616871,1617647.6452239587,1800892.8519302863
2022-03-24,1236650.4945177496,1628640.1657978843,1925576.581827008,1822344.9357987712,1655667.5334758689,1609421.9127904603,1791735.3182825139
2022-03-25,1234795.518775973,1656385.3608198909,1958380.3275005806,1853390.0473604968,1683873.161442429,1636839.7094166325,1822258.9703927457
2022-03-28,1234795.518775973,1611993.0299917932,1905894.3122036261,1803717.8478336881,1638744.1375911762,1592971.216243629,1773421.1063415315
2022-03-29,1234795.518775973,1625865.5593512983,1922296.1044634185,1819240.3273573518,1652846.8822919808,1606680.0472094172,1788682.8574203274
2022-03-30,1260298.1841530774,1623426.7610122713,1964940.9577544557,1859598.9571652964,1689514.1848184897,1642323.169379718,1828363.5901970165
2022-03-31,1266610.2995590123,1629113.9096613205,1974782.2272628534,1868912.6286233503,1697975.998577037,1650548.63023439,1837520.8215018357
2022-04-01,1230842.0960435527,1583108.8535750723,1919015.735684471,1816135.8216792678,1650026.32447237,1603938.272384828,1785630.4975953782
2022-04-06,1216114.5891892428,1564166.337254668,1896053.9622029914,1794405.0465878765,1630283.1144525213,1584746.5239254856,1764264.7306321478
2022-04-07,1201386.4248257908,1545222.9752461389,1873091.1635937605,1772673.3013266234,1610539.0229975993,1565553.9186510565,1742898.0097948336
2022-04-08,1199584.345188552,1534398.0718631514,1859969.412753756,1760255.017671861,1599256.5546433458,1554586.5888988206,1730688.313935616
2022-04-11,1189337.8391872991,1532096.4747553566,1846848.2097224046,1757614.6351453532,1587974.557311128,1543619.717012171,1718479.1278084554
2022-04-12,1170324.9522487444,1505346.1908713079,1817324.2888925434,1726926.8219275828,1562589.0194726204,1518943.2405824538,1691007.3293953028
2022-04-13,1191450.093749359,1532518.6879016955,1850128.1974835645,1758098.9962919152,1590794.7875204077,1546361.1733771453,1721531.1330990621
2022-04-14,1218912.5959102483,1567842.700211486,1892772.9963617313,1798622.5547170832,1627462.0432611261,1544041.6316170795,1761211.8152449622
2022-04-15,1187225.057841588,1527084.1787101785,1843567.40395192,1751864.5501932336,1585153.623753306,1501649.3820214837,1715426.3613659882
2022-04-18,1185444.2202548257,1518932.5283841006,1833726.3506301155,1742513.0112074204,1576691.9958783672,1493633.5038889835,1706269.3312212566
2022-04-19,1198491.185032994,1516654.1295915246,1830975.7611041702,1764333.595564202,1596436.0898848085,1512337.4995895042,1727636.0548197818
2022-04-20,1206960.9115346025,1525084.683755369,1841153.5201762617,1776802.1253278288,1607718.0894751928,1523025.1751933065,1739845.243390692
2022-04-21,1209078.5629926494,1527760.4935296003,1844383.8828162018,1779919.5813907406,1610538.8821982783,1525697.3714940047,1742897.8574241968
2022-04-22,1181551.486560311,1492977.9895940376,1802392.818160163,1739396.1746742355,1573871.7637293239,1490961.8386318707,1703217.3238314707
2022-04-25,1164611.3678483511,1471572.8924266743,1776551.5842803745,1714458.135137855,1551306.8777990523,1469585.6473878028,1678797.9870643811
2022-04-26,1162864.4507965785,1471572.9367155498,1776551.6377479753,1714458.1867366738,1548979.9174823537,1469585.6916168698,1678798.0375899621
2022-04-27,1118900.2586034338,1469365.5773104765,1711949.9711812576,1652114.4564623644,1490417.932249366,1416146.386603817,1617751.035773158
2022-04-28,1118900.083856762,1467164.6009277324,1711949.703813762,1652114.1984398102,1490417.6994801166,1416146.1654340872,1617750.7831173853
2022-04-29,1154789.72336014,1514225.1109581839,1766861.8971402722,1705107.1187692434,1538224.0717519086,1461570.2172281768,1669641.4686665908
2022-05-03,1135789.1417262978,1489310.481696453,1737790.4540600074,1677051.7712464486,1512914.5704156654,1437521.9566104508,1642169.6628625533
2022-05-04,1125233.5159652815,1475469.3526442305,1721640.0393305237,1661465.8405232327,1498854.0732450164,1424162.1319389797,1626907.9142153307
2022-05-05,1123545.6656913336,1503152.1640939307,1753941.5144561366,1692638.3250691812,1526975.6297015415,1450882.3153854308,1657432.0216490335
2022-05-06,1090871.918282443,1500897.4358477897,1705489.6754619773,1645879.9588832792,1484793.6203537297,1410802.349340311,1611646.2136304553
2022-05-09,1080541.6917835562,1484457.7053896314,1689339.2050504056,1630293.9744241573,1470733.0747064406,1397442.4786079216,1596384.4123650154
2022-05-10,1045418.8549936897,1436205.6424620089,1634427.5013809523,1577301.526637448,1422927.1287284484,1352018.831864262,1544494.1895298054
2022-05-11,1070211.5671079387,1470266.0890096612,1673188.893831248,1574935.5743474918,1456672.667651536,1384082.7395614847,1581122.7615325304
2022-05-12,1066079.3398038626,1464589.1986975141,1666728.4919401992,1566504.7842403564,1451048.2633231124,1378738.6144713662,1575017.8390600919
2022-05-13,1064480.220794157,1439044.2249339868,1637657.858594412,1539182.226044893,1425739.4669390034,1354691.023676108,1547546.7984354184
2022-05-16,1092235.6922906248,1436885.6585965857,1682879.0168857768,1581684.1459165881,1465108.8564475249,1392098.5303149659,1590279.6918588395
2022-05-17,1092235.6922906248,1434733.5582591968,1682879.0168857768,1581684.1459165881,1465108.8564475249,1392098.5303149659,1590279.6918588395
2022-05-18,1134164.4044377233,1489810.068573443,1747481.3278846203,1642401.7911371766,1521351.4128295842,1445538.3684103175,1651327.3026483099
2022-05-19,1096428.466227282,1440241.0815085983,1744860.1058927933,1587755.7695687278,1470732.981598385,1397442.3901396918,1596384.31130232
2022-05-20,1098524.9573134116,1442994.9798998449,1745578.1020058116,1590791.7321694668,1473545.1838358983,1400114.4527543995,1599436.7726181035
2022-05-23,1096877.1698774416,1467779.2448217887,1775559.4052845375,1618114.4909281025,1498854.1660010188,1424162.2200727004,1626908.0148958953
2022-05-24,1096877.1698774416,1465577.575954556,1765565.6375249622,1609006.9046752239,1490417.8386126454,1416146.2976332668,1617750.9341366314
2022-05-25,1078702.3435734785,1441293.527923058,1738915.3708345436,1584719.8081182071,1467920.780426315,1394770.3285373333,1593331.851143006
2022-05-26,1080769.0289629928,1444054.9016179482,1742246.9580994793,1587755.9721660782,1470733.1692636488,1397442.568453089,1596384.515000671
2022-05-27,1082835.4393236171,1446815.9078367115,1745578.1020058116,1590791.7321694668,1473545.1838358983,1400114.4527543995,1599436.7726181035
2022-05-30,1111766.0564190163,1485471.1600727318,1792215.5224718326,1633293.6533391962,1512914.574546785,1437521.9605357056,1642169.667346613
2022-05-31,1120032.208741599,1496515.8675532928,1805540.9216582112,1645437.44388583,1524163.328052123,1448210.1583127812,1654379.4524281393
2022-06-01,1118352.1604284865,1494271.0937519628,1832191.0316383103,1669724.3976285663,1546660.253950052,1469586.001712601,1678798.3918313703
2022-06-02,1104495.2487897056,1475756.3689245237,1812203.5531071876,1651509.2770575138,1529787.6472802523,1453554.2025433823,1660484.2825297825
2022-06-06,1098404.282344174,1467618.0065958956,1802209.7835128463,1642401.6891325642,1521351.318343045,1445538.2786322974,1651327.2000893608
2022-06-07,1086222.4519590344,1451341.418900541,1782222.4125110337,1624186.6665558307,1504478.802445063,1429506.5657114917,1633013.1893146352
2022-06-08,1094343.2377012253,1462191.8967933538,1795546.6135812933,1636329.365227392,1515726.544550089,1440193.802489061,1645221.8765873744
2022-06-09,1092313.0819984188,1459479.3317446513,1792215.6301460832,1633293.7514656035,1512914.6654409554,1437522.046900374,1642169.766006281
2022-06-10,1090674.6123754212,1457290.1127470343,1765565.6375249622,1630843.810838405,1490417.8386126454,1416146.2976332668,1617750.9341366314
2022-06-13,1090674.6123754212,1422161.7135575637,1725590.6769993019,1591531.8496155175,1456672.622349374,1384082.6965168514,1581122.7123600012
2022-06-14,1065914.593841864,1391961.2343094626,1688946.6969690206,1557734.6912904142,1425739.2827135515,1354690.8486311075,1547546.5984707582
2022-06-15,1068017.1279002812,1394706.9007259281,1692278.1720925851,1560807.3485758458,1428551.5768857556,1357362.9985991523,1550599.159575626
2022-06-16,1088615.4491035314,1421605.9269447515,1724916.3091068696,1590909.8724609872,1456103.3487322924,1383541.791339602,1580504.8031388728
2022-06-17,1055851.237540846,1378819.6543564452,1673001.2614873967,1543028.035324282,1412278.8024112876,1341901.1403690535,1532936.1288301202
2022-06-20,1056907.9811134608,1376751.4248749106,1670491.7595951655,1544572.3674240303,1413692.274777588,1343244.1755948036,1534470.3604943678
2022-06-21,1055322.6191417906,1377438.7580489716,1671325.7405031351,1547661.4992137484,1416519.647478925,1345930.6526882038,1537539.2883548918
2022-06-22,1053742.0894857927,1377438.8670072642,1671325.872708504,1547661.6216370165,1416519.759528598,1345930.7591541393,1537539.409977472
2022-06-23,1034812.6538445092,1352694.5385392422,1641302.1545152923,1519859.4095458603,1391073.3814346113,1321752.4427167038,1509919.033419003
2022-06-24,1029554.3982898975,1345821.0107131747,1632962.1075138252,1512136.4568425063,1384004.8368940842,1315036.1428165084,1502246.5913445922
2022-06-27,1043225.6662451621,1363691.9262158873,1654645.9180727394,1532215.8452854638,1402382.7885671472,1332498.271587134,1522194.6540397427
2022-06-28,1043225.726664036,1361646.3883265634,1654646.0139022865,1532215.9340244194,1402382.8697867643,1332498.3487593583,1522194.7421983164
2022-06-29,1041660.88807404,1359606.9514248658,1654645.9817309193,1532215.9042334666,1402382.8425201622,1332498.3228515247,1522194.712602206
2022-06-30,1015985.5098235472,1328083.8216969268,1616282.2326479559,1496690.7543585382,1369867.9335410125,1301603.7194887742,1486901.9087913295
2022-07-01,988724.9307146077,1292449.1263842352,1572914.6951787204,1456532.054931914,1333112.1010906266,1266679.5293103375,1447005.8603537104
2022-07-04,928961.0631524556,1214326.5302803626,1477839.2473883198,1368491.4016350808,1252531.615477202,1190114.586643545,1359541.0216373103
2022-07-05,942591.327680514,1232143.84522249,1499522.9763096296,1388570.7144809396,1270909.4979589232,1207576.6496708198,1379489.0092297914
2022-07-06,926863.8735020745,1230295.6294546563,1474502.9297561985,1365401.9438332594,1249703.9443885563,1187427.8260322805,1356471.7698969082
2022-07-07,925473.5776918214,1228453.193009122,1474503.2214026956,1365402.213900335,1249704.1915713663,1187428.0608973044,1356472.038197657
2022-07-08,982626.75898482,1306273.5395381427,1567910.4039479594,1451898.0397420502,1328870.7514372997,1262649.5375503635,1442402.1531342259
2022-07-11,978445.5341220609,1300715.148876439,1561238.7090204377,1449720.1926824371,1323216.2062353722,1257276.7735877666,1436264.514717974
2022-07-12,957538.5790982763,1272922.0912478247,1527878.90887564,1416618.339214543,1294942.3568020172,1255390.8584273849,1405575.1032338592
2022-07-13,983672.2395461234,1307663.3689732205,1569578.605871227,1455281.4526068927,1330284.6235168139,1287722.0811493357,1443936.8186609838
2022-07-14,974264.0450388595,1305701.8739197606,1554566.5924944032,1441362.6182446901,1317561.3037107743,1275405.8447814763,1430126.4884513698
2022-07-15,972802.6489713012,1345712.4826948454,1604606.4649608617,1487758.5731964523,1359972.2238493823,1316459.824793639,1476160.7641385777
2022-07-18,972802.6489713012,1386279.639721456,1652978.1069475864,1532607.7786788037,1400969.2477056563,1356145.146226254,1520660.3480284524
2022-07-19,972802.6489713012,1363897.6332976546,1650498.639787165,1507863.249390002,1378350.0720334258,1334249.6725391834,1496108.7145031765
2022-07-20,972802.6489713012,1404464.890538099,1697044.8820402832,1552712.5656642148,1419347.1971654422,1373935.092007217,1540608.4083212356
2022-07-21,959735.9675853791,1387678.523792847,1676761.5570778723,1534154.3213444052,1402382.9549469443,1357513.621813136,1522194.8346341134
2022-07-22,977150.5468068834,1385597.0060071577,1707186.6926959225,1561991.8233964357,1400279.380514524,1382145.9470669387,1549815.3296802598
2022-07-25,967475.7305087496,1369823.4058369545,1690283.7521076736,1546526.464450539,1384338.6365759491,1368461.2511121754,1534470.530805935
2022-07-26,966508.2518874377,1368453.5783381055,1688593.4633050228,1544979.9333650903,1382954.2938029896,1367092.7857721213,1532936.0556901535
2022-07-27,955865.94681706,1353385.418881749,1670000.2161793578,1527968.027107307,1367726.4657277523,1352039.6101191586,1516056.7656001027
2022-07-28,954432.1478968344,1394480.2895050773,1720708.9365980586,1574364.0112183513,1409256.7950581992,1393093.6159332383,1562091.0702192816
2022-07-29,954432.1478968344,1391740.728673264,1717328.4751880744,1571271.0553604516,1406488.204675987,1390356.7793253758,1559022.225471955
2022-08-01,949250.5047231484,1389653.117580254,1710567.0506050033,1565084.6845561017,1400950.612968696,1384882.699880009,1552884.080467572
2022-08-02,926738.667475156,1354664.9671872568,1670000.3015188605,1527968.105188753,1367726.5356206154,1352039.6792104,1516056.8430728654
2022-08-03,926738.7342048862,1354665.06472978,1670000.4217670744,1527968.215209952,1367726.6341036353,1352039.7765638893,1516056.952236395
2022-08-04,936118.6735377371,1368376.238822875,1686903.246763863,1543433.46839535,1381570.0102120307,1365724.3789352917,1531401.6461746765
2022-08-05,954878.6227523895,1395798.6901343532,1720709.0238879602,1574364.0910843166,1409256.8665484348,1393093.6866035315,1562091.1494626524
2022-08-08,953446.304818261,1398540.8847928138,1724089.539378784,1577457.0964235233,1412025.5012227343,1395830.5669954822,1565160.0433055551
2022-08-09,946418.1553544047,1396443.0734656246,1713947.8098858146,1575090.910778888,1403719.447306454,1387619.7776454194,1555953.195627488
2022-08-10,933351.2259918068,1375100.1264044608,1690283.8143926482,1551017.5471280196,1384338.687587205,1368461.3015383685,1534470.5873493752
2022-08-11,957618.2770372545,1410852.610604178,1734231.047184434,1591343.8690317005,1420331.3735775931,1404041.1768665044,1574366.6897318156
2022-08-12,961351.6429819979,1416352.9537114315,1740992.111887487,1597547.8744788398,1425868.670543949,1409514.9649514062,1580504.5080305305
2022-08-15,970685.3213934052,1430104.199765355,1757895.2509290446,1613058.3260561216,1439712.303854312,1423199.8215748519,1595849.4870644019
2022-08-16,969229.2934113151,1446605.3329774928,1778178.572741066,1631670.459578677,1456324.29934174,1439621.2892183638,1614263.0578915428
2022-08-17,969229.2934113151,1444435.4249780267,1775511.3048819546,1625466.109590244,1450786.694859945,1434147.197145007,1608124.8987272573
2022-08-18,969229.2934113151,1431262.4085239687,1759318.9301803082,1613058.0858816458,1439712.089489994,1423199.609669141,1595849.2494522163
2022-08-19,969229.2934113151,1428510.1506136577,1755935.8332628517,1609956.242466896,1436943.5831956412,1420462.8561847098,1592780.4979120998
2022-08-22,952860.0627773808,1406490.7411140662,1728869.4031426236,1585139.9779383778,1414794.1786761123,1398567.4896758655,1568228.9845669386
2022-08-23,937942.3689423576,1384471.140254127,1701802.7378007616,1560323.497743358,1392644.58166651,1376671.932884673,1543677.2578561038
2022-08-24,939807.1807672274,1387223.7381098443,1705186.252581766,1563425.7242826016,1395413.4299131897,1379409.0243994794,1546746.3884333682
2022-08-25,941671.9138924014,1385142.9025026795,1708569.6245700337,1566527.8199001718,1398182.1613075887,1382146.0004022184,1549815.389485691
2022-08-26,956589.4563694644,1404978.2453428148,1735636.015287996,1591344.0483021287,1420331.5335828683,1404041.3350366321,1574366.8670897053
2022-08-29,955154.5721849102,1361158.0718625137,1681502.884372491,1541711.2710725926,1376032.50304097,1360250.3830565843,1525263.5948745003
2022-08-30,955154.5721849102,1362527.5537663514,1683194.6700798252,1543262.410304929,1377416.9503369618,1361618.9517208654,1526798.1858488647
2022-08-31,943180.1866181834,1347464.267462309,1664586.280729632,1526201.0279758663,1362189.0558069665,1346565.710375334,1509918.8220970195
2022-09-01,948931.2656744205,1355680.4849333484,1674736.1624088993,1535507.1000203514,1370495.0582661321,1354776.4488584588,1519125.6127374338
2022-09-02,935512.2772281942,1353646.9642059484,1651053.4511032808,1513793.2491023638,1351114.6689611038,1335618.338917239,1497643.4150450623
2022-09-05,929761.18455318,1343310.4090954086,1640903.545388702,1504487.1550207415,1342808.646833004,1327407.580990769,1488436.6026026127
2022-09-06,936470.63466307,1353004.1609121752,1652744.8231876004,1515344.0090982032,1352498.7777749454,1336986.5729815213,1499177.630828797
2022-09-07,935065.9287110753,1321152.52016447,1613836.86127837,1513070.993084556,1320659.0344645076,1305512.009016838,1463884.8588672078
2022-09-08,925835.9385220739,1310073.655288689,1600303.6164449637,1498135.5430883362,1309584.3078402188,1294564.3016773353,1451609.0751877637
2022-09-12,949324.3705651115,1343310.187532991,1640903.2747419816,1536143.2002022546,1342808.4253533457,1327407.3620513259,1488436.3571034265
2022-09-13,968898.0879806306,1341295.2222516914,1674736.3648867968,1567816.286707588,1370495.2239608632,1354776.6126527884,1519125.7964018025
2022-09-14,936601.4477126354,1294643.3647776244,1618911.7548566444,1515555.6834034442,1324811.9970184704,1309617.3400263623,1468488.2113174137
2022-09-15,937076.7009581337,1295300.296776156,1619733.2281391704,1516324.7114238793,1325484.2372790377,1310281.8701664004,1469233.3562134728
2022-09-16,935671.0859066965,1280333.5792020187,1617303.6282969618,1498804.1381922895,1310168.7553960327,1295142.046032876,1452256.9062368316
2022-09-19,937248.1558274969,1284415.3137589607,1620029.5871765362,1503582.3621991614,1314345.6052195441,1299270.9903418552,1456886.7365373375
2022-09-20,934269.6904799403,1280333.5916663476,1614881.3220586802,1498804.1527834772,1310168.7681508136,1295142.0586413685,1452256.9203748717
2022-09-21,940226.8452322157,1278413.091278848,1625178.239576277,1508360.931059028,1318522.7564937973,1303400.232644149,1461516.9009809983
2022-09-22,917391.2983212594,1245495.6788652835,1585707.0905480406,1471726.9559980999,1286499.4331737307,1271744.1942027602,1426020.6397087898
2022-09-23,910441.4832697514,1236060.267137043,1573694.363781022,1460577.7003105625,1276753.3922631743,1262109.9334912058,1415217.6380629875
2022-09-26,909075.8210448468,1194273.946928436,1520493.967049765,1411201.3316193412,1233591.398066803,1219442.976853662,1367374.714088139
2022-09-27,909075.8210448468,1210449.3662125408,1541087.757527433,1430314.846815698,1250299.3386028209,1235959.2891238874,1385894.6352299706
2022-09-28,909075.8210448468,1205057.6043521592,1534223.2174430043,1423943.727746481,1244730.0711257083,1230453.8972073847,1379721.3792100833
2022-09-29,909075.8210448468,1203250.017945631,1520493.9886673195,1411201.3516830325,1233591.4156053332,1219442.9941910375,1367374.7335287274
2022-09-30,869807.6139966617,1151274.7374006975,1456997.3412440098,1352268.8236105908,1182075.9740679634,1168518.398347788,1310272.4286215473
2022-10-03,857513.3779272147,1135002.1235782471,1436403.5122437046,1333155.272660592,1165368.0022781591,1152002.0551822348,1291752.4728364479
2022-10-04,880052.4714137367,1164834.7998130692,1474158.2970437822,1368196.2552224959,1195998.8227710593,1182281.561819415,1325705.2139786133
2022-10-05,910787.7803681637,1205515.962148322,1525642.398479902,1415979.6953928308,1237768.3700662886,1223572.041937343,1372004.6798146358
2022-10-06,923082.1364175498,1221788.7347758585,1546236.4284562035,1435093.4328727338,1254476.5049098544,1221736.6838744371,1390524.8163367207
2022-10-07,921697.5132129234,1219956.0516736947,1539371.617501538,1432940.7927234247,1248907.0176731101,1214490.8150826744,1384351.316724211
2022-10-11,837211.2870087035,1108130.3372029855,1400364.4834773156,1301592.1037926364,1136129.1911783947,1104820.8136457305,1259342.7048772417
2022-10-12,814639.5980646246,1078254.5177187424,1362609.8664291857,1266500.445862598,1105498.5067842652,1075034.220784977,1225390.1145937946
2022-10-13,821821.3882081868,1087760.313516051,1374622.5136556288,1277665.8009969695,1115244.4831627866,1084511.6267313221,1236193.0447090457
2022-10-14,850549.4169236097,1125784.645774328,1422674.554660872,1322328.571212505,1154229.5667791567,1122422.3961539534,1279406.071037841
2022-10-17,820795.5713446388,1086402.545405956,1372906.677373252,1276070.9883729042,1113852.4086631173,1083157.9137087874,1234649.9993587316
2022-10-18,819564.3779876218,1084772.941587847,1370847.3173571923,1296806.8358524118,1131952.243132492,1100758.9699976118,1254712.7657021
2022-10-19,813304.2620964223,1076487.0710542207,1360376.3118983316,1288831.729239173,1130254.3147677933,1093989.5191445558,1246996.529329172
2022-10-20,787133.5551975736,1041847.6022478713,1316601.7844674068,1247359.3811896115,1092246.3407046823,1058786.8522088816,1206870.3647510672
2022-10-21,796192.5401516362,1053838.0474408993,1331754.328374633,1261715.0261648397,1104816.8163263067,1070972.2483216317,1220760.028587136
2022-10-24,795186.0746667966,1052505.8927573625,1330070.860245756,1260120.0945854802,1103420.2194773948,1069618.434327153,1219216.8681427906
2022-10-25,764989.1419131297,1012537.3235394597,1279561.851594815,1212267.4435268121,1061518.1952492201,1029000.0219046345,1172917.503814924
2022-10-26,763841.65820026,1011018.5175541505,1247572.808519883,1181960.760484501,1034980.2430350867,1003275.0239424128,1143594.569166542
2022-10-27,791517.5049885062,1047650.184983544,1294714.5781448314,1226623.261539325,1074088.8223904015,1041185.5648953449,1186807.3350715244
2022-10-28,781224.7008348057,1034026.6604150252,1277878.256138309,1210672.3913162071,1060121.4927699359,1027646.1055156267,1171374.2266549976
2022-10-31,794605.1581531335,1051736.9934100157,1299765.1670949217,1231408.2311343465,1078278.7660500717,1045247.1553013083,1191436.9855856842
2022-11-01,799751.6793891884,1058548.9134130396,1308183.5230113193,1239383.8509082173,1085262.5925592806,1052017.0417367138,1199153.7184621606
2022-11-02,804897.9753512725,1065360.535244114,1316601.5104387165,1247359.121572572,1092246.1133718335,1058786.6318400672,1206870.1135611406
2022-11-03,803690.6283882456,1063762.4944412478,1296398.134056011,1228218.2762843617,1075485.4920630783,1042539.4494827312,1188350.5759820067
2022-11-04,794149.3300740224,1051133.6607377855,1282928.9950811858,1215457.5030156309,1064311.5608628811,1031707.8165430203,1176004.0146608811
2022-11-07,812908.6589315007,1075963.4518969713,1313234.2361839882,1244168.9381927336,1089452.6392733885,1056078.732040182,1203783.4828456393
2022-11-08,823330.7209502866,1089758.0617862996,1330070.8247777082,1242302.6847854445,1103420.1900532774,1069618.4058044036,1219216.8356308069
2022-11-09,841047.933091318,1113208.5103992003,1358692.5515826845,1267135.0308788181,1127164.6333133408,1092635.4701788698,1245453.101050195
2022-11-10,852512.0875469091,1128382.430698353,1377212.6152510578,1284407.0924802201,1142528.7867043235,1107528.9635232354,1262429.6206465927
2022-11-11,851233.3194155887,1126689.8570523055,1486648.8704708253,1386468.8226896266,1233316.5637788984,1195535.5799114527,1362744.9740148087
2022-11-14,866322.1395045232,1146661.3738636551,1515270.4622618,1413161.7058997473,1257060.8950320124,1218552.5357101508,1388981.1156728596
2022-11-15,895199.5023818049,1184883.3643686667,1565779.4046062564,1460267.0279556802,1298962.864252655,1259170.8948102186,1435280.4192205179
2022-11-16,946216.3544377715,1252409.116050542,1563430.735499347,1543486.7200234348,1372989.9343029114,1330930.2457513164,1517076.1402987551
2022-11-17,928889.9972618717,1229476.0018919539,1532503.6866451353,1515223.625560991,1347848.8406311767,1306559.3154604346,1489296.655251205
2022-11-18,946216.3544377715,1252409.116050542,1561089.1018465771,1543486.7200234348,1372989.9343029114,1330930.2457513164,1517076.1402987551
2022-11-21,944797.0299061148,1250530.5023764663,1548384.300612941,1530925.1743938748,1361815.9633934558,1320098.5743187869,1504729.5351011474
2022-11-22,944797.0299061148,1219202.0283621745,1511858.3403751857,1494811.0701467874,1329691.098971646,1288957.8116435274,1469233.3787878065
2022-11-23,980046.9995585217,1266586.9650389932,1570617.5206065667,1552907.6991344092,1381370.2522692683,1339053.8440179713,1526335.9171676452
2022-11-24,979056.0673461189,1265306.310311177,1569029.4585082855,1551337.54355753,1379973.5393760651,1337699.9175340608,1524792.6285009282
2022-11-25,979055.9784881228,1265306.19547344,1569029.316104987,1551337.4027599292,1379973.414131263,1337699.7961259638,1524792.490112513
2022-11-28,963200.8408048529,1244815.4325533204,1543619.96630014,1526214.5613142871,1357625.6945309085,1316036.6686720962,1500099.525256221
2022-11-29,938427.2680246528,1242948.2094044904,1503917.9851970584,1486960.248079545,1322707.4952033134,1282188.1411256324,1461516.8920273867
2022-11-30,937019.6271226158,1265986.8105319296,1534091.4685374284,1516793.5040914023,1349245.307081047,1307913.00305047,1490839.6716119924
2022-12-01,980169.3159277419,1326271.843427547,1607143.3786176024,1589021.7023074552,1413495.026781888,1370194.5195382868,1561831.9741364217
2022-12-02,949176.0169933381,1284334.6606942497,1556324.9390332163,1538776.2765095101,1368799.8162754476,1326868.4863190807,1512446.2971180559
2022-12-05,952081.5103892584,1288266.0978650064,1561088.9572461823,1543486.5770535117,1372989.8071257463,1330930.1224700517,1517075.9997751883
2022-12-06,945301.7533215954,1279092.3757763798,1549972.467979614,1532495.4340521703,1363212.7688710236,1321452.5905508648,1506272.926068345
2022-12-07,923993.695132473,1277173.7372127152,1515034.519940062,1530196.690901092,1332484.5734549125,1291665.7118164455,1472320.0099285136
2022-12-08,922607.7045897744,1269913.8113010204,1508682.1394926484,1521498.4893310324,1326897.6057393318,1286249.893295913,1466146.726930463
2022-12-09,927044.0772364833,1277934.2407591455,1518210.5646242227,1531107.8590344938,1335277.9293095467,1294373.4969947592,1475406.5099912987
2022-12-12,924135.0212074096,1273924.094532957,1513446.433441173,1526303.2562568523,1331087.839101186,1290311.7645294261,1470776.6975491336
2022-12-13,917347.0200403885,1264566.8057797533,1502329.793642153,1515092.1799022702,1321310.6684520084,1280834.1042715092,1459973.4775539136
2022-12-14,915407.552468493,1261893.2414047392,1499153.5475178314,1511888.9513669843,1318517.1354291951,1278126.1473523239,1456886.7817303217
2022-12-15,928479.1259731603,1260000.4015426321,1496904.8171965547,1533477.988408896,1337344.917225893,1296377.1655335708,1477690.4146083905
2022-12-16,927086.4072842005,1233003.9245548947,1464832.4810284043,1502872.9770047884,1310654.3114576347,1270504.1903522667,1448198.8064257686
2022-12-19,927086.4072842005,1233004.052555543,1464832.633095647,1502873.1330210923,1310654.4475193275,1270504.3222458938,1448198.9567662356
2022-12-20,922721.2751404867,1229039.3228530916,1460122.4576201348,1498040.6381585207,1306440.0326461894,1266419.0102689697,1443542.2669467255
2022-12-21,912799.5087966892,1215823.803370428,1444422.1651828194,1481932.6220264996,1292392.2447655804,1252801.5573590226,1428020.2567081947
2022-12-22,925697.7639855291,1233003.9240096367,1464832.480380627,1502872.9763401889,1310654.310878038,1270504.1897904251,1448198.8057853472
2022-12-23,907838.7277769577,1231154.4181236222,1436572.1806106712,1473878.7798048255,1285368.4954579882,1245992.971106134,1420259.4113998872
2022-12-26,900893.417210697,1219905.761266503,1425581.8586075292,1462603.0481692825,1275534.9389904167,1236460.652333062,1409393.8882678421
2022-12-27,899542.0770848809,1230653.9026753113,1438142.1365344385,1475489.5061940043,1286773.208643239,1247354.6528039717,1421811.5399363495
2022-12-28,884467.0441806937,1211844.9561257912,1416162.0018126576,1452938.565433121,1267106.5513888227,1228290.4569793923,1400080.9971736623
2022-12-29,870738.9640339194,1193035.5445229318,1394181.3236295497,1430387.0670976667,1247439.4078740727,1209225.7897904064,1378349.9171208378
2022-12-30,892311.4664242909,1222592.9241729558,1428722.0771491523,1465824.815606322,1278344.6397745009,1239184.2817360316,1412498.4485522385
2023-01-03,874661.1296112203,1220759.0347866963,1400461.2883743485,1436830.1173670564,1253058.3868188828,1237325.5053134277,1384558.5707147482
2023-01-04,881525.1988296501,1228496.4283601118,1411451.674131408,1448105.9144121541,1262892.000330074,1245167.9002007267,1395424.1568767633
2023-01-05,880202.9110314056,1254460.291978847,1441282.2360488754,1478711.151512819,1289582.802928118,1271484.10983464,1424915.982545154
2023-01-06,871225.4592387876,1243528.1761446088,1428722.0422706716,1476493.08478555,1278344.6085670886,1260403.6382892402,1412498.4140698148
2023-01-09,896117.5239201663,1279057.422294915,1469542.522332154,1516403.841008525,1314868.6062810053,1296415.0387324193,1452855.3635970827
2023-01-10,930583.666349499,1328252.058171759,1526063.5260271707,1574727.2074972752,1365440.5987376296,1346277.276864994,1508734.5519337882
2023-01-11,932498.4162874495,1326259.6800845012,1529203.5231573929,1577967.334024181,1368250.1014145506,1349047.34948238,1511838.8933209858
2023-01-12,933455.7030807423,1325632.7462814013,1530773.3771232618,1579587.2480773572,1369654.7233732883,1350432.2582271344,1513390.9210573165
2023-01-13,932055.5195261212,1378658.1063152861,1592004.3701565433,1642770.7977966813,1367600.2412882284,1404449.5996776489,1573926.615189937
2023-01-16,932055.5195261212,1375938.7134826116,1589616.3636013085,1639530.4446498123,1362858.3724531704,1401679.33331667,1570822.05667982
2023-01-17,932055.5195261212,1370500.4554573293,1580962.1231801738,1633050.3670773571,1357471.8131473728,1396139.3381057002,1564613.5420328209
2023-01-30,932055.5195261212,1473831.7260893676,1700161.5180864816,1756177.0459225026,1459820.7665834285,1501403.696983782,1682580.3071678213
2023-01-31,932055.5195261212,1471620.9785002335,1684477.5728350924,1739976.35890131,1446353.958438221,1487553.2874002093,1667058.5481243706
2023-02-01,932055.5195261212,1455734.9833108506,1668793.2535988064,1723775.2855734725,1432886.8291759235,1473702.5475525402,1651536.4189633657
2023-02-02,941155.6732501406,1472153.0202908574,1687614.1994877742,1743216.3285574096,1449047.180626756,1490323.2259044605,1670162.739214803
2023-02-03,944654.5257843327,1477625.915447485,1693888.0959179208,1749696.93218354,1454434.1772142507,1495863.6708530777,1676371.7578699577
2023-02-06,930659.5486707913,1455735.0121546718,1668793.2866641476,1723775.3197282236,1432886.857567033,1473702.5767523693,1651536.4516867816
2023-02-07,916664.7247563421,1433844.3484954415,1643698.752116218,1697853.9910295336,1411339.7737922845,1451541.7252429468,1626701.4173687412
2023-02-08,941155.6732501406,1431693.5819726982,1687614.1994877742,1743216.3285574096,1449047.180626756,1490323.2259044605,1670162.739214803
2023-02-09,939743.9397402654,1434863.5675951815,1693887.8582219295,1749696.686656136,1454433.9731197923,1495863.4609449976,1676371.5226319584
2023-02-10,939743.9397402654,1445492.4754742915,1706435.5166956605,1762657.7550941764,1465207.8509055718,1506944.2321661655,1688789.4269453846
2023-02-13,939743.9397402654,1445492.0711807776,1706435.0394183153,1762657.2620918883,1465207.4410978137,1506943.8106850516,1688788.9546035198
2023-02-14,939743.9397402654,1445492.4754742915,1706435.5166956605,1762657.7550941764,1465207.8509055718,1506944.2321661655,1688789.4269453846
2023-02-15,939743.9397402654,1397663.482724292,1649972.343527223,1704334.2795870018,1416726.5084792054,1457081.9008307639,1632910.1341589289
2023-02-16,939743.9397402654,1395566.9875002056,1656246.0032105064,1701777.7781676212,1422113.3017871978,1462622.1367094708,1639118.9185153975
2023-02-17,931227.6688566664,1382919.8971608472,1643698.4081075857,1686355.7042071654,1411339.4784139104,1451541.4214507325,1626701.07691747
2023-02-20,913456.2245976721,1356528.4091402835,1612330.2522685889,1654173.4813196626,1384405.6342961283,1423840.3679665672,1595657.2962381672
2023-02-21,915233.453368456,1359167.683198733,1615467.2167285979,1657391.8563481583,1387099.1465383708,1426610.6047866931,1598761.821642693
2023-02-22,899239.0813335376,1335415.2367568885,1587235.7490309577,1628427.724999471,1362858.5774055454,1401679.5441071047,1570822.2929066487
2023-02-23,909901.8443790328,1351249.97585182,1606056.4598303128,1647736.8712863906,1379018.7269998514,1418300.0148526242,1589448.380499513
2023-02-24,908536.9916124643,1349223.1008880422,1603647.3751405673,1686356.0563234112,1411339.7731059243,1451541.7245370355,1626701.4165776467
2023-03-01,908536.9916124643,1295782.3898895986,1540129.2988032345,1621991.3557279392,1357471.871606822,1396139.398230364,1564613.6094128173
2023-03-02,908536.9916124643,1334347.2584315334,1585966.381024262,1670264.8034131883,1397872.7326513617,1437691.0760267857,1611179.389775883
2023-03-03,908536.9916124643,1347202.2411630512,1601245.4399888671,1686355.9858765728,1411339.7141477792,1451541.6638994704,1626701.3486228567
2023-03-06,908536.9916124643,1336918.533323115,1589022.5236502928,1673483.388323654,1400566.420547358,1440461.4935041552,1614284.1176378296
2023-03-07,908920.4580168214,1339489.0310275683,1592077.742534285,1676701.0003926812,1403259.294255977,1443231.0736020554,1617387.907072485
2023-03-08,908920.7969393868,1337479.797481027,1592078.336195774,1676701.6256088915,1403259.817509949,1443231.6117608936,1617388.5101717482
2023-03-09,915898.9423292461,1345729.5659138747,1604301.3529200358,1689574.32888327,1414033.1995904394,1454311.8731566293,1629805.8431383513
2023-03-10,898453.0774703908,1320096.3709635742,1573742.9328778163,1657391.6457853648,1387098.970314824,1426610.4235434264,1598761.6185285326
2023-03-13,894964.0530058658,1314969.950175089,1567631.5089967344,1650955.3831196218,1381712.35373628,1421070.3694282982,1592553.0378693233
2023-03-14,893621.606926357,1309843.4441561713,1561519.9835088348,1644519.013446383,1376325.6476013612,1415530.2232057857,1586344.3539879953
2023-03-15,899267.7672583977,1320096.5938212953,1573743.1985559678,1657391.925585032,1387099.204483876,1426610.6643827735,1598761.8884303207
2023-03-16,886577.085311359,1318116.4489305634,1551534.1579049532,1634002.4140791162,1367524.128545413,1406477.993266215,1576199.7780402505
2023-03-17,905888.499191685,1344810.4335914543,1585329.6605963442,1669594.2395644905,1397311.5264775376,1437113.8839197564,1610532.5470415195
2023-03-20,907644.2698157845,1347416.9118240285,1588402.3072300882,1672830.205715522,1400019.7610263743,1439899.2624107332,1613654.0412847677
2023-03-21,904133.0616029376,1342204.4497568295,1582257.596783579,1670320.9604069486,1394603.8056278334,1434329.0337606093,1607411.6448846862
2023-03-22,902776.8620105332,1365660.2459609506,1609908.4600624945,1696965.3337110835,1418975.310770902,1459394.7601569404,1635502.0896491758
2023-03-23,902776.8620105332,1376085.3661204444,1622198.1120396797,1709919.5568150776,1429807.4252458552,1470535.4269368143,1647987.1172071819
2023-03-24,915082.7388363724,1374021.2380712638,1646776.9856512642,1735827.549409207,1451471.2748910973,1492816.3703874215,1672956.7351390047
2023-03-27,909960.8272777156,1364284.124515536,1637559.6266963102,1726111.7556215767,1443347.0832913555,1484460.7615468896,1663592.842591171
2023-03-28,896303.0457315814,1343807.314986014,1612981.1712510393,1700204.2038063833,1421683.6022184202,1462180.197167355,1638623.6494734893
2023-03-29,909960.9292640494,1364284.2774213885,1610561.6994941628,1726111.9490802449,1443347.2450584043,1484460.9279218654,1663593.029042862
2023-03-30,915082.7596550734,1371963.324344584,1617201.148370619,1735827.5889003624,1451471.307912971,1492816.4043499217,1672956.7731998102
2023-03-31,913710.1355155908,1377082.230583336,1623235.0567855292,1742304.1021690131,1456886.864875468,1498386.2232145686,1679198.7103649934
2023-04-06,913710.1355155908,1375016.607237461,1599097.9772965435,1716396.497209249,1435223.3393638916,1476105.6131305604,1654229.4660276112
2023-04-07,913710.1355155908,1385909.4422967117,1614183.6263570203,1732588.7228096502,1448763.0198140247,1490030.9707834632,1669835.2172350402
2023-04-10,908931.0377327416,1380728.5294475255,1608149.3614653114,1726111.8269155836,1443347.1429062653,1484460.8228599273,1663592.911302944
2023-04-11,890172.5120536509,1352233.0435412447,1574960.3626958246,1690488.3178857393,1413559.3335785237,1453824.5090921829,1629259.6681296537
2023-04-12,891877.8978497544,1354823.641424521,1577977.6599001284,1693726.9426767365,1416267.419906502,1456609.7351402363,1632380.9915344648
2023-04-13,878235.4831610296,1334099.8786864125,1553840.4706528087,1667819.2199075436,1394603.7958845622,1434329.0237398015,1607411.6336546529
2023-04-14,879940.8472969966,1332098.7288683828,1556857.7295343648,1671057.8035647075,1397311.8478170857,1437114.2144126475,1610532.9174154778
2023-04-17,878620.9360260512,1337836.5365899862,1565908.997109305,1680773.0081247156,1405435.5467141003,1434958.5430910285,1619896.2420772223
2023-04-18,875614.6683909609,1335258.9167711213,1562891.9483480447,1677534.6500007864,1402727.6833688659,1430048.7244776657,1616775.17568093
2023-04-19,873924.3038740775,1332681.2140723877,1559874.802577674,1674296.1877518448,1400019.7329559587,1427288.0310944524,1613654.0089309816
2023-04-20,865472.3416597418,1319792.487651618,1544788.8244992106,1658103.6089990244,1386479.7572054125,1413484.3361356244,1598047.917362139
2023-04-21,878995.4401918885,1340414.3873858978,1568926.316224249,1684011.6564335627,1408143.6527073288,1435570.1810911675,1623017.5881480784
2023-04-24,853639.8224066108,1338403.765804819,1523668.8618752693,1681485.6389489125,1367524.1561636182,1394159.5353115452,1576199.8098728212
2023-04-25,852359.3626730009,1333752.6225996919,1520651.4569887875,1675642.2375001628,1364815.9731886694,1391398.6048366604,1573078.3750733146
2023-04-26,840950.9915697783,1317874.9135189275,1502548.8035895033,1655694.4904294873,1348568.4692633676,1374834.6469567376,1554351.6034235826
2023-04-27,829130.3036110349,1299350.4236526585,1481428.475855707,1632421.4957810785,1346545.6165594726,1355509.5120565356,1532503.1182366572
2023-04-28,841795.2187659037,1319197.9226529167,1504057.2060721833,1657356.6352290155,1365066.4196426019,1376214.8377297693,1555912.0105211495
2023-05-02,844328.1946964327,1323167.4113256873,1508582.9394289306,1662343.6491389922,1369173.9273920483,1380355.8912562039,1560593.775854111
2023-05-03,837573.6347140993,1321182.6602086988,1506320.0650197873,1649045.0290527623,1358220.642310598,1369313.1513322939,1548109.1468516975
2023-05-04,836317.2742620282,1321863.3092507788,1507096.0934526457,1652369.4286459938,1360958.753199789,1372073.624213929,1551230.0643084075
2023-05-05,840105.3810652421,1329842.4773473383,1516193.3828494917,1662343.6319819314,1369173.9132607945,1380355.8770095408,1560593.7597472114
2023-05-08,855227.3130214822,1353779.697496393,1543484.9270827633,1692265.886805303,1393819.10089944,1405202.3404628125,1588684.5126195557
2023-05-09,851866.8887887888,1348460.3232996983,1537420.1486632796,1685616.5069181127,1388342.4008322898,1399680.9125046176,1582442.1325493376
2023-05-10,853547.0934855994,1351119.9986533115,1540452.524482497,1688941.1821804321,1391080.7387737683,1402441.614292863,1585563.3088017926
2023-05-11,850186.6918902732,1349093.3186553316,1534387.7869181572,1682291.8470865309,1385604.0756001954,1396920.223529553,1579320.9707831254
2023-05-12,848911.4118524379,1320450.764456046,1504063.969066188,1649045.0290527623,1358220.642310598,1369313.1513322939,1548109.1468516975
2023-05-15,849348.7051970344,1323112.654754863,1507096.0043346188,1652369.3309376235,1360958.6727231962,1372073.5430800884,1551229.9725806382
2023-05-16,859602.5803729519,1339086.1082051578,1525290.6212357963,1672317.779390274,1377389.027257555,1388638.0833647037,1569957.4026816753
2023-05-17,868147.2412908188,1352396.9532348164,1540452.3848894231,1688941.0291315797,1391080.6127165006,1402441.4872060928,1585563.1651208594
2023-05-18,910871.1217342832,1418952.0754468034,1616262.2249610317,1772058.398136162,1459539.4627343302,1471459.4366719665,1663593.029042862
2023-05-19,914289.0977762063,1416823.6473336332,1622327.128579739,1778707.9152908896,1465016.2758606144,1476980.9786126427,1669835.5379786515
2023-05-22,912917.6641295421,1406768.4185878853,1613229.6572403086,1768733.512474398,1456800.951499301,1468698.5601748917,1660471.6552692363
2023-05-23,908123.5594297535,1401479.972585148,1607165.0642201628,1762084.335857722,1451324.4188540245,1463177.3010058952,1654229.4660276112
2023-05-24,902983.3045171538,1393547.170667186,1598068.0222692813,1759441.2093539354,1443109.4822450955,1454895.2734872804,1644866.0252810074
2023-05-25,928684.7956325852,1433211.5144558998,1643553.615270551,1806809.7308584382,1484184.511374621,1496305.759991692,1691683.6234839337
2023-05-26,973234.3999838203,1501963.5885944166,1722395.934682565,1893483.5506800239,1555381.7928170636,1568084.5054924167,1772834.770211105
2023-05-29,983515.0624548502,1499710.643211525,1740590.288731538,1913485.1713371978,1571811.9099869905,1584648.8064740582,1791561.929762544
2023-05-30,982039.7898611679,1476593.835796378,1716331.1602646688,1886816.355079038,1549905.0963634825,1562563.0811773026,1766592.3942596575
2023-05-31,970174.1428590303,1460940.7923644278,1698136.714680557,1866814.6337944323,1533474.896534229,1545998.6968612603,1747865.1404925543
2023-06-01,952849.4870101714,1434852.3868657148,1695589.509608536,1833478.4319360806,1506091.230384326,1518391.389901939,1716653.051145363
2023-06-02,968441.7241630844,1458332.0224224632,1720754.6629490235,1863481.1038325636,1530736.6040327502,1543238.0408841204,1744744.0160329207
2023-06-05,970174.3985972607,1460941.1774689122,1723833.327919348,1866815.1258873977,1533475.3007587276,1545999.104387037,1747865.6012303932
2023-06-06,959779.437370179,1458749.7657027089,1705363.2666277064,1846813.0820489014,1517044.8359710337,1529434.452948654,1729138.0454618533
2023-06-07,958339.7682141237,1474969.2736973518,1726911.3014613905,1870148.399164056,1536213.3824088883,1548759.5477908482,1750986.4853602569
2023-06-08,958339.7682141237,1477597.9062003805,1729988.9351842206,1873481.3044355041,1538951.1617651086,1551519.686431902,1754107.0249334269
2023-06-09,958339.7682141237,1474968.9813823926,1726910.9592156124,1870148.028531011,1536213.077956341,1548759.2408518547,1750986.1383431682
2023-06-12,958339.7682141237,1509148.1665021675,1766928.349483087,1913484.6250800688,1571811.4612699198,1584648.3540923411,1791561.418311768
2023-06-13,958339.7682141237,1559102.8976695659,1825415.9338367572,1976823.4092767017,1623840.4275016205,1637102.237866403,1850864.388694775
2023-06-14,958339.7682141237,1556764.2433230616,1816180.9683219215,1966822.4578906693,1615625.2530465284,1628819.970559149,1841500.676849493
2023-06-15,958339.7682141237,1561711.3319096926,1824685.3605540567,1976032.2392531119,1623190.5293552794,1636447.0320396845,1850123.6303573367
2023-06-16,958339.7682141237,1561710.9451477516,1824684.908665902,1976031.7498835025,1623190.1273678525,1636446.6267692496,1850123.172169327
2023-06-19,958339.7682141237,1543182.5415818063,1803036.537388557,1952587.774009018,1603932.3243553468,1617031.5463991484,1828172.9970186902
2023-06-20,958339.7682141237,1532594.668226185,1790665.789276114,1939190.9453708772,1592927.6428846412,1605936.9903346603,1815629.7860614434
2023-06-21,961862.5435504614,1540535.6981812806,1799943.9963369963,1949238.7249339258,1601181.283844444,1614258.0383003326,1825037.342291014
2023-06-26,951946.2291781561,1538224.8946340086,1781387.4877798203,1946314.8668465249,1584673.9179176618,1597615.8576757296,1806222.1340799204
2023-06-27,942030.1997810086,1519921.9603832946,1762831.5124998032,1923156.1771364908,1568167.0263797538,1580974.155314307,1787407.466580499
2023-06-28,956904.2824551258,1543920.6017243078,1790665.5476120072,1953521.6409832092,1592927.4279068164,1605936.773601124,1815629.5410282535
2023-06-29,955251.7979585851,1541254.3947639905,1787573.23513084,1950148.0912096633,1590176.5907259264,1603163.4704929057,1812494.1180575122
2023-06-30,953818.9202616472,1519921.7122700037,1762831.2247337606,1923155.86319892,1568166.7703908992,1580973.8972348063,1787407.1748026577
2023-07-03,965757.5827262431,1541254.531048628,1787573.3931960957,1950148.2636505184,1590176.7313364842,1603163.6122518217,1812494.2783263845
2023-07-04,977453.3709927835,1538942.649252055,1784892.0331063017,1973765.4959539208,1609434.5354570476,1622578.69373903,1834444.4547399932
2023-07-05,984136.9863456363,1547144.8898638403,1794405.1321998332,1987261.6787521755,1620439.5017191896,1633673.5369208294,1846987.99030446
2023-07-06,957403.0780453633,1505116.970796962,1745660.4320987826,1933278.0644530288,1576420.5474006832,1589295.0823615722,1796814.8861029244
2023-07-07,944036.1938841714,1484103.1212919434,1721288.2096611033,1906286.398631695,1554411.185482349,1567105.9712640285,1771728.4653545413
2023-07-10,942620.1395933452,1489356.5836681982,1727381.2652705233,1913034.3150870285,1559913.5259619327,1572653.2490384146,1778000.0705416373
2023-07-11,952828.2482398824,1507743.8052312017,1748707.0796501013,1936652.1552972614,1579171.8257777798,1592068.8302692212,1799950.8119521094
2023-07-12,952828.3684468556,1505482.1895233549,1748707.300263612,1936652.3996215605,1579172.0250030502,1592069.0311215527,1799951.0390304306
2023-07-13,974407.8821696505,1537272.2156242873,1788311.7604506044,1980513.412179404,1614936.8757492085,1628125.9713244624,1840716.059713463
2023-07-14,977727.927119388,1542510.076431089,1794404.9741216803,1987261.5036843214,1620439.358966542,1625683.7823674758,1846987.8275940192
2023-07-17,976067.9476166385,1539891.2138225473,1791358.4461520337,1983887.5452739913,1617688.188577804,1620492.9685812125,1843852.0248307015
2023-07-18,974603.8456952135,1537272.4641192765,1788312.049525309,1980513.7323228724,1614937.136798434,1617737.1469734702,1840716.3572591501
2023-07-19,974603.8456952135,1529415.8757166227,1779172.4649451114,1970391.8563484796,1606683.62502604,1609469.325097967,1831308.9482782686
2023-07-20,966478.8376744684,1527121.7519030478,1766986.4964651882,1956896.1815178213,1595679.0729674064,1598445.693127779,1818765.8848257838
2023-07-21,933151.9282496746,1472253.9166020483,1706055.8308085813,1889416.8956266842,1540655.569231119,1543326.7885447238,1756049.7201818249
2023-07-24,928152.871781287,1464366.7974287497,1696916.194294695,1879294.9621369469,1532402.010559951,1535058.9196891324,1746642.2577454012
2023-07-25,934818.2909853094,1474882.9730179952,1709102.3956554271,1876476.0196937413,1543406.7729218518,1546082.7623272156,1759185.5609029836
2023-07-26,948148.9904868806,1495915.1050407477,1733474.544418032,1900384.3739129656,1541091.6627624691,1568130.2178679279,1784271.9058173336
2023-07-27,946726.7670011503,1498544.197184059,1736521.1506659419,1903724.3265679595,1541487.921468428,1570886.2291025184,1787407.7891527638
2023-07-28,943650.339071661,1496296.380888283,1733474.570480777,1900384.4024851955,1538783.5106667422,1568130.241444725,1784271.9326438154
2023-07-31,953600.8204535362,1509809.6179581294,1751753.4877082026,1920423.328803961,1555009.47492453,1584665.6572929318,1803086.4912900203
2023-08-01,937016.5932785387,1483552.2729997796,1721288.457507274,1887024.9339264245,1527966.0518922836,1557106.4787632157,1771728.7204635427
2023-08-02,940333.2727566789,1488803.4792365767,1718706.5248210132,1893704.2786872191,1533374.465877648,1562618.0386869553,1777999.9608344655
2023-08-04,922090.4811132618,1459920.175352109,1682838.7639650383,1856965.7588547112,1503626.4693930226,1532302.706746779,1743506.1449000165
2023-08-07,920707.3453915919,1465171.9471757016,1688892.4409765978,1863645.8230214915,1509035.4658974116,1537814.860298987,1749778.0607216046
2023-08-08,919328.3747521664,1462974.1892549382,1688892.4811903394,1863645.8673962366,1509035.5018286293,1537814.896915463,1749778.1023850765
2023-08-09,906147.8570067434,1439839.5988907146,1664678.633418653,1836926.5600181494,1487400.2844715153,1515767.06602649,1724691.330386707
2023-08-10,909443.0031826985,1445075.4794499269,1670732.1261137892,1843606.4207968847,1492809.1162880808,1521279.0517500504,1730963.0552471504
2023-08-11,916033.0973938532,1455546.9257291078,1682838.747500903,1856965.740686996,1503626.4546822195,1532302.6917554205,1743506.127842339
2023-08-14,889672.2552295007,1413660.4012343967,1634411.4071164378,1803527.5178387957,1460356.3373045928,1488207.3533661242,1693332.9518082065
2023-08-15,888337.7468466564,1421514.7684426021,1643492.2778471753,1813548.006057069,1468470.1494464653,1496475.9071327022,1702741.19355965
2023-08-16,883740.1743499687,1419382.4962899382,1637438.8992915684,1806868.271228129,1463061.4196142498,1490964.0253384747,1696469.5869535368
2023-08-17,882106.4622215735,1414636.6226225076,1634411.874078817,1803528.03311879,1460356.754538263,1488207.7785570177,1693333.4356048692
2023-08-18,882106.5495088297,1414636.7626053267,1634412.0358091004,1803528.2115836584,1460356.8990452355,1488207.925819938,1693333.6031656296
2023-08-21,888640.5906221014,1425115.4227766583,1646518.6406676057,1816887.5132349099,1471174.222670964,1499231.5507752441,1705876.658636343
2023-08-22,888640.3302734104,1425115.0052547278,1646518.1582802632,1816886.9809338974,1471173.791654997,1499231.1115392065,1705876.1588586376
2023-08-23,887307.3697780003,1430354.986279813,1652572.212777644,1823567.46164578,1476583.125445218,1504743.608809754,1712148.4657746446
2023-08-24,913563.7672586598,1428209.4538003935,1704025.8460774142,1820832.1104533111,1522557.2535866972,1551594.5271897353,1765457.0344602217
2023-08-25,890846.2271181978,1390608.3350707965,1661651.9287374022,1772894.2367824465,1484695.9057923355,1513011.1111038234,1721555.5111248994
2023-08-28,887601.2400004886,1385542.9197435284,1655599.2128603735,1766436.310841591,1479287.7680673806,1507499.8327091613,1715284.591087338
2023-08-29,894091.7575060088,1395674.598441093,1667705.6579496006,1779353.243898036,1490104.9489383062,1518523.312187133,1727827.4810289915
2023-08-30,905450.6015677437,1413405.7205452025,1688892.7546323426,1801958.7492709497,1509035.7461506897,1537815.145897083,1749778.3856848334
2023-08-31,904092.4256653921,1400740.8311118302,1673759.350478586,1785812.2118745884,1495513.9593076077,1524035.479868677,1734099.4129274185
2023-09-01,904092.4256653921,1398639.7198651624,1671248.711452868,1753518.399285001,1468469.767759441,1496475.5181663781,1702740.7509805348
2023-09-04,912713.2445093285,1411976.209930343,1687184.6179770196,1772894.132521711,1484695.8184800276,1513011.0221263492,1721555.4098833022
2023-09-05,919363.4982814994,1422264.2167855005,1699477.8611588718,1785811.8763622758,1495513.6783355414,1524035.1935380844,1734099.08713073
2023-09-06,924350.8669773107,1429979.724357019,1708697.198994028,1795499.5594880746,1503626.5500314813,1532302.7889231245,1743506.2384030581
2023-09-07,907726.0586460422,1404260.9852025078,1677965.618114634,1763206.8045378064,1476583.2441947882,1504743.7298240429,1712148.603468819
2023-09-08,889438.4425167452,1375969.8663146829,1644160.2747404336,1727684.1389815833,1446835.075905928,1474428.222803087,1677654.5883215035
2023-09-11,888104.28485297,1373905.9115152108,1656452.9827199276,1740601.32043134,1457652.4647918188,1485451.914263157,1690197.7194635996
2023-09-12,881838.4155022474,1364212.5510748145,1647233.3085166442,1730913.283849806,1449539.297097239,1477184.0172343731,1680790.2249707591
2023-09-13,896645.1476446723,1387118.7087948709,1674891.598228819,1759976.6234652982,1473878.1552425984,1501987.0510824772,1709011.9606212454
2023-09-14,899990.9004697786,1392294.6207494487,1681141.309512308,1766543.8220672733,1479377.8024717378,1507591.584194191,1715388.9890481643
2023-09-15,908263.0490926687,1405091.71461304,1696593.299928108,1782780.7785046785,1492975.3100077175,1521448.415013884,1731155.7625300616
2023-09-18,906608.5255379523,1402532.150684191,1693502.7265745963,1779533.2030430562,1490255.6542653798,1518676.8916733263,1728002.228992778
2023-09-19,905248.6127496454,1400428.3524581646,1665689.1482279778,1750306.686081162,1465780.1445741497,1493734.600145286,1699622.0412168568
2023-09-20,898862.1649636279,1390548.4560130695,1656418.7674466094,1740565.3670112686,1457622.355891653,1485421.2311446033,1690162.8071675452
2023-09-21,888800.0963676517,1374982.3386529083,1637876.437030038,1721081.0803193746,1441305.3979600621,1468793.086247325,1671242.7382548929
2023-09-22,877061.4098290615,1356822.477132295,1616244.4433322274,1718499.4586988955,1422269.5851353607,1449394.2341320189,1649170.0644169343
2023-09-25,875384.4677094817,1354228.231466944,1613154.1826592733,1712644.7192755702,1419550.2045469757,1446622.9911929804,1646016.849930038
2023-09-26,873707.3527275563,1351633.7183818738,1610063.6034364402,1709363.530011465,1416830.5436397283,1443851.4625890106,1642863.3104038653
2023-09-27,872396.7916984649,1349606.2678043009,1597702.4420702897,1696239.9997467068,1405952.916854649,1432766.384409663,1630250.33136435
2023-09-28,872396.7916984649,1363224.2497221339,1616244.533665796,1715925.66624823,1422269.6646274747,1449394.3151401575,1649170.15659075
2023-10-02,872396.7916984649,1381470.0080570625,1637876.7832222623,1738892.0747708543,1441305.702603752,1468793.3967009916,1671243.0914996357
2023-10-03,872396.7916984649,1376256.9424166896,1635419.9680474289,1732330.2540476858,1435866.8431339872,1463250.8106553361,1664936.5485517648
2023-10-04,872396.7916984649,1358010.8429589535,1611320.963084895,1709363.4161449496,1416830.4492598292,1443851.3664091565,1642863.2009671554
2023-10-05,872396.7916984649,1363224.0482206366,1617506.588896771,1715925.412613077,1422269.4543983305,1449394.1009016528,1649169.9128228915
2023-10-06,882749.2484763324,1361179.2121483055,1639156.0794930514,1738892.1883525336,1441305.7967475601,1468793.4926402525,1671243.2006625903
2023-10-11,902735.8083874183,1389913.162042058,1676268.6471253156,1778262.9076835497,1473938.7836423237,1502048.8357496774,1709082.2613173479
2023-10-12,907732.581022374,1397606.531451501,1685547.0353613514,1788105.8488323477,1482097.2469615755,1510362.8922533714,1718542.2776309734
2023-10-13,916060.5485412893,1410428.834012287,1701011.0401305573,1804510.776605995,1495694.7072605859,1508097.3479149914,1734308.9963399945
2023-10-16,909398.3278432497,1400171.2280210329,1688640.1210060546,1791387.1364002423,1484816.9893493326,1494887.0988448067,1721695.9116365744
2023-10-17,908034.2303514847,1410428.3572232926,1701010.4651115814,1804510.1665994083,1495694.2016478542,1505838.080988122,1734308.4100647976
2023-10-18,905025.9273021239,1408312.7146874575,1697918.1068997157,1801229.6507257372,1492975.0988899518,1503100.53712758,1731155.517731816
2023-10-19,890189.5143417888,1383151.015314239,1670083.529517067,1771701.4503412128,1468500.2253659868,1478459.6736815965,1702776.0676135237
2023-10-20,905025.8563335245,1406203.2993041172,1697917.9737556076,1801229.5094803413,1492974.9818166741,1503100.4192603051,1731155.3819813598
2023-10-23,909971.2989225164,1413887.386600068,1707196.112939436,1811072.1864230984,1501133.2261449494,1511313.993244872,1740615.1443674834
2023-10-24,895134.8103531277,1390834.8748620236,1679361.393706728,1781543.8355575048,1476658.2278925865,1486673.0042245754,1712235.5496223618
2023-10-25,893792.1081375979,1393396.2650551395,1682454.14028814,1784824.7634314594,1474443.2405507476,1489410.8918934972,1715388.8379273752
2023-10-26,869485.9316156779,1391306.1706575567,1639155.7919774079,1782147.5262863121,1434346.5812156652,1451080.5564443788,1671242.9075187158
2023-10-27,876048.186031014,1399707.1881245386,1651526.960897116,1792908.5311699416,1445171.9975259835,1462032.268763451,1683856.2469071802
2023-10-30,871126.6239089769,1391843.7555087751,1642248.8268128496,1782836.127783936,1437053.1475856898,1453818.6992933268,1674396.4897204442
2023-10-31,877688.7440271667,1402328.3919080358,1654619.7425554367,1796266.0752800521,1447878.3423528576,1464770.187484589,1687009.5709757465
2023-11-01,874407.5632655992,1397085.8808558648,1648434.057135715,1789550.8545039238,1442465.5458525626,1459294.241949228,1680702.7983453178
2023-11-02,873095.9519207008,1404949.520033137,1657712.4349437428,1799623.522478048,1450584.6090638256,1467508.0271784724,1690162.804026803
2023-11-03,889679.4377809796,1402842.0957530872,1655225.8662913272,1836556.0763782775,1480354.0545016818,1497624.7813972423,1724848.9637042054
2023-11-06,899438.2048048909,1416105.5126066674,1670875.4898076965,1856700.9983744812,1496591.847258606,1514052.01429738,1743768.5862934461
2023-11-07,897811.6608846133,1413544.6276012305,1667853.8788121117,1853343.340555916,1493885.4107771541,1511314.0028523651,1740615.1554326548
2023-11-08,894558.7673784391,1408423.1635568885,1661811.0178335744,1846628.4260812416,1488472.8611708176,1505838.3070913802,1734308.6704731293
2023-11-09,896185.1821382733,1410983.8452078148,1664832.3888893635,1849985.8172752373,1491179.0827398212,1508576.1011166454,1737461.850926586
2023-11-10,894840.9043650659,1421226.922124024,1676918.2864493588,1863415.84135709,1502004.33923884,1519527.6517599605,1750075.004109356
2023-11-13,894840.9043650659,1419095.081740838,1749433.5609575338,1943995.862668088,1566955.7789437487,1585236.8551722781,1825753.8075181933
2023-11-14,894840.9043650659,1409628.0460438158,1740369.4226779127,1933923.6611810017,1558837.0917438623,1577023.4503411916,1816294.2399500303
2023-11-15,904359.1804567626,1426758.9616633074,1761519.7692606964,1957426.23205224,1577781.3137733152,1596188.6873933175,1838367.2850005156
2023-11-16,901256.640347357,1421864.2505787378,1755476.6109053162,1950710.987128119,1572368.4978085568,1590712.7221664086,1832060.4896908775
2023-11-17,898154.2693665851,1416969.8063193397,1749433.7819803637,1943996.1082718514,1566955.9769123986,1585237.0554505528,1825754.0381832966
2023-11-20,893500.583065609,1409627.9351047035,1740369.2857091292,1933923.5089793094,1558836.9690618515,1577023.3262278966,1816294.097005889
2023-11-21,902807.7499024249,1407513.4932020465,1758497.8774602278,1954068.2621992289,1575074.625776833,1593450.421498942,1835213.5610845336
2023-11-22,901453.5382775712,1390916.871491058,1740369.2857091292,1933923.5089793094,1558836.9690618515,1577023.3262278966,1816294.097005889
2023-11-23,901453.5382775712,1386087.3694832257,1734326.4249659907,1927208.5947662136,1553424.4196663601,1571547.630680217,1809987.612292032
2023-11-24,904807.91983633,1393331.9804120837,1743391.163920506,1924317.7818740641,1561543.6448866762,1579761.5798086126,1819447.806739946
2023-11-27,898535.3008656683,1383672.647838665,1731305.031329989,1908115.1951001256,1550718.177872413,1568809.8161940516,1806834.4082732855
2023-11-28,885990.4241031655,1364354.5388783836,1707133.462071206,1881475.0954311101,1529067.867176728,1546906.9195699585,1781608.337622304
2023-11-29,906375.695378673,1362308.007070066,1746411.9664219096,1924764.9315004994,1564249.3572053718,1582498.85864234,1822600.3938354396
2023-11-30,903239.5860079734,1355561.0055105267,1740369.2857091292,1918105.1397950843,1558836.9690618515,1577023.3262278966,1816294.097005889
2023-12-01,901884.7266289615,1348500.928807143,1731305.0380659977,1908115.2025240518,1550718.1839058104,1568809.8222978383,1806834.4153031572
2023-12-04,914678.2043602463,1369681.2223097503,1728708.0805088987,1938085.1040368346,1575074.6122725368,1593450.4078370966,1835213.5453498713
2023-12-05,897390.588141357,1343793.9504794658,1693494.880957402,1901454.8757025218,1545305.3608753982,1563333.8499228433,1800527.6117609036
2023-12-06,892675.7514260783,1336733.7370793985,1684597.3596914262,1891464.7450070619,1537186.4185240387,1555120.1869635289,1791067.7469005133
2023-12-07,895819.0935044597,1334728.6364737793,1690529.2624650695,1898125.0813198357,1542599.24926795,1560596.1671420133,1797374.5594302255
2023-12-08,902105.4248566355,1342081.8539895709,1702392.4022233782,1911445.006397982,1553424.3032267576,1571547.512882158,1809987.4766212937
2023-12-11,900752.2667193506,1337405.4374706382,1696460.5017749837,1904784.6726959955,1548011.4746046239,1566071.5348502048,1803680.6665637912
2023-12-12,911982.4135928735,1356110.685820258,1720187.5736949514,1931425.412562219,1569662.3055862172,1587974.957830184,1828907.343430973
2023-12-13,905692.8336645594,1346758.1298685432,1708324.12427401,1918105.1397950843,1558836.9690618515,1577023.3262278966,1816294.097005889
2023-12-14,918329.5407410176,1365548.8140358538,1732159.5690823246,1944867.5606650459,1580586.6897461647,1599026.7926190908,1841635.9961746132
2023-12-15,924651.9767745307,1363500.4908148001,1744084.991917491,1958257.4171386138,1591468.576691976,1610035.6343950508,1854315.1328747503
2023-12-18,915168.3667563305,1347494.6284535066,1726196.9407183372,1938172.7256807818,1575145.8220592379,1593522.4484012555,1835296.516127317
2023-12-19,913795.6142061959,1368440.1408128876,1753029.017517068,1968299.7628675299,1599629.9540083453,1618292.2273919487,1863824.441248467
2023-12-20,913795.6142061959,1366112.8616618451,1750047.6756505421,1964952.3142912243,1596909.4949028885,1615540.029726316,1860654.6717905614
2023-12-21,913795.6142061959,1342839.7572027645,1720233.8560849752,1931477.378397581,1569704.5380288553,1588017.6829826443,1828956.5509733832
2023-12-22,920333.8050300786,1354476.4226103388,1735140.9108535505,1948215.009134349,1583307.1487646608,1601778.9901967484,1844805.7655311963
2023-12-25,920333.9295781971,1352444.7079764232,1735141.1456689343,1945292.6866206473,1583307.3630324895,1601779.2069643585,1844806.0151874465
2023-12-26,921915.2405693417,1352739.3594907273,1738122.4524279833,1945716.4994630483,1586027.7901025543,1604531.3722208547,1847975.747319003
2023-12-27,928240.4175176352,1362020.381690139,1750047.5531157856,1959065.884101399,1596909.383090554,1615539.9166095094,1860654.5415113291
2023-12-28,936147.1419088785,1373622.0309719916,1764954.4063543684,1975753.1492942907,1610511.809931279,1629301.037783099,1876503.5418019958
2023-12-29,934742.9211960151,1366661.1085177416,1756010.3806464917,1965740.8867134075,1602350.4325160866,1621044.4446862254,1866994.2333131342
2024-01-02,934742.9211960151,1368981.4160024915,1758991.7225491172,1969078.3075737017,1605070.891654484,1623796.6423851831,1870164.0028094212
2024-01-03,934742.9211960151,1366927.9438784877,1756353.2349652934,1949053.4693578305,1588747.8816417488,1607283.1980319696,1851145.088503494
2024-01-04,934742.9211960151,1355532.204788965,1741710.9538528642,1935703.9012476788,1577866.1390988806,1596274.5023436467,1838466.1200558543
2024-01-05,930124.3738666687,1350857.7972803987,1735704.8503226943,1929028.8338325436,1572425.036849846,1590769.9208271569,1832126.3667062304
2024-01-08,936561.2587304149,1360206.3493156924,1747716.7194800708,1942378.5931239892,1583306.9352318845,1601778.7741727664,1844805.5167313993
2024-01-09,946216.7658214201,1374229.4384928506,1765734.8587322577,1962403.6049472939,1599630.0867586653,1599376.106011507,1863824.5959237972
2024-01-10,934952.125068408,1357869.338465034,1744713.9155750917,1939041.3348833544,1580586.608650979,1577968.698478151,1841635.9016857666
2024-01-11,942998.341447878,1355832.5344573364,1759728.9578522162,1955728.7627535956,1594189.168096221,1591548.7281369497,1857485.0564818797
2024-01-12,941583.8439357062,1342250.3983783675,1744713.9155750917,1939041.3348833544,1580586.608650979,1577968.698478151,1841635.9016857666
2024-01-15,954737.5327465067,1363042.7998443092,1771740.7596122997,1969078.4471409922,1605071.00542111,1602412.541980888,1870164.135365715
2024-01-16,940173.577200737,1342250.3892989652,1744713.9037733001,1939041.3217670713,1580586.5979593957,1577968.6878042764,1841635.8892283645
2024-01-17,943410.1575129309,1346871.1330524478,1750720.1422044807,1945716.5391085832,1586027.8224191433,1583400.9000170594,1847975.784972992
2024-01-18,948264.5845824658,1353801.6156589754,1759728.6770202413,1955728.4506423648,1594188.913682443,1591548.4741445547,1857484.760049185
2024-01-19,1011374.3520185389,1351770.913235487,1876843.741067725,2085887.8699593872,1591797.6303119194,1697470.6563071692,1981105.7758802995
2024-01-22,1009857.2904905111,1367023.046355368,1900867.340953392,2112587.2346948674,1609758.0029754487,1719198.280707901,2006463.9298115673
2024-01-23,1009857.2904905111,1358384.6054206698,1888855.4511075683,2099237.452410681,1599585.6803763998,1708334.3871967236,1993784.7579486708
2024-01-24,1006741.6032105426,1356224.906011857,1885852.354646661,2096088.5962320652,1597042.4947171481,1705618.3016703122,1990614.8340951037
2024-01-25,1017963.2964667208,1371342.1315572402,1906873.097787501,2116278.330163242,1614844.00499113,1724630.0573506474,2012803.3172055427
2024-01-26,1032391.1770673566,1390778.549948162,1933899.7474426855,2146272.939174478,1637731.6440381694,1749073.7250487749,2041331.3457051977
2024-01-29,1035597.4688780231,1388692.3821232398,1939905.849645621,2152938.607674163,1642817.9385309848,1754505.8140528733,2047671.0976538567
2024-01-30,1029184.9391049367,1378026.411441027,1927893.746109568,2139607.3826217344,1632645.4349674103,1743641.727274198,2034991.7002298557
2024-01-31,1027641.1616962793,1360854.7801416975,1903870.2003214597,2112945.6664204584,1612300.9878515697,1721914.1518008308,2009633.6034013627
2024-02-01,1011535.8918407476,1341536.652347888,1901014.3950209776,2082951.1695785278,1589413.4343962634,1697470.5755134374,1981105.681586517
2024-02-02,1024483.4856904054,1358708.2345419922,1901014.3950209776,2109612.8095360533,1609757.823333668,1719198.0888530756,2006463.7058991825
2024-02-05,1043905.0184346463,1384465.7961187356,1934151.4386948873,2149605.5618159627,1640274.6298150374,1751789.5971036896,2044501.0204177187
2024-02-15,1147486.299853725,1382389.0974245574,2126067.255690371,2362899.774130754,1803030.57507356,1925610.5942636637,2247366.254148501
2024-02-16,1128064.8398041935,1356956.4208114871,2090083.0959890564,2322907.1715435362,1772513.88281646,1893019.2080029186,2209329.0820034617
2024-02-19,1126372.7425444871,1312178.7037021318,2021113.1952819463,2246254.3928666306,1714023.3344098306,1830552.1476916969,2136424.22587237
2024-02-20,1126354.376981977,1314125.544527208,2024111.8612941091,2249587.094230554,1716566.380256519,1833268.0839003113,2139593.9754582117
2024-02-21,1131360.6499205506,1319966.3982459842,2033108.3695360306,2259585.7653619144,1724195.9504809184,1841416.3546267701,2149103.7635300374
2024-02-22,1159728.0357846143,1353062.8261173898,2084085.8979007797,2316241.917671497,1767427.9047087615,1887587.4568935523,2202989.7244093106
2024-02-23,1169739.9505843625,1351033.2318782138,2102077.7803088157,2336237.9995284323,1782686.0833943097,1903882.971197219,2222008.1017744695
2024-02-26,1168071.2524234937,1347085.2809921799,2099079.051126101,2332905.2279570955,1780142.983975263,1901166.9777741004,2218838.285413992
2024-02-27,1166319.1455448584,1347085.2809921799,2099079.051126101,2332905.2279570955,1780142.983975263,1901166.9777741004,2218838.285413992
2024-02-29,1166319.1455448584,1329765.842238638,2072091.248959601,2302911.1290061655,1757255.7341340368,1876723.725742156,2190310.742035345
2024-03-01,1166319.1455448584,1341312.0709624048,2090083.0176883913,2322907.084520596,1772513.8164128722,1893019.1370848469,2209328.999235491
2024-03-04,1192976.6555242965,1374027.1910439178,2141060.9507021047,2379563.686554873,1815746.1138069313,1939190.6058481876,2263215.387850258
2024-03-05,1228064.0779496327,1371966.1502573518,2204033.104991797,2375994.3410250405,1869150.219090372,1996225.418420221,2329780.3067741105
2024-03-06,1199659.8569984634,1338226.2406102845,2153055.4366258257,2317562.9909708933,1825918.1461332256,1950054.1893522586,2275894.197906093
2024-03-07,1261480.67901928,1407187.6597673323,2264006.600134473,2436991.5509506464,1920011.2843491742,2050544.3010015045,2393175.4833689462
2024-03-08,1328314.244576831,1481740.8180320729,2383954.2426544125,2566103.9799339273,2021733.968000223,2159182.6569025954,2519966.5260052937
2024-03-11,1326321.7732099658,1431417.5716659075,2302989.8018974285,2478953.324966537,1953071.3413651253,2085851.9640644444,2434382.802604141
2024-03-12,1305366.8251729384,1410915.387455207,2270004.0945200105,2443447.293236716,1925097.5137344461,2055976.3204716875,2399515.1541650733
2024-03-13,1353649.8666613242,1408799.0143740242,2353967.237876281,2533825.771346425,1996303.2172442733,2132022.9826559527,2488268.6658266047
2024-03-14,1343303.5889642516,1395937.3122560892,2350436.2870194665,2514459.1199604147,1981044.9824807215,2115727.4084617887,2469250.2185636777
2024-03-15,1329508.4611155258,1381601.659578925,2350436.2870194665,2488636.7479253677,1960700.5353788792,2093999.8330033713,2443892.1217526323
2024-03-18,1306264.899470596,1357447.3617445095,2350436.2870194665,2445128.3511350937,1926421.9541631665,2057390.8037068988,2401165.987360187
2024-03-19,1304305.5021213903,1364648.697173602,2350436.2870194665,2458099.896050897,1936641.732152987,2068305.3788895288,2413904.309436769
2024-03-20,1304305.5021213903,1375450.7128195697,2350436.2870194665,2477557.235944664,1951971.4168804034,2084677.2606124056,2433011.8146668044
2024-03-21,1304305.5021213903,1373387.5367503404,2350436.2870194665,2506743.1853494463,1974965.8963564464,2109235.032344502,2461673.0131625985
2024-03-22,1304305.5021213903,1397941.1395244119,2350436.2870194665,2555386.4078773633,2013290.0079539104,2150164.629617032,2509441.6513183033
2024-03-25,1304305.5021213903,1389070.7311537368,2350436.2870194665,2539171.618612018,2000515.003317287,2136521.1093073194,2493518.39704084
2024-03-26,1304305.5021213903,1397941.118173669,2350436.2870194665,2555386.3688489688,2013289.9772049496,2150164.5967775863,2509441.612991623
2024-03-27,1304305.5021213903,1392618.7593867674,2350436.2870194665,2545657.2873323304,2005624.8105813672,2141978.3096112893,2499887.456206699
2024-03-28,1304305.5021213903,1373104.4703741446,2350436.2870194665,2509985.8649152094,1977520.6780319782,2111963.5022486984,2464857.3907342725
2024-03-29,1304305.5021213903,1371044.8136685833,2350436.2870194665,2493771.4422620083,1964745.9622348682,2098320.2904154113,2448934.4964774232
2024-04-01,1304305.5021213903,1393914.5158086673,2350436.2870194665,2539171.8301910814,2000515.1700122387,2136521.2873351183,2493518.6048158016
2024-04-02,1304305.5021213903,1395694.7328756966,2350436.2870194665,2542414.6955009415,2003070.098028352,2139249.913528941,2496703.164791973
2024-04-03,1304305.5021213903,1393914.3996593293,2350436.2870194665,2538601.07345769,2000515.003317287,2136521.1093073194,2493518.39704084
2024-04-08,1304305.5021213903,1404595.871985242,2350436.2870194665,2554222.8685001116,2015844.815284743,2152893.126920719,2512626.0608677254
2024-04-09,1304305.5021213903,1415277.1326597263,2350436.2870194665,2573646.476972361,2031174.3234947675,2169264.820125573,2531733.3460797337
2024-04-10,1304305.5021213903,1413154.2169607368,2405957.899180664,2638392.38392648,2082273.1146198395,2223837.5904960865,2595424.833284594
2024-04-11,1304305.5021213903,1404112.5378767531,2394149.8845026274,2625443.622019036,2072053.6874596693,2212923.3899944527,2582686.9484955035
2024-04-12,1304305.5021213903,1424888.4684976216,2429574.8882360193,2664290.9601551597,2102712.799526622,2245666.8785536704,2620901.6381374775
2024-04-15,1304305.5021213903,1391992.9171628405,2373484.7399720424,2602782.061747843,2054168.7216086774,2193822.504964087,2560394.443162654
2024-04-16,1304305.5021213903,1388530.341006078,2367580.7072950536,2596307.653008303,2049058.9860994578,2188365.381293271,2554025.473434797
2024-04-17,1304305.5021213903,1381605.0413280167,2355772.3906700565,2583358.5599834444,2038839.2976146662,2185082.8332213312,2541287.2629207056
2024-04-18,1299087.9341246607,1379532.6337660246,2349868.199214743,2576883.9771263427,2033729.4246883136,2176341.9222596926,2534918.121910879
2024-04-19,1255023.348553565,1330743.278612477,2270161.5330029093,2489477.019110541,1964746.0695907872,2102521.203626051,2448934.6302899458
2024-04-22,1207694.7513174992,1280559.1822523258,2184550.7266540593,2395595.534513686,1890652.8859811143,2023232.3367365291,2356582.053018751
2024-04-23,1241967.146029104,1316899.3499129398,2246544.6905176383,2463578.60361177,1944306.511535329,2080648.3494850083,2423457.9835494035
2024-04-24,1256655.3798997237,1332473.7760943673,2273113.6492220815,2492714.3330102484,1967301.0237886591,2105255.320496654,2452119.222900062
2024-04-25,1254770.396829874,1332473.8033972622,2273113.6957990453,2492714.384086914,1967301.0640994061,2105255.363634137,2452119.2731449185
2024-04-26,1254770.396829874,1330475.0926921663,2326251.4844897552,2550985.701730505,2013289.9772049496,2154469.186444461,2509441.612991623
2024-04-29,1256071.0021472543,1331854.168086812,2332155.7045917464,2557460.316001779,2010270.042239142,2159937.4087602934,2515810.784904026
2024-04-30,1267200.6455066781,1343655.3018381905,2352820.1902827458,2580121.1537842928,2025044.8347882824,2179075.9232209288,2538102.579514289
2024-05-02,1254481.0271997736,1330168.2643780757,2329203.587125786,2554223.000734833,2004718.300514323,2157203.290734971,2512626.190948938
2024-05-03,1252890.877808457,1328482.1757006957,2326251.1457687505,2550985.330286383,2002177.168750505,2154468.872736346,2509441.247596656
2024-05-06,1257660.908065778,1333539.998601832,2335107.6938911653,2560697.4907202856,2009799.8961919905,2162671.408083547,2518995.2405995773
2024-05-07,1255774.4167036794,1331539.6886039292,2352819.9992554113,2556856.444484205,2025044.6703732887,2179075.7463000286,2538102.3734437306
2024-05-08,1255774.4167036794,1324540.8917374788,2343963.860839735,2543417.176376183,2017422.2955616033,2170873.590404727,2528548.8224115698
2024-05-09,1255774.4167036794,1331213.6008711427,2340447.9150484754,2556230.2825093283,2027585.5696907945,2181809.9141717656,2541287.0254579764
2024-05-10,1255774.4167036794,1339554.5794271983,2351585.070511038,2572246.842103369,2040289.8026901353,2195480.4698929414,2557209.9551593075
2024-05-13,1255774.4167036794,1372918.3045582257,2410155.015416386,2636312.71737796,2091106.4466776461,2250162.382860884,2620901.3129856866
2024-05-14,1255774.4167036794,1361241.1372354878,2389655.7742777746,2613889.92309102,2073320.8291456783,2231023.9369965093,2598609.5982736703
2024-05-15,1255774.4167036794,1359199.2755296347,2454082.4993444714,2684362.1514522326,2129218.951574962,2291173.841159813,2668669.8588123485
2024-05-16,1255774.4167036794,1379836.8854505345,2495081.452674744,2729208.2552805836,2164790.5953354603,2329451.1726718326,2713253.800478767
2024-05-17,1255774.4167036794,1373358.8415632814,2483367.5701694065,2716395.196692583,2154627.3589187753,2318514.8894858276,2700515.6446995647
2024-05-20,1255774.4167036794,1350685.4644620006,2442368.5772656663,2671549.0495773754,2119055.680823418,2280237.521027335,2655931.659999336
2024-05-21,1255774.4167036794,1344207.2945116712,2430654.4668075563,2658735.741646578,2108892.2466296153,2269301.025020682,2643193.2563349493
2024-05-22,1276554.3187582763,1368500.2136505859,2474581.986512208,2706785.214854523,2147004.782567511,2310312.5167212314,2690961.841066515
2024-05-23,1321875.8101934714,1366447.46333011,2562437.0387096675,2802884.1752585503,2223229.865538603,2392335.512061575,2786499.024436012
2024-05-24,1296193.6343855124,1337892.484668202,2512652.514310711,2748428.103361902,2180035.656348929,2345855.8195378147,2732361.2928258106
2024-05-27,1317343.4353975821,1359722.679691255,2553651.0960660838,2793273.8007484977,2215606.977722417,2384132.8041410847,2776944.830426459
2024-05-28,1309790.0906928082,1351926.342132927,2539009.0471773744,2777257.8103052005,2202903.1961698188,2370462.7342050676,2761022.4665487194
2024-05-29,1307825.4055567689,1342570.5317210834,2521438.2028650506,2758038.199940162,2187658.3237113883,2354058.290236195,2741915.2105283095
2024-05-30,1307825.4055567689,1311384.1710373138,2462868.1096159597,2693972.162401943,2136841.551017402,2299376.23877197,2678223.691386867
2024-05-31,1301208.3664558544,1309417.0947807578,2454082.657331319,2684362.3242638293,2129219.0886480194,2291173.988659065,2668670.0306137195
2024-06-03,1302761.0163892119,1309016.0156487864,2457010.9594945903,2687565.404639978,2131759.7515897257,2293907.9021755382,2671854.386364883
2024-06-04,1310524.8097714514,1316817.085646803,2471653.4957598257,2703581.928192941,2144463.956001513,2307578.4271347043,2687777.2802358256
2024-06-05,1305866.640326534,1312136.5507441673,2462868.1750192135,2699526.5553006516,2136841.6077627833,2299376.299833578,2678223.7625090447
2024-06-06,1386609.8689044048,1393267.4550573546,2615150.132358299,2862148.148859905,2268964.969400349,2441549.3674582914,2843821.402238075
2024-06-07,1384529.9541010482,1380785.7800698688,2611227.4071597615,2836507.41288317,2248638.3026119685,2419676.5923784617,2818344.8475849484
2024-06-11,1384529.9541010482,1378714.601399764,2627939.385240762,2858943.185374807,2266424.237929551,2438815.3802001947,2840636.960595547
2024-06-12,1376256.9435546782,1370476.3394509854,2616154.959442157,2846122.8729963345,2256260.948620047,2427879.0400981824,2827898.7385228006
2024-06-13,1436030.14539861,1429998.4797344375,2729779.0607977095,2969734.8756510424,2354254.2352123843,2533325.995040775,2950719.235729766
2024-06-14,1425139.3577402907,1419153.4359556495,2709076.5398927443,2947212.54070156,2336399.677596339,2514113.3652991955,2928341.1145332004
2024-06-17,1420471.8332864568,1414505.5162065465,2700203.9472381524,2937560.0203851038,2328747.65215063,2505879.3034521835,2918750.400693873
2024-06-18,1468702.4796856567,1462533.582503386,2791886.568979166,3037301.821172398,2407817.86102903,2590963.833656664,3017853.5403722506
2024-06-19,1466499.4259661282,1460339.782129631,2818504.434040871,3066259.4768758663,2430774.0124823702,2615666.100027481,3046625.7760376083
2024-06-20,1466499.4259661282,1485693.7347890772,2871739.565009114,3124174.1364600905,2476685.7986572734,2665070.076733142,3104169.599719326
2024-06-21,1449222.5899171445,1470393.056660998,2842164.4502172936,3091999.279853569,2451179.2145327735,2637623.3840009696,3072200.7633514344
2024-06-24,1444698.332956337,1465802.7086578647,2833291.63634652,3082346.518875361,2443526.998302711,2629389.1168579645,3062609.810391347
2024-06-25,1394933.330156799,1415310.7310346486,2735694.260480403,2976170.0392312785,2359355.704450352,2538815.4975932804,2957113.1940312143
2024-06-26,1434142.2445586447,1455092.4152954393,2812589.406484793,3059824.5005526952,2425672.6916922457,2610176.757214215,3040232.003794191
2024-06-27,1434142.2445586447,1452909.7766724962,2812589.406484793,3059824.5005526952,2425672.6916922457,2610176.757214215,3040232.003794191
2024-06-28,1431991.0311918068,1458361.0216119923,2827376.814659931,3075911.766518228,2438425.8550614305,2623899.965098449,3056216.2606798806
2024-07-01,1431991.0311918068,1476666.6901055288,2862866.6706753275,3114521.287945928,2469033.5130331744,2656835.734917778,3094578.55978379
2024-07-02,1431991.0311918068,1475141.3931072936,2859909.522682224,3111304.1977228774,2466483.168103472,2654091.4029717627,3091382.0690525584
2024-07-03,1431991.0311918068,1488870.6670116805,2886526.9583816994,3140261.386321882,2489438.949260234,2678793.2708801134,3120153.840604389
2024-07-04,1431991.0311918068,1525482.146178188,2957506.9460608615,3217480.729055974,2550654.502932243,2744665.06632965,3196878.736770733
2024-07-05,1431991.0311918068,1523193.9229589207,2972294.480791165,3212654.5079623903,2563407.7754469044,2758388.391661298,3212863.1304545864
2024-07-08,1431991.0311918068,1520912.5153742547,2972294.405055885,3207842.662109474,2563407.7101302245,2758388.3213764327,3212863.0485895183
2024-07-09,1431991.0311918068,1558746.1536384984,2967835.9634483014,3287639.7297646077,2627174.060297299,2827004.934684786,3292785.0014593587
2024-07-10,1431991.0311918068,1543612.9692069595,2934620.611633177,3255721.4740185724,2601667.976772775,2799558.780629751,3260816.7925215703
2024-07-11,1431991.0311918068,1611713.5819309289,3064089.2451257315,3399356.3304639403,2716447.5146860774,2923068.800382697,3404676.4425641675
2024-07-12,1431991.0311918068,1558746.1536384984,2963390.8771326025,3287639.7297646077,2627174.060297299,2827004.934684786,3292785.0014593587
2024-07-15,1431991.0311918068,1556408.0344080406,2992161.662347482,3319558.5620924192,2652680.60457203,2822764.427282759,3324753.7878812943
2024-07-16,1429846.1590029,1554076.8073019497,2992161.4472314366,3319558.323438767,2652680.4138623606,2818536.4197156476,3324753.5488541406
2024-07-17,1422972.0126609998,1546605.408135905,2977776.2942991774,3303599.1731748646,2639927.354207399,2804985.988645069,3308769.421959319
2024-07-18,1358353.988895003,1476373.116755376,2842553.6633248557,3153580.7272840412,2520046.648897056,2677609.8704467868,3158516.1919294843
2024-07-19,1358354.1203508421,1476373.2596326147,2842553.938415355,3153581.032474444,2520046.8927766704,2677610.129574713,3158516.4975975202
2024-07-22,1325357.4929167344,1440509.7556523755,2773503.6871870365,3076975.4280500603,2458830.861410744,2612566.6313177566,3081791.0027105245
2024-07-23,1323369.4566773593,1438348.991018897,2770626.869997772,3073783.8347440003,2456280.438665579,2609856.7461181097,3078594.4144487977
2024-07-26,1323369.4566773593,1364608.653606894,2632527.0559939286,2920573.389677282,2333848.9862768753,2479770.3981083985,2925144.189652201
2024-07-29,1323369.4566773593,1404875.672645703,2710207.947730692,3006753.98363404,2330348.21279746,2552943.729941359,3011459.659266625
2024-07-30,1323369.4566773593,1386979.2094777122,2675683.087162201,2968451.4754683324,2297216.493589004,2520422.230478843,2973097.2063298044
2024-07-31,1323369.4566773593,1385487.991526244,2672806.312496257,2965259.9293384175,2294746.6292606564,2517712.385335032,2969900.665318055
2024-08-01,1378282.4181154072,1445143.0174617958,2787889.4679388576,3092935.274828401,2393551.6499618925,2626117.6537776473,3097775.827209854
2024-08-02,1305741.1552341327,1442975.302935603,2641158.2754636477,2930149.021519823,2267575.103226857,2487900.777050508,2934734.807695034
2024-08-05,1211864.3482571966,1337226.150234097,2451271.095583207,2719484.730971708,2104546.8419072055,2309032.1091765445,2723740.820130108
2024-08-06,1234622.4565240208,1362338.4802964688,2497304.542366955,2770555.0739737405,2144069.008682395,2352394.390448194,2774891.090013395
2024-08-07,1281560.5482340627,1414132.1020553897,2592247.501664443,2766399.24136278,2225582.597901833,2441828.130336512,2880387.3830543705
2024-08-08,1279638.2074117116,1414132.3696677615,2592247.9922250495,2762256.380309645,2225583.0190742514,2441828.592431543,2880387.9281429783
2024-08-09,1279638.2074117116,1454939.8031424396,2588359.620236712,2841966.4526460655,2289806.3781750575,2512292.1218574536,2963506.907158059
2024-08-12,1279638.2074117116,1452757.393437726,2626302.708842346,2887952.6364382696,2326857.996732088,2552943.807646312,3011459.7509276085
2024-08-13,1279638.2074117116,1455201.342802844,2634666.975123518,2897150.207143754,2334268.589508623,2561074.440012539,3021050.667910249
2024-08-14,1279638.2074117116,1464440.783951652,2651395.1416990627,2915544.9461058583,2349089.4508038275,2577335.3489810773,3040232.082215407
2024-08-15,1279638.2074117116,1455201.2229650475,2634666.758155133,2897149.9685595203,2334268.397278451,2561074.2291045985,3021050.4191226447
2024-08-16,1279638.2074117116,1482919.4415530255,2684851.0680337525,2952333.976683884,2378730.8129620636,2609856.7714651087,3078594.4443481895
2024-08-19,1285682.4689936836,1492158.7704779208,2701579.0314259795,2970728.4922201824,2393551.494240423,2626117.4829257247,3097775.6256724424
2024-08-20,1296296.978541619,1489920.532322204,2723883.0894769677,2995254.6304428466,2413312.497288848,2647798.5354163395,3123350.6566377464
2024-08-21,1275067.9778322068,1463325.6381633964,2679275.0120100915,2946202.3964817077,2373790.525422018,2604436.46799104,3072200.63900822
2024-08-22,1271087.393625084,1458757.3398244686,2670910.6894917907,2937004.763936374,2366379.882820376,2596305.7809585216,3062609.6575410673
2024-08-23,1252512.1058559383,1437439.5000689235,2631878.8063090746,2894084.26221235,2331798.320989962,2558364.1514058444,3017853.6037884247
2024-08-26,1250633.3376971544,1457234.784753829,2668122.9683935028,2933939.311325618,2363910.0109703527,2593595.9275622023,3059413.1067946353
2024-08-27,1250633.3376971544,1438962.3367498766,2634667.043021561,2897150.2818062566,2334268.649665095,2561074.5060140276,3021050.7457657917
2024-08-28,1250633.3376971544,1436803.8932447517,2634667.1213834765,2897150.3679751125,2334268.7190923733,2561074.5821871078,3021050.8356197733
2024-08-29,1244795.7077003,1430097.2676863389,2626302.7367006727,2887952.66707203,2326858.021414075,2552943.8347264887,3011459.782871462
2024-08-30,1247438.5348597008,1433133.5087950176,2631878.6429786463,2894084.082609847,2331798.176282076,2558363.992637625,3017853.4165049833
2024-09-02,1255367.3824234034,1442242.6527024151,2648607.1341893896,2912479.1785494904,2346619.3251983556,2574625.2171735265,3037035.2030542972
2024-09-03,1252724.3294930058,1439206.1522142387,2643030.751573826,2906347.239218131,2341678.74830363,2569204.5962300464,3030641.0232265103
2024-09-04,1181366.8078422097,1357226.2770343977,2492478.774862814,2740796.262706665,2208292.345527441,2422857.8954558964,2858010.0402246877
2024-09-05,1179594.7576304465,1355190.437618846,2528722.517165996,2736685.068312605,2240403.6635890324,2458089.2635565004,2899569.061887174
2024-09-06,1180425.2248241603,1356144.5290069242,2534298.5616666432,2738611.769965065,2245343.9409198905,2463509.55582942,2905962.854014237
2024-09-09,1158349.1202420343,1330782.152956976,2530497.113824143,2687394.7351439088,2203351.91413143,2417437.4341483046,2851616.048703847
2024-09-10,1177827.9968295412,1353160.6750012534,2569196.328716463,2732586.1454648715,2240403.627871451,2458089.2243684717,2899569.0156608643
2024-09-11,1176529.468626387,1351668.8465639788,2566363.849015472,2729573.5322590503,2237933.634540446,2455379.2376876455,2896372.3076916505
2024-09-12,1220907.7106713282,1402653.2790299635,2663166.1128805364,2832532.003019228,2322347.6361974576,2547995.2044168464,3005622.364533042
2024-09-13,1219076.3491053213,1400549.2991114187,2717226.2951614107,2890030.179966968,2369489.4708450153,2599717.507631564,3066634.1399939363
2024-09-16,1213426.6499185942,1394058.5799354063,2708690.5057525267,2880951.5511293756,2362046.0484235124,2591550.8557751295,3057000.7343185623
2024-09-18,1204504.4507610865,1383808.2131017372,2688773.7879599887,2859768.215899322,2344678.1710453024,2572495.4535688357,3034522.9278701325
2024-09-19,1198131.3822586888,1376486.4431151627,2674547.406706442,2844637.0980944936,2332272.409828973,2558884.304405093,3018467.177740531
2024-09-20,1250390.2501749452,1436524.619465794,2791203.077138302,2968711.56653781,2433999.079887654,2670495.10006324,3150123.588620719
2024-09-23,1237644.162130894,1421881.1357417353,2762750.423924592,2938449.447172124,2409187.652761565,2643272.906302651,3118012.211708923
2024-09-24,1235787.6958876976,1419748.3140381228,2776976.948694616,2953580.71762046,2421593.5391278625,2656884.192776378,3134068.1238097716
2024-09-25,1264279.4126703555,1452481.3368711208,2845263.0735634193,3026209.5458101677,2481140.7524643308,2722217.225459693,3211135.154326684
2024-09-26,1276922.2213461266,1467006.1669546887,2873715.737041756,3056471.676093267,2505952.188541432,2749439.429041006,3243246.5428230343
2024-09-27,1289565.0339753353,1481531.001580207,2902168.409417311,3086733.815839409,2530763.63237713,2776661.6411347697,3275357.941360695
2024-09-30,1236465.307509784,1420526.795618115,2782667.3802819545,2959633.036138697,2426555.7381742843,2662328.5367568284,3140490.2873992035
2024-10-01,1222558.2151683914,1404549.4793116262,2751369.4441587804,2926344.686129822,2399263.152998328,2632384.1067926995,3105167.7529464834
2024-10-04,1220724.3778456387,1402442.6550926587,2805429.3697112743,2983842.5900223623,2446404.7637722995,2684106.1643814766,3166179.238666321
2024-10-07,1227549.4630241957,1410283.729419315,2825346.232048475,3005026.0789894965,2463772.76719708,2703161.704881475,3188657.208246397
2024-10-08,1236202.7749411992,1420225.1821833246,2845262.824378054,3026209.280777687,2481140.5351684433,2722216.987050563,3211134.873098599
2024-10-09,1273289.030570479,1462832.1356906863,2930621.1058641886,3021669.9668565206,2555575.0972036254,2803883.8762588706,3307469.3670650064
2024-10-11,1267108.0875557251,1455731.0911880066,2916394.954834625,3002498.0890580793,2543169.5367483823,2790272.947362877,3291413.876763866
2024-10-14,1291832.147800715,1484135.600284358,2912020.362402373,3061083.4176250664,2592792.3569776188,2844717.297555323,3355636.5865543806
2024-10-15,1289894.399579014,1481909.3968839315,2921571.2750943215,3075729.915668344,2605198.2025564895,2858328.539278572,3371692.4458674374
2024-10-16,1275696.0779817428,1465597.4986371892,2893746.630674531,3046437.0854833196,2580386.6519203098,2854041.046469654,3339580.909106752
2024-10-17,1287962.2951519047,1479689.6774191223,2921570.9104696326,3075729.531803992,2605197.877416524,2877167.7929526255,3371692.025065686
2024-10-18,1343160.5931910218,1543104.8504618646,3046780.8971792962,3207546.306272695,2716849.0409869235,3000474.7918777894,3516192.886617491
2024-10-21,1337027.4397974554,1536058.709592176,3032868.6556396647,3192899.976107066,2704443.337603422,2986773.9937413614,3500137.2113361326
2024-10-22,1306361.5820588472,1500827.900960724,2963307.2420400907,3119668.1085129813,2642414.6370812864,2918269.8002871694,3419858.5973050673
2024-10-23,1304402.039685759,1498576.659109283,2949395.5608487586,3105022.3682628004,2630009.433366711,2904569.5539826592,3403803.5687038517
2024-10-24,1314735.6158816137,1510448.502008245,2977220.0472718603,3134315.0321143367,2654820.8431154536,2931971.1535485336,3435914.923125586
2024-10-25,1308591.8050766126,1503390.117253974,2963307.3818854974,3119668.2557374234,2642414.7617830196,2918269.9380071536,3419858.7586962013
2024-10-28,1320879.2268343049,1517506.6571599874,2991132.2600924787,3148961.332045574,2638451.1396403452,2945671.923402431,3451970.565263245
2024-10-29,1271729.988707971,1461041.0132647417,2879833.7638090737,3031790.0969961337,2536471.020314811,2836064.9829160213,3323524.5121567547
2024-10-30,1277873.751990855,1468099.343422705,2893746.3215815574,3046436.7600808507,2548724.7830325887,2849766.092479078,3339580.552392386
2024-11-01,1275956.9413628688,1465897.194407571,2771318.6618552804,2917549.1239189645,2440894.1801404515,2729199.133700595,3198290.6858800617
2024-11-04,1317537.220895593,1513667.1568050473,2865921.523404199,3017143.7680251384,2524217.5371248843,2822364.1858971035,3307468.8381849835
2024-11-05,1317537.4733108706,1513667.4467951208,2865922.0724607003,3017144.346052969,2524218.020717348,2822364.7266088407,3307469.471833621
2024-11-06,1343120.7388663879,1543059.0633817744,2921571.0744256573,3075729.704411265,2573231.9890121208,2877167.9544167854,3371692.2142821173
2024-11-07,1343120.547515444,1543058.8435461335,2921570.6581969694,3075729.266219995,2573231.622410403,2877167.5445140954,3371691.7339258324
2024-11-08,1387891.5509083297,1594494.5042153273,3018957.039555406,3178254.3043993767,2659006.6199791096,2973073.8115544035,3484082.2578729186
2024-11-11,1385809.7135819672,1592102.7624590043,3005044.1725604017,3173486.9229427776,2646752.58490743,2959372.397468505,3468025.8607734162
2024-11-12,1385809.7135819672,1560279.1311850327,2949395.530881886,3110053.9083975856,2597738.9339421247,2904569.524471234,3403803.5341200368
2024-11-13,1385809.7135819672,1538199.638823529,2944971.437585563,3066043.570668993,2560978.359630275,2863466.9939385653,3355636.3487558495
2024-11-14,1363871.9002734425,1516120.2181705595,2898351.5929102805,3022033.375874701,2524217.904707352,2822364.596896385,3307469.31982634
2024-11-15,1377113.3750333788,1530839.831939206,2926490.9287637784,3051373.505737562,2548724.8746559676,2849766.1949245054,3339580.6724460134
2024-11-18,1363871.885331324,1516120.2015604603,2898351.5611569225,3022033.3427663273,2524217.8770528766,2822364.5659755147,3307469.2835908267
2024-11-19,1363871.7016632517,1513846.0212581195,2898351.1708455966,3022032.935799189,2524217.5371248843,2822364.1858971035,3307468.8381849835
2024-11-20,1357251.1480238903,1504241.0953965203,2884281.893384316,3007363.277995617,2511964.3922128137,2808663.7671115557,3291413.607456891
2024-11-21,1355215.2713018544,1496903.1690800192,2870211.9094738625,2992692.8835964627,2499710.6320435554,2794962.6603980353,3275357.570560571
2024-11-22,1373085.2460538035,1518916.4137310088,2912420.836723488,3036702.9985943306,2536471.020314811,2836064.9829160213,3323524.5121567547
2024-11-25,1386351.9222164871,1533592.1028312065,2940560.4909811583,3066043.4604486725,2560978.267566399,2863466.891000612,3355636.228125042
2024-11-26,1346552.2308413675,1489565.408447274,2856142.243250951,2978022.820441578,2487457.1485531456,2781261.863043143,3259301.896195078
2024-11-27,1339919.1203114297,1487331.060334603,2842072.8987763813,2963353.0927650486,2475203.9452781957,2767561.379001214,3243246.5889944136
2024-11-28,1333285.8231674528,1477751.3702963924,2828003.1584788878,2948682.9523745864,2462950.3972751205,2753860.5095137763,3227190.8300983175
2024-11-29,1331285.8944327016,1463047.4258724828,2799863.917934943,2919342.9218884367,2438443.510333026,2726459.0042964485,3195079.586241647
2024-12-02,1331285.8944327016,1499807.4111729553,2870212.2570567825,2992693.24601184,2499710.934758737,2794962.9988682647,3275357.9672066667
2024-12-03,1331285.8944327016,1558623.3284467142,2982769.486346079,3110053.64646853,2597738.715160288,2904569.2798480936,3403803.2474513575
2024-12-04,1335562.4193600935,1565975.5806357942,2996839.6424160283,3124724.220373767,2609992.6252658353,2918270.5542075504,3419859.4808084005
2024-12-05,1341832.3188047197,1563626.6172648405,3010908.5342455995,3139393.476089511,2622245.434325462,2931970.5974716167,3435914.2714708196
2024-12-06,1348102.6269052315,1568580.4871060178,3024978.343049279,3154063.687909534,2634499.041991603,2945671.5336691923,3451970.108543114
2024-12-09,1341832.3188047197,1561284.6902294962,3010908.5342455995,3139393.476089511,2622245.434325462,2931970.5974716167,3435914.2714708196
2024-12-10,1341832.3821289279,1561284.7639101758,3010908.676337422,3134684.385875377,2622245.558075363,2931970.735838173,3435914.4336196575
2024-12-11,1339819.6335557345,1524806.3876514023,2940560.8050745465,3056859.2888534786,2560978.541115045,2863467.196859315,3355636.5865543806
2024-12-12,1362229.6495982914,1552635.9845478442,2936149.9638669346,3112650.740454733,2607719.5575725148,2915729.004299354,3416881.0922772344
2024-12-13,1362229.7945962104,1550307.0305710223,2931752.647424332,3112651.0717702936,2607719.835142387,2915729.314654248,3416881.455975564
2024-12-16,1394357.631495861,1584493.8795514114,3000897.2743148985,3186062.14114791,2669222.2320770193,2984496.0353913386,3497467.7201715866
2024-12-17,1400783.1096641354,1591795.5434867244,3014726.007694195,3200744.151177682,2681522.540685854,2998249.188589299,3513584.7492411644
2024-12-18,1381506.409085761,1569890.249325131,2973239.234920291,3156697.513118897,2644621.1055140975,2956989.1594891143,3465232.9946400514
2024-12-19,1379434.1494721323,1555287.0332792834,2945581.9799483614,3127333.7179139256,2620020.676675309,2929483.0637223483,3432999.183332744
2024-12-20,1370901.202371338,1547984.7893197257,2931752.148052246,3112650.541585368,2607719.390963546,2915728.8180114524,3416880.8739703866
2024-12-23,1377367.7452390715,1545662.812135746,2945581.226989631,3127332.918495257,2620020.006937561,2929482.314878873,3432998.3057789286
2024-12-24,1416166.8366542566,1586822.3760965518,3028555.346059762,3215426.8035232923,2693823.3874146757,3012002.9434670103,3529702.483406504
2024-12-25,1409700.306360333,1579576.5949495037,3014726.294012202,3200744.4551624167,2681522.79535848,2998249.473342451,3513585.082937354
2024-12-26,1403233.7911935425,1572330.8307524875,3000897.2743148985,3186062.14114791,2669222.2320770193,2984496.0353913386,3497467.7201715866
2024-12-27,1401128.940506752,1565085.409439899,2987068.9090351793,3171380.521930626,2656922.2508834493,2970743.248281128,3481351.1201124927
2024-12-30,1401128.940506752,1579576.941008787,3014726.9544892083,3200745.1563929464,2681523.3828360736,2998250.1302096564,3513585.8527061264
2024-12-31,1386194.8183328123,1577207.5755972737,2987067.970926359,3171379.52593752,2656921.4164593783,2970742.315299489,3481350.026771062
2025-01-02,1373360.0324743013,1560263.805803273,2959410.6912679574,3142015.7045228435,2632320.965662598,2943236.1949811745,3449116.1866923147
2025-01-03,1386194.8183328123,1574845.3076358198,2987067.970926359,3171379.52593752,2656921.4164593783,2970742.315299489,3481350.026771062
2025-01-06,1411865.2680977702,1604009.3088444427,3042384.4223212665,3230109.17759219,2706124.0010085627,3025756.437673175,3545819.9120963765
2025-01-07,1476040.9468422881,1676918.8055461415,3180674.5904527307,3376932.287116066,2829129.6081693224,3163290.7885003556,3706993.506139951
2025-01-08,1473826.8854220246,1618591.0967555172,3070042.2445955058,3259473.575103821,2730724.9344484084,3053263.0976416906,3578054.3845797703
2025-01-09,1458361.8042629426,1616163.2101103838,3042384.5838775584,3254584.364741165,2706124.1447087983,3025756.5983464895,3545820.100386033
2025-01-10,1458361.8042629426,1613742.5962160595,3042384.5838775584,3249709.8000411033,2706124.1447087983,3025756.5983464895,3545820.100386033
2025-01-13,1471619.3779286316,1628412.6947363694,3037821.007001742,3279252.0349928276,2730724.7891388056,3021217.9634489696,3578054.1941813696
2025-01-14,1438475.2491073548,1591737.2330388527,2964955.1148404744,3205396.013853571,2669222.8168597617,2948750.3158117463,3497468.4864093093
2025-01-15,1438475.165351407,1591737.1403591486,2964954.9422044656,3205395.827217769,2669222.661442915,2948750.14411927,3497468.2827674407
2025-01-16,1436317.4526033797,1606407.2032619466,2992281.1095742155,3234937.990443941,2693823.246145051,2975926.961824927,3529702.298301665
2025-01-17,1473458.5480098515,1603997.5924570537,3074261.664241067,3323566.6991307405,2767626.8480816535,3057459.4562813593,3626406.7661064323
2025-01-20,1473458.5480098515,1601595.1996575673,3074261.664241067,3323566.6991307405,2767626.8480816535,3057459.4562813593,3626406.7661064323
2025-01-21,1460361.1386942083,1587358.7978828333,3046934.893892258,3294023.8840273563,2743025.72054315,3030282.038892192,3594172.0392965972
2025-01-22,1493104.780333227,1622949.9309616643,3115252.0666925674,3367881.1887385747,2804528.7616884285,3098225.8279438238,3674759.1475984096
2025-02-03,1394874.4082626752,1516177.1326489693,2910301.701764748,3146310.5216181,2800321.968545896,2894395.6079577934,3432999.183332744
2025-02-04,1392782.0966502812,1544649.4987569798,2964954.402793578,3205395.244063744,2848636.4000709457,2948749.607656503,3497467.646477005
2025-02-05,1422739.8568986503,1542332.5245088444,3033271.572851401,3279252.545810076,2914273.4220747887,3016693.3939806377,3578054.751543774
2025-02-06,1435557.4789967176,1553896.7252039025,3060598.6548566595,3308795.6978434646,2940528.436463731,3043871.121322913,3610289.845984337
2025-02-07,1422739.8119769457,1540022.4421478892,3033271.477078636,3279252.442270688,2914273.330059281,3016693.2987313136,3578054.6385699804
2025-02-10,1441965.923293545,1560833.4454343254,3074261.4139461117,3323566.428538296,2953655.192420228,3057459.207354377,3626406.470857875
2025-02-11,1422739.8568986503,1540022.4907726853,3033271.572851401,3279252.545810076,2914273.4220747887,3016693.3939806377,3578054.751543774
2025-02-12,1420605.7471133024,1540022.5239259552,3033271.638151013,3279252.6164051127,2914273.484812634,3016693.458923358,3578054.8285713596
2025-02-13,1392920.0578550287,1537712.4901400662,2978618.502466467,3220167.4240556606,2861764.4440185074,2962339.0269445195,3513585.8527061264
2025-02-14,1360972.1259986914,1500193.3176655413,2910301.085105587,3146309.854951408,2796127.1844135434,2894394.9946689485,3432998.4559200513
2025-02-17,1360972.051939441,1500193.23603037,2910300.926737379,3146309.6837404445,2796127.032258272,2894394.8371662935,3432998.269108516
2025-02-18,1386530.3266882857,1528366.0047864832,2964954.7093638284,3141590.219214834,2848636.6946141515,2948749.9125512107,3497468.0081080412
2025-02-19,1392920.0578550287,1535409.3760759523,2978618.502466467,3151341.013589109,2861764.4440185074,2962339.0269445195,3513585.8527061264
2025-02-20,1390830.677768246,1521322.7344783624,2974150.5747127677,3122428.9774234397,2835509.1334233345,2935160.9929860653,3481350.3945927164
2025-02-21,1395176.8989684624,1519040.7503766448,2983444.5286692586,3136884.567529538,2848636.4000709457,2948749.607656503,3497467.646477005
2025-02-24,1388747.4097056407,1509775.7871628762,2969695.7169038933,3122428.647523585,2835508.833837961,2935160.6828719866,3481350.026771062
2025-02-25,1356600.5358199307,1474827.3354239734,2900952.8821572363,3050150.334529039,2769872.171442654,2867217.2687945627,3400763.363220529
2025-02-26,1343741.907354346,1460848.0863699082,2873456.007194496,3021239.2815843467,2743617.7537203315,2840040.1590883113,3368529.001348783
2025-02-27,1369459.2707859979,1488806.7002599647,2928449.9848604747,3079061.626927037,2796126.8066149303,2894394.603592884,3432997.9920706013
2025-03-03,1367405.0818798188,1397940.7962031388,2749718.753120933,2891138.1588713424,2625471.6167261237,2717741.8639815277,3223472.829320934
2025-03-04,1367405.0818798188,1395843.885008834,2738719.666377835,2879573.3836158314,2614969.528095736,2706870.6872572335,3210578.6897935807
2025-03-05,1367405.0818798188,1427337.7812598953,2804713.1281833523,2948960.9220487694,2677981.049060646,2772096.7012611586,3287942.2859073533
2025-03-06,1367405.0818798188,1427337.7433532407,2804713.053696925,2948960.843731468,2677980.9779399177,2772096.627640945,3287942.198587523
2025-03-07,1367405.0818798188,1406347.4824215753,2763467.2734954995,2905593.772500123,2638598.904734919,2731330.500763872,3239590.107431824
2025-03-10,1367405.0818798188,1406347.3117420895,2763466.938110981,2905593.4198666117,2638598.5845048833,2731330.1692795902,3239589.714263293
2025-03-11,1367405.0818798188,1355970.8461849205,2664477.381360825,2801512.780882967,2544081.9102796176,2633491.7768361713,3123545.0656211427
2025-03-12,1367405.0818798188,1353936.889915643,2694724.0406830977,2833315.040967113,2572961.8622606266,2663386.693249869,3159002.9772320706
2025-03-13,1393221.6595575213,1379499.188427187,2749718.771478527,2891138.178173077,2625471.6342542223,2717741.8821256384,3223472.850841392
2025-03-14,1344458.9567533676,1331216.7715681137,2653478.7235803385,2789948.456651829,2533580.2312289965,2622621.024086019,3110651.4289631546
2025-03-17,1361177.632374238,1347770.7773807228,2686475.379836435,2824642.147382521,2565085.920437728,2655233.9573093965,3149333.1395123685
2025-03-18,1366122.0016655184,1352666.4473394945,2696233.787595954,2834902.434916055,2574403.3906582654,2664878.883090895,3160772.8412035108
2025-03-19,1350725.1611494715,1337421.257279088,2665845.958711725,2802951.7448490323,2545388.6479181508,2634844.438797114,3125149.437668445
2025-03-20,1348699.0734077473,1335415.1253931695,2701758.72943093,2798747.3172317585,2579678.685797206,2670339.574553953,3167249.68537836
2025-03-21,1356317.8467877184,1342958.8580234954,2721096.440396103,2814557.3833749155,2598142.614594975,2689452.4043966327,3189919.1259554178
2025-03-24,1357694.8192210055,1344322.2680316411,2717014.795735509,2817414.8020382402,2600780.3228331427,2692182.812929015,3193157.622529992
2025-03-25,1361825.8761646154,1348412.6363244127,2721200.054405921,2825987.3478093636,2608693.7150471667,2700374.315426755,3202873.440681351
2025-03-26,1370087.7212881902,1356593.1067934849,2737708.870836317,2843131.881627842,2624519.984635509,2716756.787488872,3222304.4448798066
2025-03-27,1323270.6574639578,1310237.1654348185,2644159.0280440603,2745979.644807757,2534837.902445088,2623922.895221598,3112195.558774905
2025-03-28,1321285.751477762,1308271.8096866664,2602886.9442192344,2703118.265866564,2495272.187492819,2582966.672644632,3063617.997963056
2025-03-31,1283046.795728928,1270409.486731845,2531348.8685657564,2628825.4198275423,2426691.80949318,2511976.088267372,2979417.131460428
2025-04-01,1295598.3427245878,1282837.4078564115,2556112.068467723,2654542.1948588104,2450431.1901550773,2536549.771806287,3008563.608634671
2025-04-02,1323490.5613217128,1310454.903359882,2611141.188389658,2711690.3624140336,2503185.1650245464,2591157.7458863747,3073333.30698032
2025-04-07,1182634.3927412487,1170986.0909790685,2333243.2160369833,2423091.164211391,2236776.7130891588,2315386.5670510256,2746245.2513166214
2025-04-08,1111508.9016069619,1100561.1470204773,2192918.3018496763,2277362.653206221,2102253.446006218,2176135.5797991557,2581081.7456093817
2025-04-09,1109841.6382545514,1098910.3052999466,2225936.102318328,2311651.894905238,2133906.14586112,2208900.690248522,2619943.9512820356
2025-04-10,1182149.310929971,1170505.7869582486,2374515.2659064457,2465952.5078896754,2276342.395489928,2356342.755932493,2794822.7721627457
2025-04-11,1161602.0485391638,1150160.9038608088,2333243.1628239886,2423091.108949284,2236776.6620762227,2315386.5142452777,2746245.188684517
2025-04-14,1225983.2800512852,1213908.015464802,2462562.036209895,2557389.7612772607,2360748.9263324216,2443715.6915234486,2898454.499527331
2025-04-15,1197217.2839353886,1185425.3486730857,2404781.4358367766,2497384.159947479,2305357.229275473,2386377.2944714283,2830446.2874805746
2025-04-16,1187628.5043737406,1175931.0133442038,2385521.0063461624,2477382.0546389325,2286893.1103732544,2367264.26784322,2807776.613499155
2025-04-17,1185847.06161718,1174167.1168241876,2335994.666696053,2425948.567046609,2239414.4067162615,2318116.960458848,2749483.729952182
2025-04-18,1189649.5532117512,1177932.1559568536,2347000.405146496,2437378.1117299893,2249965.1196925594,2329038.470395525,2762437.5689472
2025-04-21,1177097.621265179,1165503.8536729307,2322237.3232082534,2411661.459204963,2226225.8521172493,2304464.9039175413,2733291.2306171698
2025-04-22,1151993.581420409,1140647.0748864866,2272710.812205562,2408043.9670161554,2178746.984192141,2301008.206561665,2674998.1453868872
2025-04-23,1189649.5603024734,1177932.1629777362,2347000.419135429,2483032.7494863933,2249965.1331031285,2372663.793514213,2762437.5854122825
2025-04-24,1235673.6231245117,1223502.913960238,2343479.9185067257,2579094.0259033614,2337009.704957554,2464455.217755575,2869308.2179207746
2025-04-25,1233820.112689825,1221667.6595892976,2376944.681404198,2619847.2301678844,2373937.64667575,2503396.9724497586,2914647.2023580875
2025-04-28,1229234.2508102893,1217126.9659404003,2371662.219872579,2614024.948176911,2368661.8679017914,2497833.4865559577,2908169.764391125
2025-04-29,1227865.5166287522,1215771.7130417319,2369021.4090220355,2611114.2700082855,2366024.39789885,2495052.1858636094,2904931.5603143913
2025-04-30,1233340.9091171636,1221193.1759096596,2379585.531763636,2622757.9518828616,2376575.1561376043,2506178.3147528553,2917885.4548812537
2025-05-02,1283988.7999599092,1271342.2127365104,2477304.651735106,2730463.094452885,2474170.6532121315,2609096.043970901,3037710.1869711396
2025-05-05,1308628.0647604677,1295738.7942586553,2524843.2013763976,2782859.6599170677,2470459.397232313,2659163.621133175,3096002.7092162506
2025-05-06,1306665.122663327,1293795.1860672673,2419201.4506528326,2666422.264386383,2363547.792966254,2547901.781093452,2966463.121859615
2025-05-07,1317527.1307529062,1304550.2093196497,2442970.6861727918,2692620.503801608,2386770.217927406,2572935.5282831253,2995609.334791046
2025-05-08,1328921.9685432604,1315832.81419176,2464099.0971525502,2715908.0499595897,2407412.5704386514,2595187.9603625103,3021517.3268592693
2025-05-09,1336043.8072719956,1322884.5067052972,2477304.4747420102,2730462.899372673,2420314.1587079675,2609095.85756186,3037709.9699394037
2025-05-12,1358833.4420256692,1345449.6760246065,2519561.220999671,2777037.9082507254,2461598.7897701208,2653600.6419914714,3089525.861249035
2025-05-13,1410110.1827913732,1396221.3689467113,2614639.016097151,2881831.8061000654,2554489.3230087254,2753736.529147928,3206111.7589585
2025-05-14,1407995.0175171862,1394127.0368932912,2614639.129164697,2881831.930722106,2554489.4334751554,2753736.6482306113,3206111.897603715
2025-05-15,1420087.0112032508,1406099.9310569454,2641049.5368565046,2910941.246551077,2580292.2705206056,2781552.0766560542,3238496.7576697846
2025-05-16,1407306.1796254371,1393444.9836779202,2617280.000868266,2884742.6759623936,2557069.552003438,2756518.013013337,3209350.176299392
2025-05-19,1410146.3301138696,1396257.160237857,2622562.056173963,2890564.510214779,2562230.0937833455,2762081.0710701956,3215827.1161456974
2025-05-20,1407306.1075910605,1393444.9123530427,2617279.8669001674,2884742.52830395,2557069.4211172718,2756517.871918201,3209350.012025588
2025-05-21,1400205.8574618883,1386414.595803174,2604074.963139146,2870188.201140346,2544168.2957759853,2742610.47375473,3193157.949961387
2025-05-22,1398105.5486756954,1384334.973909469,2609356.944747938,2865882.9188386356,2549328.7655543825,2748173.4541940447,3199634.7994393804
2025-05-23,1403076.2941589653,1389256.7602691692,2622562.056173963,2876072.1170632555,2562230.0937833455,2762081.0710701956,3215827.1161456974
2025-05-26,1377642.9113197199,1364073.882336565,2618628.213089702,2823937.929114199,2515784.8796715285,2712013.1840949757,3157534.2331925384
2025-05-27,1371991.1322581894,1358477.770206764,2603979.323726801,2812352.725773269,2505463.8739962466,2700887.151940693,3144580.451251957
2025-05-28,1390359.7215688238,1376665.438961943,2638842.1050132914,2850005.2666693213,2539007.7037280905,2737047.3615090386,3186680.947024277
2025-05-29,1393185.6559622562,1379463.5394476377,2644205.6052267333,2855797.9603007627,2544168.2884917655,2742610.4659023494,3193157.940819042
2025-06-02,1391095.877478313,1377394.3441384663,2569116.455456021,2774700.090932344,2471919.960570959,2664726.8521509124,3102479.850436906
2025-06-03,1391912.3000481813,1378202.7253926771,2574480.1848520767,2780493.0320858546,2477080.7658466613,2670290.194255933,3108957.1209939173
2025-06-04,1412210.9799339345,1398301.4743867412,2612024.611424583,2821041.80658905,2513204.7871052837,2709231.8472992973,3154295.9870815324
2025-06-05,1449908.4869817554,1435627.681614034,2681749.8986496306,2896346.590999566,2580292.1816381817,2781551.9808409046,3238496.6461144215
2025-06-06,1445558.8275384118,1431320.8639365563,2673704.7710597995,2887657.683103756,2572551.4225797863,2773207.4515487133,3228781.3036321304
2025-06-09,1457158.1767532784,1442805.9659075334,2695158.9206565954,2910828.618275139,2593193.9047501716,2795460.0234005004,3254689.458434129
2025-06-10,1454972.4394881485,1440641.756958672,2748794.1767716445,2968755.8288940093,2644799.9967587925,2851091.3307662047,3319459.703090254
2025-06-11,1454972.4394881485,1494619.9705064017,2856064.1502631116,3084609.668282638,2748011.662419316,2962353.3867096715,3448999.5418186253
2025-06-12,1445258.5504750318,1486868.3432136353,2841251.5923862285,3068611.7925924785,2733759.502924864,2946989.5752951503,3431111.811486719
2025-06-13,1424709.8006199743,1465727.983489032,2800854.551851136,3024982.134696639,2694890.789661742,2905089.1474524657,3382328.1123238252
2025-06-16,1411010.6795282925,1451634.457127,2773923.2809008695,2995895.7926602815,2668978.4001769717,2877155.621624424,3349805.754182988
2025-06-17,1424709.8507052446,1465728.035016285,2800854.6503143865,3024982.241039031,2694890.8843998658,2905089.2495800536,3382328.231228614
2025-06-18,1424709.994995651,1463529.4429637606,2800854.933976674,3024982.5474002995,2694891.1573304567,2905089.5437989137,3382328.573780829
2025-06-19,1422572.9300031576,1468362.973273018,2814320.34447989,3039525.4754440505,2707847.135612209,2919056.0733686234,3398589.4811738622
2025-06-20,1422572.9300031576,1447286.1153007732,2773923.6365345907,2995896.1767522194,2668978.7423561253,2877155.990493155,3349806.1836483213
2025-06-23,1413546.7463107114,1440260.2818601541,2760457.656835588,2991402.332487091,2656022.216412774,2863188.8705448764,3333544.588891173
2025-06-24,1441128.0761255398,1468362.8500680053,2814320.1083404752,3045203.2053026482,2707846.9084065747,2919055.8284412134,3398589.196010543
2025-06-25,1461814.2493582645,1489439.9554191593,2810098.6281779646,3088914.518736425,2746715.7578606717,2960956.403097611,3447373.066105248
2025-06-26,1482500.2025196739,1487205.7954860306,2845595.593913228,3132625.3671443053,2785584.193805768,3002856.5319917854,3496156.4172093044
2025-06-27,1475604.7565560369,1478071.355704625,2832360.080947467,3118054.813355005,2772627.8075247393,2988889.562599329,3479894.9977408173
2025-06-30,1473391.349421203,1484978.4500587226,2845595.8278201595,3132625.624644981,2785584.4227797845,3002856.77882551,3496156.7045921013
2025-07-01,1473391.349421203,1491885.3515147786,2858831.2050512168,3147196.029008279,2798540.6761886496,3016823.604981928,3512417.957294181
2025-07-02,1464373.5328745702,1484978.4748873953,2845595.8753982014,3132625.6770221293,2785584.469354443,3002856.829032937,3496156.763047448
2025-07-03,1505239.6731022731,1526419.6353751454,2925007.6630772105,3220047.579510894,2863321.5241325973,3086657.283974297,3593723.6947962525
2025-07-04,1491617.691625725,1524130.0059220826,2898537.194010261,3190907.0849667266,2837409.2966912696,3058723.9328288985,3561201.540034377
2025-07-07,1471184.331137151,1500999.766353267,2858830.7359095933,3147195.512545239,2798540.2169408584,3016823.1099133412,3512417.3808972742
2025-07-08,1457562.253996992,1487101.6203685144,2832360.080947467,3118054.813355005,2772627.8075247393,2988889.562599329,3479894.9977408173
2025-07-09,1455375.9106159965,1487101.7676864306,2832360.3615317787,3118055.1222413187,2772628.0821917458,2988889.8586900434,3479895.34247239
2025-07-10,1455375.9106159965,1521847.1124702925,2898536.9605056806,3190906.8279089867,2837409.0681111193,3058723.6864197617,3561201.2531459173
2025-07-11,1455375.9106159965,1521847.1124702925,2898536.9605056806,3190906.8279089867,2837409.0681111193,3058723.6864197617,3561201.2531459173
2025-07-14,1455375.9106159965,1519564.341801587,2911772.146636218,3205477.021895821,2850365.134449626,3072690.31091455,3577462.271058025
2025-07-15,1455375.9106159965,1510391.8633786421,2898537.2402904485,3190907.135915108,2837409.3419954437,3058723.981666746,3561201.5968951536
2025-07-16,1486373.8997348277,1544875.4773688498,2964713.4702833937,3263758.435383418,2902189.9667153824,3128557.4200238925,3642507.0542312004
2025-07-17,1499645.0952681743,1558669.0084167859,2991184.126268067,3292899.1356993415,2928102.3771324838,3156490.968416963,3675029.4386439784
2025-07-18,1532823.276429684,1593153.0359345335,3057361.14984644,3365751.3088005204,2992883.7787017506,3151756.231964337,3756335.8709951653
2025-07-21,1519551.8450473,1579359.259754875,3030890.0234385324,3336610.0906106727,2966970.9077822748,3119788.135493313,3723812.9086108673
2025-07-22,1519551.8885681941,1576990.2208652426,3030890.1102450765,3331605.175474757,2966970.9927581362,3119788.224845953,3723813.0152631463
2025-07-23,1517272.5607353419,1567752.2235385992,3017654.8806316135,3312088.656413795,2954014.883853725,3106164.796744208,3707551.9439270347
2025-07-24,1528289.5348605537,1581504.4360257797,3013128.398310666,3341142.0656805825,2979927.2951155994,3133411.856364771,3740074.329400079
2025-07-25,1528289.5348605537,1581504.4360257797,3008615.475098019,3341142.0656805825,2979927.2951155994,3133411.856364771,3740074.329400079
2025-07-28,1534934.271968643,1588380.54226937,3021696.411946271,3355668.7703139763,2992883.500746537,3147035.3861750523,3756335.5221366007
2025-07-29,1521644.9865918495,1574628.5251969446,2995534.9100020323,3326615.773887295,2966971.457692142,3119788.7137269164,3723813.5987967593
2025-07-30,1528289.6767959294,1572266.5824091493,3008615.7545142933,3341142.3759792815,2962521.000505604,3133412.1473711403,3740074.676748433
2025-07-31,1525997.2422807356,1583563.1936363578,3034777.769741215,3370195.942419105,2983806.4799335725,3160659.3543927553,3772597.2381609697
2025-08-04,1525997.2422807356,1542608.9505807743,2956292.0945871584,3283035.654578727,2906639.0285169883,3078918.1192239434,3675030.014533046
2025-08-05,1525997.2422807356,1563085.7708358716,2995534.354798105,3326615.157319571,2945222.1865564804,3119788.135493313,3723812.9086108673
2025-08-06,1503750.523442031,1542608.8051968354,2956291.8159699566,3283035.3451674185,2906638.7545793643,3078917.8290497917,3675029.668178036
2025-08-07,1543673.2241708746,1583563.1448372875,3034777.676221528,3370195.838563175,2983806.3879846167,3160659.256993903,3772597.121904644
2025-08-08,1570288.2088041897,1581187.8001200315,3087101.289764508,3428302.5084529757,3035251.1885560923,3215153.236832945,3837641.7264588955
2025-08-11,1556980.7519654513,1565439.8146297582,3060939.5527406796,3399249.250964582,3009528.8568465533,3187906.3195541953,3805119.510886581
2025-08-12,1570288.2797600278,1578819.6421052262,3087101.4292598306,3428302.6633659885,3035251.3257084894,3215153.3821144877,3837641.8998685176
2025-08-13,1567932.8473403878,1585509.5086125443,3100182.2751687155,3442829.2670089607,3048112.469339864,3228776.8172132666,3853902.9795563645
2025-08-14,1567932.8473403878,1585509.4841993258,3100182.227433002,3442829.213997268,3048112.4224059065,3228776.767497492,3853902.920215077
2025-08-15,1567932.8473403878,1572129.728367492,3074020.4910002546,3413775.957165285,3022390.091277521,3201529.8508343413,3821380.705377549
2025-08-18,1558922.4090572684,1569771.5337749408,3060939.5527406796,3399249.250964582,3009528.8568465533,3187906.3195541953,3805119.510886581
2025-08-19,1572246.43805272,1580817.0640806737,3087101.2443791395,3428302.4580513984,3035251.1439330033,3215153.189565006,3837641.670039371
2025-08-20,1552260.3726430757,1560722.0506790031,3047858.663888531,3384722.5996320513,2996667.6709931786,3174282.83973088,3788858.3778150436
2025-08-21,1518949.782689229,1527229.878116759,2982453.418750952,3379645.515732603,2932360.954300775,3106164.6065173596,3707551.7168702087
2025-08-22,1538936.2492727486,1547325.294879183,3021696.7869452816,3418986.690279669,2970945.201714267,3147035.776728898,3756335.988305901
2025-08-25,1536627.8448988395,1560721.883728949,3017164.2417648635,3448587.9377510836,2996667.3504403746,3174282.500178625,3788857.972521794
2025-08-26,1534326.425289213,1558380.8009033555,3012645.411148515,3448588.0949126096,2996667.4870066503,3174282.6448393064,3788858.1451903502
2025-08-27,1567251.7689472062,1589438.1737982049,3077294.226320322,3522591.8703077044,3060973.429478984,3242400.057944042,3870163.827244457
2025-08-28,1560666.911719915,1582760.0996984078,3064364.878574045,3507791.590610733,3048112.6540700714,3228777.012892599,3853903.213121335
2025-08-29,1554081.819265401,1576081.787041453,3051435.068959809,3492990.782211532,3035251.4192427723,3215153.4811926307,3837642.0181292626
2025-09-01,1514571.1720760188,1536011.817328506,2973856.029724945,3404185.7239958965,2958083.829692397,3133412.0997027145,3740074.619850884
2025-09-02,1512299.3153179048,1562725.1617275423,3025575.449731336,3463389.165413129,3009528.9495881726,3187906.4177926932,3805119.628145116
2025-09-03,1490674.8502819957,1560381.073984951,2986786.020888626,3418986.7402155246,2970945.2451062724,3147035.822692787,3756336.0431688963
2025-09-04,1510034.2639220217,1578278.3457388745,3025575.449731336,3463389.165413129,3009528.9495881726,3187906.4177926932,3805119.628145116
2025-09-05,1516487.355069967,1585023.0761501093,3038505.165711019,3478189.8666284564,3022390.091277521,3201529.8508343413,3821380.705377549
2025-09-08,1542299.9057945623,1612002.1923398983,3090224.4025741857,3537393.098400856,3073835.029001394,3256023.975954926,3886425.4833414224
2025-09-09,1542299.8598513098,1612002.144320299,3090224.310520131,3537392.993026186,3073834.937435559,3256023.878961902,3886425.3675694987
2025-09-10,1539986.4100615329,1645726.062859054,3154873.4012683346,3611397.0838747616,3138141.1540227365,3324141.582428514,3967731.396202686
2025-09-11,1581793.7027852903,1643257.4737647653,3245382.157190712,3715002.844115981,3228169.885966537,3419506.397705886,4081559.8726037014
2025-09-12,1581793.5018228805,1640796.0708872266,3245381.744874101,3715002.372135392,3228169.4758366966,3419505.9632672835,4081559.3540530796
2025-09-15,1588095.4000614807,1647333.0365892036,3258311.413303032,3729803.0189191694,3241030.5702274838,3433129.346206942,4097820.3714832356
2025-09-16,1600775.0085581585,1660485.6078810706,3284326.294448925,3759582.364698895,3266907.478349413,3460540.0017800736,4130538.0268571554
2025-09-17,1607102.3916131794,1667049.00901005,3297308.2503337646,3774442.865157218,3279820.582883352,3474218.4775505112,4146864.803686833
2025-09-18,1604691.7380257596,1673612.1730931425,3310289.737358148,3789302.828908971,3292733.2210434927,3487896.459304759,4163190.9908534363
2025-09-19,1614855.2929246733,1671101.7548335027,3336252.8359676283,3783618.8746656077,3318558.621263864,3515252.5540570132,4195843.521840615
2025-09-22,1596004.888383267,1649121.0967759728,3297308.346089217,3733851.4487961237,3279820.6781309536,3474218.578443523,4146864.924113825
2025-09-23,1658839.5652711035,1714046.9576045075,3292362.383570083,3880853.0971243745,3408947.145136432,3610998.4864520472,4310126.903761109
2025-09-24,1696540.4644818108,1753002.5702773375,3362145.583003988,3969054.3038772014,3486423.2166168056,3693066.6338714124,4408084.3333920445
2025-09-25,1658839.7390993985,1714047.1372179352,3287431.581201951,3880853.503795454,3408947.5023569143,3610998.8648453066,4310127.355415403
2025-09-26,1656351.4794907493,1701061.953681441,3262526.838783454,3851453.1483846777,3383122.1863412615,3583642.85928866,4277474.930893067
2025-09-30,1653870.5506089726,1698510.360750919,3262526.5963994786,3851452.862247407,3383121.9349978566,3583642.5930479066,4277474.613105221
2025-10-01,1672807.9799371932,1715385.853630527,3299883.7322575455,3895553.42160674,3421859.932073374,3624676.6258012303,4326453.279034735
2025-10-02,1716995.3218279795,1760697.8930863861,3387050.3959905715,3998454.7425944735,3512248.6058090082,3720422.716941849,4440736.850435679
2025-10-03,1723307.8865305444,1767171.1310914522,3399502.948716677,4013155.134582748,3525161.452043242,3734100.9191029267,4457063.300682262
2025-10-07,1792745.2816854448,1838375.9117896776,3536479.4178811754,4174857.544857768,3667201.090255047,3884559.373506008,4636652.141456938
2025-10-08,1790056.1637629166,1825429.6242135384,3511574.674918995,4145457.1888051666,3641375.773675614,3857203.367352165,4603999.716221783
2025-10-09,1825404.0574804498,1822691.479777218,3586288.4381445525,4233657.707244439,3718851.2405403354,3939270.8743197685,4701956.381402558
2025-10-13,1762022.2627976148,1756768.7183108185,3461765.105061988,4086656.377616441,3589725.0534816333,3802491.262850716,4538694.755707999
2025-10-14,1844418.8963281845,1838919.6827661702,3623646.0283358097,4277758.802949703,3757589.7087429184,3980305.4061242794,4750935.643004974
2025-10-15,1819065.8659954697,1813642.243574124,3573836.0812276383,4218957.546411328,3705938.5973531418,3925592.88724051,4685630.187879965
2025-10-16,1857095.100145041,1851558.0919409941,3648550.390195673,4307158.709106321,3783414.630133049,4007660.9936655974,4783587.568579686
2025-10-17,1854309.4574948235,1838919.5398021427,3623645.7466209335,4277758.47038182,3757589.4166147937,4001649.502175099,4750935.273650673
2025-10-20,1854309.4574948235,1836161.1604924395,3636098.2359055565,4292458.787476643,3770502.1970625077,4009386.90334752,4767261.640719595
2025-10-21,1883236.4770514183,1864805.0686513195,3698360.19199983,4365959.794111517,3835065.5908478247,4078040.7886788133,4848892.833197671
2025-10-22,1851532.1783146164,1833411.0627986973,3636098.273333597,4292458.831660906,3770502.2358740303,4009386.944617993,4767261.689791224
2025-10-23,1826168.6555984367,1808295.7752093028,3586288.573975357,4286020.143413414,3718851.381391961,3954463.6880638786,4701956.559489327
2025-10-27,1902259.0677287052,1883641.4834861811,3735717.365656394,4457917.560539239,3873803.627119015,4119233.119877589,4897871.548684516
2025-10-28,1876895.5789641736,1858526.2295161467,3730113.7896079095,4398478.578815814,3822152.841776854,4064309.9368438246,4832566.505800161
2025-10-29,1874080.2355957273,1855738.4401718725,3730113.7896079095,4443058.23587262,3860891.296415635,4105502.712916374,4881545.750253086
2025-10-30,1896307.0824716282,1877747.7508555807,3730113.7896079095,4502497.1420381395,3855099.9594710115,4160425.8261326468,4946850.710122692
2025-10-31,1896306.8925232857,1877747.56276628,3730113.7896079095,4502496.691034251,3849325.5849378738,4160425.4093931867,4946850.214609017
2025-11-03,1890048.521987875,1871550.4434782101,3730113.7896079095,4487637.127564828,3836621.678245892,4146694.781771898,4930524.153807221
2025-11-04,1902565.5216877062,1883944.9381521337,3730113.7896079095,4517356.86857952,3862030.0166225494,4174156.6044367147,4963176.950090094
2025-11-05,1852497.8600277225,1834367.2932961672,3730113.7896079095,4398478.705007623,3760397.3474772405,4064310.0534483767,4832566.644445898
2025-11-06,1849719.1132376809,1831615.7423562228,3699361.0325044952,4368758.966574153,3734989.0113073494,4036848.2331686756,4799913.850998988
2025-11-07,1834384.534209785,1816431.2442619489,3674195.5531753367,4339039.803588602,3709581.1671059267,4009386.944617993,4767261.689791224
2025-11-10,1846948.7588526262,1828872.5016840268,3699361.170008074,4368759.128958951,3734989.150135204,4036848.383216501,4799914.029409618
2025-11-11,1872077.2438105731,1853755.0518513198,3749692.475123604,4428197.864078563,3785805.1883319397,4091771.338381855,4865218.801352716
2025-11-12,1846948.7588526262,1828872.5016840268,3699361.170008074,4368759.128958951,3734989.150135204,4036848.383216501,4799914.029409618
2025-11-13,1834384.534209785,1816431.2442619489,3674195.5531753367,4339039.803588602,3709581.1671059267,4009386.944617993,4767261.689791224
2025-11-14,1831632.9574084703,1813706.597395556,3586115.7350367093,4235021.976756805,3620653.065745946,3913271.7357733957,4652978.29453395
2025-11-17,1860975.1910513535,1842761.6559023194,3649029.6250300533,4309320.110573824,3684172.8697659,3981925.166306359,4734608.946245398
2025-11-18,1841723.9225252622,1823698.8013097665,3611281.432840866,4264741.39775032,3646061.1305264668,3940733.2627302255,4685630.739212606
2025-11-19,1796803.5985944967,1779218.1167158138,3523200.9503188473,4160722.7863152167,3557132.3583845193,3844617.328891528,4571346.481919154
2025-11-20,1860975.4190957323,1842761.8817148067,3649030.072183083,4309320.638639019,3684173.3212253912,3981925.6542524938,4734609.526425597
2025-11-21,1790386.531626999,1772863.854172216,3510618.263788259,4145863.267571007,3544428.4899295243,3830886.742597513,4555020.470256523
2025-11-24,1787700.9518295585,1770204.5583909578,3523200.985498843,4139644.4726696503,3557132.3939033286,3844617.3672809424,4571346.527565131
2025-11-25,1816899.1164160825,1799116.957858451,3586115.844534498,4207256.463656735,3620653.176298291,3913271.8552605044,4652978.436607121
2025-11-26,1823273.9002852049,1805429.3511322413,3598698.113539965,4222018.070614134,3633356.623207045,3927001.9859392033,4669303.906531706
2025-11-27,1848774.5175722581,1830680.3915353506,3649030.1142945793,4281067.929760866,3684173.3637424572,3981925.7002057596,4734609.5810651835
2025-11-28,1836024.0674200666,1818054.7312100893,3623863.834613671,4251542.672506541,3658764.71148122,3954463.538288429,4701956.381402558
2025-12-01,1842399.4200895058,1824367.6877172957,3636447.2262922744,4266305.596592001,3671469.2918754024,3968194.8940600627,4718283.307993387
2025-12-02,1839635.8209593715,1821631.1361857199,3598698.5972649087,4222018.638123658,3633357.111590669,3927002.5137936533,4669304.534163894
2025-12-03,1849725.6398168474,1831622.2050591593,3623863.9718676456,4251542.833533874,3658764.850057066,3954463.6880638786,4701956.559489327
2025-12-04,1856148.263259222,1837981.969695904,3618428.175909844,4266305.054525533,3671468.825387397,3968194.38987082,4718282.708499725
2025-12-05,1856148.3676270782,1837982.0730423024,3613008.8660684065,4266305.294412143,3671469.0318274414,3968194.612995206,4718282.973800219
2025-12-08,1881839.085570361,1863421.3535690554,3663016.070946865,4325354.693635975,3722285.3765654215,4023117.8994762553,4783588.139685993
2025-12-09,1920374.9349748949,1901580.0490754596,3738026.435413608,4413928.269545431,3798509.4436559123,4105502.34281133,4881545.310188901
2025-12-10,1917494.3725724325,1898727.6790018464,3725525.0106106624,4399166.3642189875,3785805.739978683,4091771.934612306,4865219.510285684
2025-12-11,1946789.642832175,1927736.233760414,3788116.8408758063,4473075.913502135,3849410.3352018176,4160517.0091146925,4946959.128976515
2025-12-12,1901665.4872375526,1883053.712421823,3700313.017608279,4369395.593314184,3760185.8051901953,4064081.4144603866,4832294.78695165
2025-12-15,1869433.7057367233,1851137.386327441,3637595.530506234,4295337.666197374,3696453.519944031,3995198.330115855,4750391.071095252
2025-12-16,1850094.8913160493,1831987.842660018,3599965.533418849,4250903.4946373915,3658214.6519823167,3953869.0233622636,4701249.488236429
2025-12-17,1850094.8374635223,1831987.7893345507,3599965.4286311204,4250903.370902173,3658214.545499074,3953868.908273119,4701249.3513925485
2025-12-18,1847319.6952073271,1829239.8076505489,3562335.1279834085,4206468.840892742,3619975.3690652857,3912539.268116954,4652107.372109699
2025-12-19,1890017.1971104336,1871519.4251802217,3650139.16282807,4310149.410914747,3709200.1140774586,4008975.095148006,4766771.990436347
2025-12-22,1903006.9058990078,1884382.002495612,3675225.8365553757,4339772.202584909,3734692.701866646,4036527.9762044502,4799533.057431909
2025-12-23,1915996.6676470265,1897244.6322521283,3700312.6125618266,4333262.544281032,3760185.3935899027,4064080.9695948437,4832294.257995356
2025-12-24,1941976.3382371992,1922970.0374196724,3750486.4486536584,4385440.6095033325,3811171.0657118764,4119187.268381641,4897817.030105224
2025-12-26,1954966.1502526319,1935832.7169516308,3775573.3217402077,4414774.668832811,3836663.856086033,4146740.368395831,4930578.35744704
2025-12-29,1952033.701027253,1932928.9678762034,3800660.2990978393,4444108.850086376,3862156.7524184263,4174293.5829317295,4963339.820958042
2025-12-30,1952033.701027253,1930033.8107035658,3800660.0897754524,4444108.605325887,3862156.539709106,4174293.3530313894,4963339.547600768
2025-12-31,1952033.701027253,1936403.7212104336,3813203.8413432394,4458776.00334852,3874903.2550179395,4188070.249032258,4979720.622666956
2026-01-02,1993990.761710339,1980991.8679665728,3901007.686495223,4561444.964687729,3964127.8072681185,4284505.867722426,5094384.993271063
2026-01-05,2090163.9174814364,2076538.0676569918,4089159.119842763,4781450.275421425,4155323.6184151703,4491153.991741422,5340094.798413567
2026-01-06,2109398.614063621,2095647.3725965132,4083025.3811629987,4825451.487240904,4193562.9107178086,4532483.757130877,5389236.926601941
2026-01-07,2135044.791376215,2092503.9015376184,4126477.2987113167,4884119.575685646,4244548.465208433,4587589.92877944,5454759.547541259
2026-01-08,2128633.1957628233,2083095.4142129854,4114085.3789473646,4869452.436254553,4231801.974628806,4573813.275670237,5438378.761279357
2026-01-09,2125440.245969179,2089369.745723168,4126477.0991501873,4884119.339484076,4244548.259937248,4587589.70691838,5454759.283742892
2026-01-12,2166868.974850299,2133290.5374854933,4213220.071165918,4986788.763548881,4333773.214319517,4684025.760240675,5569424.171135506
2026-01-13,2192361.608017482,2158388.129329918,4262787.476935926,5045456.997810791,4384758.895532681,4739132.068853405,5634946.954928655
2026-01-14,2173242.1753894226,2139564.97703925,4225612.004753345,5001455.919341511,4346519.719118151,4697802.428718056,5585804.975670557
2026-01-15,2147749.5427192673,2136355.629573691,4176044.5999497487,4942787.68622345,4295534.038899051,4690755.725074979,5520282.1931548985
2026-01-16,2211480.889609671,2196454.1973514105,4299962.655447146,5089457.728689151,4422997.769873011,4822713.015785233,5684088.545984774
2026-01-19,2208163.6682752566,2183794.575187218,4275179.1190530155,5060123.808617643,4397505.100521117,4794916.522391564,5651327.374171242
2026-01-20,2224029.205725141,2202784.24954411,4312354.895662517,5104125.24740818,4435744.590073155,4836611.7918840675,5700469.755849016
2026-01-21,2230419.878567729,2209113.8757223124,4324746.301876236,5118791.778998598,4448490.552408302,4850509.632590912,5716849.8632526975
2026-01-22,2255983.488249265,2234433.289974168,4374313.707320911,5177460.012875442,4499476.233286824,4906102.992476006,5782372.646615792
2026-01-23,2262374.326230976,2231081.6400392065,4386705.433736586,5169693.822856129,4512222.524985887,4920001.192312049,5798753.17729205
2026-01-26,2255983.592592052,2221447.1309883376,4374313.909639805,5147369.466349994,4499476.441394681,4906103.219390991,5782372.914059628
2026-01-27,2252599.617203164,2215154.0329040363,4361921.993532111,5132787.574899143,4492727.226732589,4892204.806801898,5765992.132630905
2026-01-28,2287564.810823768,2252912.2974596764,4436272.852278909,5220278.172971398,4562464.021575121,4975594.566887083,5864275.977968828
2026-01-29,2338683.73360953,2303256.8600408183,4535407.743810378,5336932.78996047,4664418.836113351,5086781.377103127,5995321.651295233
2026-01-30,2287564.959079295,2252912.4434693977,4436273.13979075,5220278.511294094,4562464.317265327,4975594.889352,5864276.358028585
2026-02-02,2236445.9274904416,2249533.074804194,4337138.037257522,5103623.646013739,4460509.285723327,4864407.842482523,5733230.40578053
2026-02-03,2313124.295057096,2323175.3827863387,4485840.342339107,5278605.533588386,4613441.474398669,5031188.021674486,5929798.87318455
2026-02-04,2309654.6086145104,2291087.1643040096,4479111.581825598,5205696.252223384,4549719.587931194,4961696.126374037,5847895.163628708
2026-02-05,2309654.6086145104,2265416.6618811223,4422291.906399361,5147368.991550999,4498742.222458098,4906102.766846659,5782372.380687219
2026-02-06,2280062.95304265,2239746.377476666,4372181.261030251,5089042.226249434,4447765.289933491,4850509.8794712005,5716850.154227801
2026-02-09,2391126.0907205204,2348845.672280457,4585152.647937972,5336932.31045443,4664418.417030501,5086780.920072377,5995321.112635097
2026-02-10,2410725.5545151443,2345322.403772036,4622735.999842682,5380677.8126255805,4702651.490661519,5128475.993728697,6044463.263498762
2026-02-11,2456457.5361060225,2386234.322061686,4710430.29471932,5482750.426495944,4791861.799564767,5225764.2849218575,6159128.029952719
2026-02-23,2482589.8992248955,2411619.6343963267,4760540.941086476,5541077.192959194,4842838.733104674,5281357.173404552,6224650.257717134
2026-02-24,2478866.0143760582,2430658.9572681943,4798124.594300006,5584823.04584163,4881072.113253384,5323052.581333702,6273792.80255746
2026-02-25,2578553.846804934,2532200.75052,4998568.253454223,5818131.361421253,5084980.9396599345,5545425.326414219,6535883.1175138345
2026-02-26,2585016.330357216,2538547.061930788,5011095.882133738,5832713.014728509,5097725.139563667,5559323.512021925,6552263.63142046
2026-03-02,2507465.783623867,2534739.241337892,4860762.895518137,5657731.496074657,4944793.273320923,5392543.684458792,6355695.578449021
2026-03-03,2546241.232840253,2570081.325298347,4935929.729713442,5745222.652180856,5021259.553222887,5475933.976421891,6453980.05066255
2026-03-04,2449302.995308683,2472235.468914458,4748013.391541362,5526495.631761182,4830094.6137033785,5267459.075588767,6208269.847282778
2026-03-05,2445629.04081572,2530942.8063309058,4860762.855635664,5518205.88831354,4944793.232748983,5392543.640213069,6355695.526300653
2026-03-06,2366441.415888932,2452666.2751617264,4710430.080741103,5339530.541047132,4791861.581887404,5225764.047533838,6159127.75016528
2026-03-09,2234273.0753407446,2315682.1819447554,4447347.410340005,5041311.922078501,4524230.873109953,4933899.41162039,5815133.7309185155
2026-03-10,2353854.003832943,2312208.658671838,4685374.685754728,5311128.878257413,4766373.042073363,5197967.52363427,6126366.5423972495
2026-03-11,2372735.205222806,2327264.9087819913,4722957.944055645,5353731.560409579,4804606.0204824135,5239662.493446287,6175508.570869179
2026-03-12,2391616.427499561,2345784.297689309,4760541.243932172,5396334.289689975,4842839.041185811,5281357.509382397,6224650.6537033385
2026-03-13,2388029.002858312,2271706.845096372,4610208.253528289,5225923.609597216,4689907.171089296,5114577.677616534,6028082.595778529
2026-03-16,2429808.695752092,2314918.604157478,4697902.318765186,5325329.636557566,4779117.24638291,5211865.714046737,6142747.061966805
2026-03-17,2437736.304940705,2322471.367479666,4690855.465287038,5342704.309811873,4794709.821165493,5228870.19452157,6162788.68011432
2026-03-18,2470239.483763788,2318987.6604284467,4746280.837621463,5413940.428841119,4858639.340698132,5298588.52403521,6244959.266864266
2026-03-19,2437736.381060873,2285047.1396228326,4683829.86696212,5342704.476641875,4794709.97088395,5228870.357797014,6162788.872552078
2026-03-20,2418234.367050183,2266766.6472454662,4646358.991768703,5299962.571336633,4756352.049266239,5187039.131184453,6113486.250713562
2026-03-23,2414607.0154996077,2181458.18081342,4471495.928311244,5100501.5109502915,4577349.459993589,4991827.87988866,5883408.691898442
2026-03-24,2491805.8547230964,2254579.684080909,4621378.473394302,5271468.042043597,4730780.168149798,5159151.719438001,6080617.921794479
2026-03-25,2512009.884508694,2272860.23952821,4658849.477866821,5314210.09481364,4769138.2221070295,5200983.090373408,6129920.71373307
2026-03-26,2491805.9052385413,2269450.9491689177,4621378.567081774,5271468.148910091,4730780.26405513,5159151.824027548,6080618.045064565
2026-03-27,2431194.486889274,2210931.7604064005,4508966.79813506,5143243.410130591,4615707.3761145845,5033659.100506779,5932711.30667186
2026-03-30,2397521.4239694546,2180309.4285933464,4446515.717600057,5072007.332599472,4551777.89382366,4963940.811607086,5850540.767789841
2026-03-31,2393925.1418335005,2174185.035468996,4434025.650854919,5057760.287465853,4538992.150263175,4949997.3205697145,5834106.856537575
2026-04-01,2477872.9886234063,2253802.8900448354,4596398.035769782,5242973.604859534,4705208.369694827,5131264.397838003,6047749.699122736
2026-04-02,2511539.7485322296,2284425.2186021623,4658849.109665067,5314209.674816924,4769137.845188851,5200982.679325336,6129920.229268488
2026-04-07,2491339.8350147987,2280998.5807742593,4621378.729528342,5306238.360304698,4730780.430347289,5159152.005377441,6080618.258805014
2026-04-08,2605806.779240845,2382227.857104179,4833712.307567572,5541725.867300592,4948140.5720892595,5396194.080711064,6359997.964980819
2026-04-09,2619273.461543721,2394539.0944454335,4858692.696945667,5570365.236212784,4973712.32115567,5424081.348450374,6392866.124171919
2026-04-10,2615344.5513514057,2431472.850619539,4933633.954664185,5656283.44565536,5050427.660059858,5507743.251677131,6491470.719616435
2026-04-13,2624650.0274565318,2443784.2917339704,4958614.757512767,5684923.288600748,5075999.832384826,5535630.981001006,6524339.422834835
2026-04-14,2664317.0327515565,2480717.8270343123,5033555.567062471,5770840.984229397,5152714.71251072,5619292.383907153,6622943.4285974335
2026-04-15,2730429.3461192953,2476996.750293761,5158458.121417981,5914038.525233272,5280574.079688302,5758729.400757264,6787285.023830207
2026-04-16,2750262.7919445504,2491252.4195858683,5195928.418841498,5956997.249972073,5318931.409858591,5800559.982366913,6836586.885463077
2026-04-17,2717206.7968443516,2461309.5253953957,5188134.526213236,5885398.829456139,5255002.038768104,5730841.814736844,6754416.489510417
2026-04-20,2713130.986649085,2431366.6045557065,5117342.557304905,5813800.345217512,5191072.610780391,5661123.585057512,6672246.020425993
2026-04-21,2735757.7713819523,2455321.015239531,5167759.851429866,5871079.309583542,5242216.311189531,5716898.341128546,6737982.598800196
2026-04-22,2729085.191451752,2449332.4273974835,5155155.559109305,5856759.603950411,5229430.417747606,5702954.686637988,6721548.494900684
2026-04-23,2789138.4573955117,2445658.4287563874,5268594.277967311,5985637.054594451,5344503.547965401,5828447.674374181,6869455.544699823
2026-04-24,2815828.852857699,2465363.8789014067,5319011.590322639,6042916.039671954,5395647.266867568,5819705.002862619,6935192.146843685
2026-04-27,3042696.26034022,2663994.811722407,5747556.94336898,6529785.3656125525,5830367.049599425,6279171.768905973,7493950.915563168
2026-04-28,3038132.2159497095,2623100.324608535,5659327.269526304,6429547.849264785,5740866.173272706,6182781.375103633,7378912.673821869
2026-04-29,2938993.518281502,2541310.9816521993,5482867.126310658,6229071.912769231,5561863.613627069,5989999.718386837,7148835.153087265
2026-04-30,2979531.3724865015,2576363.5577885425,5558492.903233679,6314990.172697869,5638578.997609658,6072620.429783961,7247439.80647244
2026-05-04,2972775.1707045697,2572499.0124518597,5545888.807165262,6300670.690026319,5625793.303247453,6058850.529809905,7231005.958456243
2026-05-05,3040337.8453932446,2627024.0192020717,5671930.99327827,6443866.908948528,5753651.489954169,6196550.868324181,7395346.036393339
2026-05-06,3040337.8453932446,2627024.0192020717,5671930.99327827,6443866.908948528,5753651.489954169,6196550.868324181,7395346.036393339
2026-05-07,3035777.338625155,2726267.237674406,5886204.133764016,6434201.108585105,5745021.012719237,6430642.9996122755,7674726.025690589
2026-05-08,3035777.338625155,2685402.485568224,5797974.23852534,6328264.742344066,5650431.701661827,6334252.363936122,7559687.495282162
2026-05-11,2985102.7931167167,2644537.417766804,5709743.661678276,6231964.478547107,5564446.350923297,6237860.983606858,7444648.076158781
2026-05-12,2945565.2552957423,2640570.6116401535,5634118.391254683,6149422.419413437,5490745.5361440815,6155240.825557348,7346044.0831727795
2026-05-13,2906027.4381301817,2601224.8479883093,5558492.58651583,6066879.777095315,5417044.200646463,6072620.083771594,7247439.393519938
2026-05-14,2965334.2534505893,2654311.1883450123,5671931.46495273,6190693.927571064,5527596.370861667,6196551.383625723,7395346.651385986
2026-05-15,3044409.6881699534,2725092.6899091667,5823182.692623833,6355778.79548016,5674998.669766231,6361792.4500757875,7592555.532873209
2026-05-18,3039843.0736376983,2624818.6567736594,5608909.60883609,6121908.007928645,5466178.248074423,6127700.380729926,7313175.617501639
2026-05-19,3039843.0736376983,2618920.160544543,5600496.244422836,6108150.847521934,5453894.644519281,6113930.203694792,7296741.438823664
2026-05-20,3014781.8383776667,2614991.7803037264,5600496.244422836,6066880.397372805,5417044.754484796,6072620.704635973,7247440.134497786
2026-05-21,3062635.5029202555,2652520.791767374,5600496.244422836,6163180.055165661,5503029.56412953,6169011.478387751,7362478.829694179
2026-05-22,3069471.4746326455,2658441.3647776977,5604589.976611255,6176936.613683743,5515312.630265531,6182781.052964764,7378912.289361472
2026-05-25,3110488.8624401777,2693966.1518049897,5679484.186403638,6259479.099137639,5589013.825700963,6265401.63773787,7477516.791625735
2026-05-26,3172015.1761596506,2747253.5332860993,5791825.924719113,6383293.294206607,5699566.035732919,6389332.982227412,7625424.102762438
2026-05-27,3167257.153395411,2735411.819038428,5766860.938145506,6355778.8568846695,5674998.724593582,6361792.511538397,7592555.606226478
2026-05-28,3167257.153395411,2731308.7013098705,5866719.725044713,6465835.328378541,5773266.828224099,6471953.1152915675,7724028.065929376
2026-05-29,3167257.153395411,2715613.0621279664,5841755.756351904,6438322.012884459,5748700.518751401,6444413.767491849,7691160.909518767
2026-06-01,3182785.905008381,2733020.838167248,5879202.9086362105,6479593.307838847,5785551.163102372,6485724.112155258,7740463.223041322
2026-06-02,3230088.188200927,2773638.7526347856,5966579.103338195,6575892.451660494,5871535.513828377,6582114.371449522,7855501.304252386
2026-06-03,3277390.7251309287,2814256.884983694,6053955.766740884,6672192.112047055,5957520.325789,6678505.147797459,7970540.002547196
2026-06-04,3223330.8279180443,2767836.286802868,5954096.99068107,6562135.652499507,5859252.232825212,6568344.556001916,7839067.557115268
2026-06-05,3236845.922178135,2763684.5323726637,5979061.906278874,6552292.449020758,5883819.474119344,6595884.948392992,7871935.960205639
2026-06-08,3231990.6532948674,2569430.0906646783,5567142.547595621,6091743.534452985,5478461.713591378,6141470.403021359,7329609.611498939
2026-06-09,3335686.6752406876,2655846.15110708,5754378.8256451385,6296623.394537725,5662715.443744676,6348022.696263718,7576121.8592957435
2026-06-10,3306743.478570757,2632801.8172231056,5704449.040782501,6241988.644032735,5613581.006751331,6292941.962594424,7510385.114116241
2026-06-11,3250269.7913996903,2587837.9344263854,5607026.524430648,6135385.843938663,5517710.365517999,6185468.964436478,7382120.208713855
2026-06-12,3373606.0315412753,2686037.22907339,5819793.345119588,6368202.031632248,5727087.953948951,6420185.629374476,7662245.554992845
2026-06-15,3424391.289298053,2682008.1732297796,5907402.776203053,6464067.043314102,5813301.825757852,6516833.186613156,7777590.711442027
2026-06-16,3419254.7023641057,2695012.467375696,5944950.159743049,6505152.578480465,5850251.104748066,6558254.102774423,7827024.987810656
2026-06-17,3385382.791239814,2672317.536379094,5894887.224863572,6450372.131013837,5800985.638728036,6503026.482820002,7761112.939477901
2026-06-18,3442884.1758138225,2717707.3690328263,5995013.029902344,6559932.955128223,5899516.507078861,6613481.651331877,7892936.950933868
2026-06-22,3529135.681455267,2785791.667110185,5986020.51035749,6724273.102921023,6047311.830798059,6779163.306836482,8090671.658576223
2026-06-23,3608200.020279413,2848202.6357275937,6110960.77309313,6874919.112296387,6182791.663460181,6931039.038747962,8271929.525393293
2026-06-24,3500385.2181474757,2843930.3317740024,5928362.241170267,6669493.127151608,5998046.788987471,6723936.162429737,8024760.177791397
2026-06-25,3495134.6403202545,2810516.094267365,5867496.099063796,6601017.838371817,5936465.199778154,6654901.910248733,7942370.442906476
2026-06-26,3417495.1992409113,2752206.6064258832,5745763.762022159,6464067.20137919,5813301.967909853,6516833.34596853,7777590.901626559
2026-06-29,3374052.691584272,2717221.11278163,5672724.775374765,6381897.286714403,5739404.449251341,6433992.6787476465,7678723.73939348
2026-06-30,3533342.682831577,2845501.8975931876,5940535.7322313795,6683188.4803811535,6010363.372556334,6737743.310751474,8041238.480283356
2026-07-01,3612987.7199065173,2909642.3233808735,6074441.280350876,6833834.155618124,6145842.904719202,6889618.705796991,8222495.945063806
2026-07-02,3547823.3088499657,2905277.859895802,5964881.708268546,6710578.0549800275,6034995.521783044,6765356.466295363,8074193.72340864
2026-07-03,3542501.5738866907,2859484.8243743647,5879669.4432802955,6614713.026399053,5948781.63477633,6668708.892019615,7958848.5466263695
2026-07-06,3610429.764151564,2918687.5031919805,6001401.92412339,6751663.825170395,6071945.012136392,6806777.619399134,8123628.282559069
2026-07-07,3632399.7679189444,2936448.1520979987,6037921.350201614,6741536.329432639,6108893.703429744,6848197.8767399,8173061.772650673
2026-07-08,3581135.8989599226,2895006.212088087,5952708.480292489,6636438.719845493,6022679.204391651,6751549.616364149,8057715.777034339
2026-07-09,3588459.6144075487,2900926.7362778005,5964882.255396917,6650010.779142063,6034996.0753426,6765357.086847228,8074194.464013514
2026-07-13,3603106.221403469,2896575.3461733838,5989228.436087085,6677153.370913102,6059628.431627891,6792970.474508126,8107149.984161555
2026-07-14,3597701.5620713634,2833451.5614516456,5867495.892889645,6541438.583969419,5936464.991180542,6654901.676406438,7942370.163824657
2026-07-15,3614672.0465000197,2851087.2774052154,5904015.836386658,6582153.22132694,5973414.205974648,6696322.520602522,7991804.354305597
2026-07-16,3622124.853467666,2856965.7092112172,5916188.860604754,6595724.443490101,5985730.317213018,6710129.139431877,8008282.024868686
2026-07-17,3540142.6282180715,2792301.8956271308,5782283.391464202,6446438.5439461395,5850250.864957449,6558253.833964117,7827024.666995855
2026-07-20,3428348.8874963387,2704124.1279721395,5599685.355697968,6242867.232040198,5665506.4924734095,6351151.520385712,7579855.991002374
2026-07-21,3502878.189661009,2700067.941780181,5721417.61096055,6378581.697976721,5788669.641601387,6489219.99191228,7744635.42158438
2026-07-22,3497623.8723765174,2799275.8236747906,5712835.484544109,6622867.659765461,6010363.240246432,6737743.1624293,8041238.303266525
2026-07-23,3497623.8723765174,2736177.423402313,5575699.066530764,6473581.7798199365,5874883.805776772,6727636.547685656,7859980.969189383
2026-07-24,3497623.8723765174,2701760.044062929,5505564.378548279,6392152.952180703,5800985.78191734,6633062.463947972,7761113.131050236
2026-07-27,3497623.8723765174,2673078.9395612,5447118.896822714,6324295.702157554,5739404.191875755,6562647.788109884,7678723.395051826
2026-07-28,3497623.8723765174,2604244.143560793,5306849.444804846,6161437.958579009,5591608.064023091,6393652.209628681,7480987.611562876
2026-07-29,3497623.8723765174,2600337.7773454515,5283471.397851046,6134295.227774842,5566975.58156291,6365486.514875593,7448031.922606008
2026-07-30,3407393.6581934523,2533255.368498907,5154891.404156299,5985009.354470064,5431496.15311984,6210574.307670382,7266774.596591814
2026-07-31,3631462.5515867257,2699841.2649471215,5493875.075653823,6378581.262365056,5788669.246276511,6618979.279931262,7744634.892680982
2026-08-03,3693274.9845975772,2745796.236245548,5587388.303522705,6487153.393120457,5887200.271978843,6731643.31199245,7876459.11465683
2026-08-04,3608283.2719279407,2682608.4352468145,5458808.194203162,6337867.385571244,5878369.471570875,6576730.965483357,7695201.625648062
2026-08-05,3685548.375272045,2740051.8237949545,5575699.066530764,6473581.7798199365,5995251.64063117,6717560.207374593,7859980.969189383
2026-08-06,3680020.0527091366,2735941.746059262,5599077.3380194185,6463871.407150206,6020389.048304194,6745726.172645582,7892936.974669733
2026-08-07,3680020.0527091366,2726140.787117303,5587388.303522705,6440715.892834583,6007820.453333838,6731643.31199245,7876459.11465683
2026-08-10,3674507.9935833714,2726140.567000865,5587387.852380924,6440715.372792681,6007819.968245156,6731642.768460232,7876458.478688896
2026-08-11,3674508.1167031745,2726140.658344221,5587388.039594585,6440715.588598337,6007820.169546015,6731642.994013839,7876458.742601241
2026-08-12,3697570.045921969,2743250.4485274088,5622455.576090512,6481138.7751324605,6045526.420045096,6773892.097655344,7925892.933041838
2026-08-13,3751380.621830829,2783172.8528805873,5704278.927322246,6575458.50557807,6133506.702851,6872472.254458951,8041238.107851799
2026-08-14,3743693.4159716447,2778998.0936012664,5692589.906448876,6561984.292149352,6120938.122529099,6858389.410219121,8024760.2670435235
2026-08-17,3738077.875847687,2746346.7959283344,5634144.487265537,6494612.862109277,6058094.882414222,6787974.809731435,7942370.619209969
2026-08-18,3738077.875847687,2752044.488165382,5645833.3320083385,6508086.872508084,6070663.273352323,6802057.441770485,7958848.211729574
2026-08-19,3738077.875847687,2666577.3637642013,5470497.0895129405,6305972.59974168,5882133.56919512,6590813.658445119,7711679.289451189
2026-08-20,3738077.875847687,2695066.311058273,5462291.3438786715,6373343.801295083,5944976.596180445,6661228.020125381,7794068.657864573
2026-08-21,3748261.601831086,2706462.1510022017,5477172.381710163,6400292.899196377,5970114.382765692,6689394.409959979,7827025.160111873
2026-08-24,3803498.8450908945,2702402.4577756985,5557888.173552609,6494612.499416977,6058094.544099311,6787974.430656307,7942370.175667494
2026-08-25,3716697.211787149,2636774.3585736803,5431048.7052544635,6346395.5561275305,5919839.6050147265,6633062.521542543,7761113.198439618
2026-08-26,3748261.642831253,2659167.4343819837,5477172.441621932,6400292.969205651,5970114.448069481,6689394.483131576,7827025.245727386
2026-08-27,3835063.4494524375,2720748.1241542767,5604012.163181346,6548510.208440925,6108369.663208687,6844306.701559053,8008282.584872359
2026-08-28,3829310.854278259,2731944.401713041,5627073.495123337,6575458.288360266,6133506.500232908,6872472.027429409,8041237.842212516
2026-08-31,3829310.854278259,2681560.364516911,5523295.877941275,6454190.031665654,6020388.964071972,6745726.078265053,7892936.864238395
2026-09-01,3829310.854278259,2677538.023970136,5523295.743117701,6454189.874118967,6020388.817114363,6745725.913601976,7892936.671571919
2026-09-02,3855505.063178993,2695853.588573927,5569419.187071845,6508086.945500535,6070663.3414387815,6802057.518060007,7958848.300993262
2026-09-03,3807610.6328706313,2662364.7538548154,5500233.916986031,6427241.2167194085,5995251.441423709,6717559.984166595,7859980.708021553
2026-09-04,3855505.27669763,2695853.7378708352,5569419.495507388,6417600.35489433,6070663.677633326,6802057.894759306,7958848.741755865
2026-09-07,3887434.957527959,2718179.6700737323,5615543.096472623,6461056.649723424,6120938.373099732,6858389.690978532,8024760.595550236
2026-09-08,3935329.12731922,2751668.3226335817,5684727.990231884,6540658.481675254,6196349.862919103,6942886.765255819,8123627.65074128
2026-09-09,3929426.1336282413,2747540.8201496312,5719320.593384081,6580459.577453175,6234055.7781657865,6985135.49325368,8173061.4016544605
2026-09-10,3868168.530025202,2704708.1619648878,5638604.753690542,6487590.623581637,6146075.564674506,6886555.41411573,8057716.317718353
2026-09-11,3844437.487360412,2688114.897144811,5604012.163181346,6447789.542350333,6108369.663208687,6844306.701559053,8008282.584872359
2026-09-14,3773243.94927504,2638334.815939971,5500233.793866706,6328385.610862567,5995251.307223722,6717559.83379818,7859980.532080759
2026-09-15,3804885.4506434486,2660459.246751004,5546357.409899705,6381453.905586633,6045526.019113983,6773891.648420007,7925892.407407368
2026-09-16,3768483.801529349,2635006.4163730973,5493294.956662798,6320402.016134959,5987687.979122337,6709085.275108291,7850064.74897372
2026-09-17,3762831.0758270547,2631053.906748538,5562683.945589065,6400238.673180874,6063321.93254283,6793831.615425448,7949223.461592335
2026-09-18,3843118.6677507875,2687192.749587221,5554339.9196706815,6546605.877765052,6201984.1804804,6949199.906006903,8131014.434726464
2026-09-21,3819685.017337673,2670807.4279433964,5512203.687799526,6506687.549242095,6164167.203770153,6906826.735848325,8081435.078417156
2026-09-22,3913419.618990131,2736348.7145186947,5647472.489954116,6666360.863333926,6315435.110611139,7076319.4164826395,8279752.503654386
2026-09-23,3866552.318163902,2703578.0712310453,5579838.088876821,6586524.20628801,6239801.157190646,6991573.076165482,8180593.79103577
2026-09-24,3874363.5349682732,2709039.8451123205,5591110.48905637,6599830.315795663,6252406.816094061,7005697.466218342,8197120.243138873
2026-09-29,3868551.9896658207,2704976.285344652,5579838.088876821,6586524.20628801,6239801.157190646,6991573.076165482,8180593.79103577
2026-09-30,3893972.057758301,2722750.5537390504,5624927.689595018,6639748.64431862,6290223.792804308,7048070.63637692,8246699.599448181
2026-10-01,3886168.5065403488,2717294.1398037015,5613655.289415468,6626442.534810968,6277618.133900893,7033946.2463240605,8230173.147345078
2026-10-02,3909579.160194206,2733663.381609748,5647472.489954116,6666360.863333926,6315435.110611139,7076319.4164826395,8279752.503654386
2026-10-05,3979811.121155779,2782771.1070278874,5748924.091570058,6786115.848902798,6428886.040741878,7203438.926958376,8428490.57258231
2026-10-06,4018828.877245541,2810053.176704631,5805286.0924678035,6852646.396441061,6491914.335258955,7274060.877222673,8511122.833097823
2026-10-07,4012800.633929673,2805838.0969395745,5774067.180170543,6842367.4268464,6457002.962925946,7234943.37897128,8465352.82399828
