Date,AI 5 日,固定 5 日基準,AI 20 日,固定 20 日基準,AI 60 日,固定 60 日基準,Buy & Hold
2020-01-03,1000000.0,1000000.0,1000000.0,1000000.0,1000000.0,1000000.0,1000000.0
2020-01-06,1000000.0,966572.610919669,966572.610919669,966572.610919669,1000000.0,966572.610919669,966572.610919669
2020-01-07,1000000.0,965121.6083560229,965121.6083560229,965121.6083560229,1000000.0,965121.6083560229,965121.6083560229
2020-01-08,975979.6395632115,943351.9480171652,943351.9480171652,943351.9480171652,1000000.0,943351.9480171652,943351.9480171652
2020-01-09,1006010.0779848134,972378.4475838018,972378.4475838018,972378.4475838018,1000000.0,972378.4475838018,972378.4475838018
2020-01-10,1022526.8651037796,988343.0667951562,988343.0667951562,988343.0667951562,1000000.0,988343.0667951562,988343.0667951562
2020-01-13,1027030.85941105,986860.5521949634,992696.4893783601,992696.4893783601,1000000.0,992696.4893783601,992696.4893783601
2020-01-14,1037541.5051103395,995466.8941641347,1002855.756737442,1002855.756737442,1008720.9301760307,1002855.756737442,1002855.756737442
2020-01-15,1035985.1928526739,994026.2887050828,1001404.4583705479,1001404.4583705479,1007261.1439318164,1001404.4583705479,1001404.4583705479
2020-01-16,1035985.1928526739,950807.6668195782,957865.045849421,957865.045849421,963467.0923919324,957865.045849421,957865.045849421
2020-01-17,1035985.1928526739,962332.7113645934,969475.635148153,969475.635148153,975145.585892743,969475.635148153,969475.635148153
2020-01-20,1034433.5425388656,962332.7113645934,969475.635148153,969475.635148153,975145.585892743,969475.635148153,969475.635148153
2020-01-30,1009656.7296715147,960889.2122975464,946254.697887585,946254.697887585,951788.8416394697,946254.697887585,946254.697887585
2020-01-31,1000364.9671156426,950620.3214895066,937546.4174277397,937546.4174277397,943029.6310484407,937546.4174277397,937546.4174277397
2020-02-03,975588.3461259737,927075.7550713785,914325.6599957736,914325.6599957736,919673.0676754918,914325.6599957736,914325.6599957736
2020-02-04,1042176.1044430792,990352.337418304,976731.9979893446,976731.9979893446,982444.3873661219,976731.9979893446,976731.9979893446
2020-02-05,1040612.8402864146,968279.1015776256,954962.3358901382,954962.3358901382,960547.4060158132,954962.3358901382,954962.3358901382
2020-02-06,1040612.8402864146,969750.8453338711,956413.8387192357,956413.8387192357,962007.3979180222,956413.8387192357,956413.8387192357
2020-02-07,1040612.8402864146,968296.2190658703,957865.2606507291,957865.2606507291,963467.3084494998,957865.2606507291,957865.2606507291
2020-02-10,1040612.8402864146,941942.0437033043,933192.6777771411,933192.6777771411,938650.4286750271,933192.6777771411,933192.6777771411
2020-02-11,1040612.8402864146,968310.5550574645,959316.2613713526,959316.2613713526,964926.7953066678,959316.2613713526,959316.2613713526
2020-02-12,1040612.8402864146,977100.2582200349,957877.2869792955,957877.2869792955,973685.782865006,968024.3200953233,968024.3200953233
2020-02-13,1040612.8402864146,990284.5195753278,969348.1456945074,969348.1456945074,986823.9718391965,981086.1175178989,981086.1175178989
2020-02-14,1035980.1338717417,987354.683718596,966480.2517723343,966480.2517723343,983904.3742893764,978183.4958684377,978183.4958684377
2020-02-17,1019072.2403810484,985873.6516930182,950706.6431638817,950706.6431638817,967846.3922667486,962218.8824345035,962218.8824345035
2020-02-18,997553.2773108453,963610.3021797101,930631.3037186717,930631.3037186717,947409.1259498585,941900.4479054483,941900.4479054483
2020-02-19,991405.0231698919,957671.2499351896,924895.5120602916,924895.5120602916,941569.9269674233,936095.2007463071,936095.2007463071
2020-02-20,1008313.0300041197,974003.9410759655,940669.2264085013,940669.2264085013,957628.0166361302,952059.9212004158,952059.9212004158
2020-02-21,1006800.5604591136,966579.9249544792,933499.292892495,933499.292892495,950328.8204685665,944803.1659599752,944803.1659599752
2020-02-24,986761.6758830486,948762.5853399783,916291.7412954087,916291.7412954087,932811.0437150985,927387.2457218663,927387.2457218663
2020-02-25,988306.0085187639,947339.4414619684,917725.7848689521,917725.7848689521,934270.9408442364,928838.6543289475,928838.6543289475
2020-02-26,979041.0716213012,937052.9687733443,909122.506721601,909122.506721601,925512.5590905646,920131.1978872127,920131.1978872127
2020-02-27,985217.7770104303,942964.7739977532,914858.1005076172,914858.1005076172,931351.5566333076,925936.2447779259,925936.2447779259
2020-03-02,951245.0791844295,910449.0621672207,883311.5749297648,883311.5749297648,899236.2966962715,894007.7179242641,894007.7179242641
2020-03-03,949818.2115656529,941486.6668016267,913424.050817657,913424.050817657,929891.6532774834,924484.8299803633,924484.8299803633
2020-03-04,958817.6470591127,951832.7724585562,923461.7731482816,923461.7731482816,940110.3399923882,934644.1004899484,934644.1004899484
2020-03-05,967750.8299734673,950405.0232998683,932065.5498510265,932065.5498510265,948869.2292896253,943352.0615241537,943352.0615241537
2020-03-06,952862.1636497697,934381.6465122822,917725.8949174047,917725.8949174047,934271.0528766899,928838.7657099921,928838.7657099921
2020-03-09,915641.1052440027,897882.4809825092,881877.3425891575,881877.3425891575,897776.2073968956,892556.1182643123,892556.1182643123
2020-03-10,897775.1375919358,880363.0191882332,864670.1726777653,864670.1726777653,880258.8192103158,875140.5843337828,875140.5843337828
2020-03-11,896428.4748855479,902262.2988372961,886179.0883216029,886179.0883216029,902155.5068553917,896909.9544354954,896909.9544354954
2020-03-12,866118.8849427633,873063.091753159,857500.369564453,857500.369564453,872959.7557964021,867883.9610751005,867883.9610751005
2020-03-13,796597.3116428523,871753.4971155293,856214.1190101063,856214.1190101063,802889.0799278318,798220.708761087,798220.708761087
2020-03-16,825564.8666732915,902100.8888691618,886020.5555550321,886020.5555550321,832085.4295341127,827247.2971885406,827247.2971885406
2020-03-17,767630.2128716739,838795.2604436624,823843.3769717875,823843.3769717875,773693.1901844864,769194.5775227117,769194.5775227117
2020-03-18,780665.4553603681,853038.9671593573,837833.1835367973,837833.1835367973,786831.3889901035,782256.3847195493,782256.3847195493
2020-03-19,779494.4571773276,805391.1094973396,791034.6692712482,791034.6692712482,742881.6616388975,738562.2015587951,738562.2015587951
2020-03-20,798402.6284386206,826164.8461797679,811438.105232155,811438.105232155,762043.0701062977,757612.1966703037,757612.1966703037
2020-03-23,793769.9305633749,824925.5989104982,806729.7695477473,806729.7695477473,757621.3470483074,753216.1835701984,753216.1835701984
2020-03-24,827744.5216413386,858945.2832625912,841259.0619478156,841259.0619478156,790048.7223705667,785455.011024823,785455.011024823
2020-03-25,853997.4767559557,886187.8096434252,867940.6476492677,867940.6476492677,815106.1079581239,810366.7012986495,810366.7012986495
2020-03-26,863263.1999550079,895802.7923219709,877357.6518128788,877357.6518128788,823949.8666105338,819159.038218057,819159.038218057
2020-03-27,861968.3051550754,910225.749038306,891483.630817747,891483.630817747,837215.9485701025,832347.9849966101,832347.9849966101
2020-03-30,861968.3051550754,844522.6945510927,827133.4433703336,827133.4433703336,776782.9788979267,772266.4007650779,772266.4007650779
2020-03-31,861968.3051550754,843255.9105092661,856954.1304233983,856954.1304233983,804788.3779148917,800108.9633447909,800108.9633447909
2020-04-01,871711.7780882735,852787.8632396256,867940.8857730931,867940.8857730931,815106.331586531,810366.9236267769,810366.9236267769
2020-04-06,860677.4403976528,841993.0690221085,856954.2809458415,856954.2809458415,804788.5192745148,800109.1038824832,800109.1038824832
2020-04-07,893780.146244281,874377.1511189518,889913.7895313721,889913.7895313721,835741.6689352973,830882.2775104502,830882.2775104502
2020-04-08,898508.9481045472,879003.2958326828,894622.135315395,894622.135315395,840163.4014781043,835278.3000402232,835278.3000402232
2020-04-09,906390.8008650116,886714.0421400305,902469.8923819029,902469.8923819029,847533.4385146312,842605.484247811,842605.484247811
2020-04-10,905031.2146637142,885383.9710768205,878927.4563424274,878927.4563424274,825424.1117260276,820624.7113856169,820624.7113856169
2020-04-13,898834.3481005299,879321.6317485755,874218.6895996333,874218.6895996333,821001.9838496608,819393.7743185385,816228.2958209378
2020-04-14,906902.6539198043,887214.7834215659,882066.0351706175,882066.0351706175,828371.6344398152,825510.7228759241,823555.0958291324
2020-04-15,926267.3490586757,906159.0920851259,880742.9361178615,880742.9361178615,846059.4911169158,843137.491761502,841140.1070669597
2020-04-16,913357.7427195426,893529.7392623867,880742.9361178615,867167.0636552322,834267.7605966653,831386.4858349015,829416.9391615747
2020-04-17,979519.6566374653,958255.349970145,943127.6034937085,929983.0118150241,894700.5452323386,891610.5563557809,889498.3394324927
2020-04-20,978050.3771525092,956817.9669451899,957111.6426016503,943772.1520742717,907966.5416553871,904830.7365762999,902687.2011718749
2020-04-21,952805.0758728107,932120.7137058576,933805.4192603964,920790.7530603496,906604.5918429041,882797.5836043478,880706.2445296419
2020-04-22,933780.6164619386,913509.2546225967,915160.3220141437,902405.5169285458,906604.5918429041,865170.949130437,863121.3673850618
2020-04-23,951219.5211610011,930569.5796627925,932251.4817133432,919258.4731071093,906604.5918429041,881328.5277568274,879240.6688614447
2020-04-24,936951.3486061218,916611.1536196175,918267.8273520526,905469.7122322081,906604.5918429041,868108.7112667034,866052.1699907837
2020-04-27,944878.0037693057,924365.7297182375,926036.4189931172,913130.0311807315,906604.5918429041,875452.9542827406,873379.014565005
2020-04-28,943460.6867636517,922979.1811236602,927590.1814908538,914662.1385243587,906765.6019885375,876921.8446427722,874844.4251377519
2020-04-29,943625.5312439951,923140.4470095785,929143.8814050992,916194.1841567358,908284.4210383315,878390.6758378497,876309.7766857059
2020-04-30,953093.5968795602,932402.9712352732,938466.6423550172,925387.0115901808,917397.884196556,887204.193803538,885102.4155112044
2020-05-04,929424.0888089573,909247.3024479019,915160.385930738,902405.5799543194,894614.8577497962,865171.0095556752,863121.4276671533
2020-05-05,935735.7817108277,915421.9753598764,921375.2144266877,908533.7909208599,900690.1621405004,871046.3615996646,868982.8610580612
2020-05-06,929423.8290805075,909247.0483578745,915160.1301882936,902405.3277762178,894614.6077488194,865170.7677828099,863121.1864670456
2020-05-07,928029.6933368867,907883.1777853377,915160.1203521624,902405.3180771751,894614.5981335113,865170.7584839638,863121.1771902284
2020-05-08,943945.3993917985,923453.3711677011,932251.3959444779,919258.3885336249,911322.1712735259,881328.4466729683,879240.5879696725
2020-05-11,943945.4120897794,923453.3835900226,932251.4084851507,919258.4008995154,911322.1835326581,881328.458528624,879240.5997972422
2020-05-12,936079.4593794688,915758.1921600285,924482.9025955673,911598.1665073346,903728.0821071797,873984.2965800116,871913.8360983977
2020-05-13,921919.8675856278,901905.9897076348,910498.7259426408,897808.8906200991,890057.85293267,860763.9863277134,858724.8446352804
2020-05-14,921919.9284774341,901906.049277546,910498.786080093,897808.9499194016,890057.9117200248,860764.04318024,858724.9013531241
2020-05-15,920537.0485847179,900553.1902036297,924482.6666122563,896462.2364945224,903727.8514217398,873984.0734869642,871913.6135338556
2020-05-18,899075.6651225035,879557.7100403977,923095.9426123379,875562.1327492329,883982.3448023915,854888.4372496911,852863.2146771114
2020-05-19,908344.6918459836,888625.5162723643,923095.9426123379,884588.7465497677,893095.7668367221,863701.9154449683,861655.8138264144
2020-05-20,905255.2440104276,885603.1369900148,918578.4553690944,881580.0970658021,890058.1834076929,860764.3059260375,858725.1634764792
2020-05-21,914523.8675126467,894670.5487542155,927983.4910387557,890606.3181905245,899171.2089898789,869577.4007173287,867517.3801300768
2020-05-22,909889.5281196749,890136.8158303277,923280.9451552401,886093.1807092188,894614.6690209641,865170.8270383463,863121.2455822062
2020-05-25,908524.6938274953,888801.6106065823,910740.6267151011,874057.9592394842,882463.7057744995,853419.7801515777,851398.0368136874
2020-05-26,921216.4132459501,901217.8065967722,924848.4967649153,887597.5947221273,896133.5508649158,866639.7189608803,864586.6577137539
2020-05-27,927461.9054430054,907327.7159492498,931118.613088235,893615.1642880335,902208.9909232683,872515.2022073813,870448.221996356
2020-05-28,932146.2191505731,911910.3382997032,935821.3956575928,898128.5289219861,906765.7602293391,876921.9976755024,874844.577807949
2020-05-29,911848.0990996418,892052.8683639669,915443.2461301532,878571.1672906346,887020.3169919236,857826.422734116,855794.2401018819
2020-06-01,918093.6457434216,898162.83098119,921713.4171148648,884588.7893162897,893095.8100145264,863701.9572016909,861655.8554842158
2020-06-02,916716.5052748065,896815.5867347182,927983.5335828876,890606.3590210705,899171.250213089,869577.4405837875,867517.4199020923
2020-06-03,927712.9666097983,907573.3268511023,940523.8211371789,902641.5508489728,911322.1835326581,881328.458528624,879240.5997972422
2020-06-04,943174.9579362256,922699.655158391,956199.3282046984,917685.6823125032,926510.9932232846,896017.3692930187,893894.7126718182
2020-06-05,953998.4149104434,933288.1466505578,967172.2470682835,928216.6356788847,937143.2219385535,906299.6667216052,904152.6514356445
2020-06-08,977191.2325323502,955977.4734205459,990685.3359630174,950782.6680836043,959926.2700991392,928332.8719686415,926133.6602291224
2020-06-09,978737.2730909789,957489.9511197301,992252.7259059955,952286.9269414014,961444.995295865,929801.6123995727,927598.9212279494
2020-06-10,977269.1671813424,956053.7161930505,1000090.2230801316,959808.7466391557,969039.1517410774,937145.8275570922,934925.7380096496
2020-06-11,995688.8331292059,974073.5112217641,1020468.4325811674,979366.1658284963,988784.6530900127,956241.4586974138,953976.1317815171
2020-06-12,957451.9650347878,936666.7239569118,981279.967718611,941756.1277795301,950812.9222680788,919519.465534433,917341.1326708866
2020-06-15,966628.723303338,945644.2647817773,990685.1069698499,940343.4935878608,959926.0482158134,928332.6573880102,926133.4461568305
2020-06-16,969687.6032430572,948636.7397640706,993820.1129211861,941906.334868741,962963.7176557062,931270.3500869878,929064.1794897598
2020-06-17,968158.1275281628,947140.4673038749,992329.3827518043,940420.6781891374,961444.8474385836,929801.4694086172,927598.7785757382
2020-06-18,966705.8903368706,945719.7566029191,992458.556241439,941953.9092613746,963012.3556277632,931317.3872706684,929111.1052427999
2020-06-19,963723.4119116314,942802.0245413011,990880.7206989247,940456.3672752675,961481.3343946508,929836.7554944034,927633.9810691229
2020-06-22,965258.2774078774,944303.5697765559,992458.8380407868,941954.1767203992,963012.6290661371,931317.6517095517,929111.3690552299
2020-06-23,969861.9963692533,948807.3470051227,997192.2878106692,946446.7487144567,967605.6375947787,935759.4936834461,933542.6883477576
2020-06-24,979069.1667579405,957814.6397360656,1006658.9122773755,955431.6316275464,976791.3877404083,944642.9195042626,942405.0694173408
2020-06-29,963723.6855519031,942802.2922411402,990881.002050261,940456.634309079,961481.6073983056,929837.0195128752,927634.2444621376
2020-06-30,962278.1000235752,941388.0888027784,989302.9668247893,938958.9028015645,959950.3924068199,928356.2003552743,926156.9333510291
2020-07-01,965433.9133989781,944475.3929012673,994036.2299917659,943451.2976886431,964543.2198690553,932797.8672220777,930588.0779512927
2020-07-02,977693.5732120109,956468.9088302699,1006659.0992036251,955431.8090414148,976791.5691205646,944643.0949147776,942405.2444123098
2020-07-03,1002212.5562272884,980455.6113849414,1031904.4910439947,979392.5028006877,1001287.9313233463,968333.225068361,966039.2528729987
2020-07-06,1019069.3801444983,996946.4919841345,1049260.721712653,995865.5023285468,1018129.2034106591,984620.2118624672,982287.6559503796
2020-07-07,1052782.8559135252,1029928.0848524803,1083973.0058869016,1028811.3332367453,1051811.5756786363,1017194.0192018778,1014784.2962501809
2020-07-08,1051203.681629655,1028383.1927252016,1065038.9162602413,1010840.7694988684,1033439.2596374599,999426.3786585478,997058.7470782183
2020-07-09,1051203.681629655,1052704.226076275,1091862.1895788007,1036299.0488423303,1059466.6876461206,1024597.1836941696,1022169.9227162403
2020-07-10,1051203.681629655,1072480.5212320143,1112374.11343702,1055767.1533220713,1079370.02364835,1023060.2879186284,1041372.5948346012
2020-07-13,1051203.681629655,1067916.6677868837,1107640.4960618045,1051274.422251851,1074776.852487218,1017180.9667981486,1036941.11863479
2020-07-14,1051203.681629655,1080086.8076928472,1120263.3347244118,1063254.904609974,1087025.1720958704,1028772.9149800898,1048758.2564964776
2020-07-15,1051203.681629655,1113554.277884834,1154975.7110769681,1096200.8230056716,1120707.633807229,1060650.3776258617,1081254.9830909548
2020-07-16,1051203.681629655,1111883.9464680068,1132886.0247998033,1094556.5217711632,1099273.3475258828,1040364.7267097357,1060575.255255095
2020-07-17,1055476.8049581791,1116403.7339395445,1139197.422105416,1099005.873584998,1105397.485958019,1046160.6805738241,1066483.8035661215
2020-07-20,1081790.8170102988,1144236.7106301887,1137488.625972258,1126405.1055406558,1132956.0667162524,1072242.4330365548,1093072.230264462
2020-07-21,1089100.0786004127,1151967.8960936791,1143459.0285735228,1134015.809424786,1140611.0330290757,1079487.1797175666,1100457.716203391
2020-07-22,1113951.745073961,1178254.113957831,1169551.0865603287,1159892.3870004413,1166638.1039345479,1104119.4939372914,1125568.5473094492
2020-07-23,1116875.861773096,1181347.0239924751,1172621.151199866,1162937.0976111349,1169700.5220120342,1107017.801035727,1128523.158045294
2020-07-24,1115200.5479804364,1179575.0034564864,1197178.418226081,1187291.559247364,1167945.971229016,1130201.1895623542,1152156.9160659711
2020-07-27,1200613.8533909547,1269918.7539211872,1290803.721358116,1280143.6608625546,1167945.971229016,1218588.5404885046,1242261.313940254
2020-07-28,1324815.3625614834,1401289.7399509547,1424335.222583771,1412572.3965340236,1167945.971229016,1344649.5011871648,1370771.1837370852
2020-07-29,1222028.2483168775,1292569.2852668792,1313826.7612663626,1302976.565745504,1167945.971229016,1240323.535619972,1264418.541514114
2020-07-30,1246297.1946820805,1318239.1457636855,1339918.785936216,1328853.1102793538,1167945.971229016,1264955.8183866914,1289529.3405561482
2020-07-31,1216317.5965614822,1286528.9886795902,1307687.1265150015,1296887.6349677893,1167945.971229016,1234527.3882840148,1258509.7959727591
2020-08-03,1214493.12016664,1284599.1951965708,1290803.996639869,1280143.933870902,1167945.971229016,1218588.8003693712,1242261.578869667
2020-08-04,1215557.8495039362,1285725.3855611612,1293873.5301081527,1283188.1176970026,1167945.971229016,1221486.6060134089,1245215.6784096665
2020-08-05,1241512.8774615536,1313178.655960161,1321500.7826171822,1310587.211440916,1167945.971229016,1247568.2269102433,1271803.9709862606
2020-08-06,1261699.9762254914,1334531.0460189453,1342988.491121551,1331897.4644043862,1167945.971229016,1267853.7861409148,1292483.605355549
2020-08-07,1250164.5985667678,1322329.7938169967,1330709.914813139,1319720.290318544,1167945.971229016,1256262.1458819283,1280666.7813986463
2020-08-10,1232861.1275142494,1304027.4875963388,1312291.6197209042,1301454.1021165045,1167945.971229016,1238874.2789557944,1262941.1310280806
2020-08-11,1231011.835822978,1302071.4463649443,1326105.314960796,1315153.7174041246,1167945.971229016,1251915.1545301396,1276235.343707467
2020-08-12,1231011.835822978,1270025.9053565226,1295408.4740087884,1284710.385313423,1167945.971229016,1222935.6760901818,1246692.898683576
2020-08-13,1231011.835822978,1288083.1046120545,1313826.5620444922,1302976.3681689014,1167945.971229016,1240323.3475437493,1264418.3497842497
2020-08-14,1217680.7922973142,1276045.2180394244,1301548.0878735546,1301021.9036166482,1167945.971229016,1228731.8037080637,1252601.6241238045
2020-08-17,1226296.096031884,1285073.4602536373,1310756.767334634,1308264.463537139,1167945.971229016,1237425.295273533,1261463.9988270157
2020-08-18,1263630.804355411,1324197.6513589702,1308790.632183632,1348094.7070763998,1167945.971229016,1275098.8331904232,1299869.3974980495
2020-08-19,1252143.3639521042,1322211.3548819318,1308790.632183632,1335839.4205226242,1167945.971229016,1263507.1389992763,1288052.5185612794
2020-08-20,1226295.9684663399,1292978.1122647442,1308790.632183632,1308264.3274448293,1167945.971229016,1237425.166550273,1261463.8676031278
2020-08-21,1224456.5245136404,1276323.8869389412,1308790.632183632,1291413.2077790734,1167945.971229016,1221486.4918333048,1245215.5620114557
2020-08-24,1224456.5245136404,1294492.3613668615,1308790.632183632,1309796.4787352292,1167945.971229016,1238874.3557744466,1262941.2093390415
2020-08-25,1224456.5245136404,1312660.4738483576,1308790.632183632,1328179.3834658547,1167945.971229016,1256261.8733202317,1280666.5035420605
2020-08-26,1224456.5245136404,1318716.6022685168,1308790.632183632,1334307.1103773653,1167945.971229016,1262057.7995218276,1286575.0236532122
2020-08-27,1224456.5245136404,1316738.527365114,1308790.632183632,1372605.5994026838,1167945.971229016,1298282.5235065739,1323503.46317093
2020-08-28,1224456.5245136404,1291288.1615959622,1308790.632183632,1348094.529171759,1167945.971229016,1275098.664918863,1299869.2259575806
2020-08-31,1224456.5245136404,1282483.9870309567,1308790.632183632,1338903.0412313074,1167945.971229016,1266404.8724971341,1291006.5445535595
2020-09-01,1224456.5245136404,1261940.7033778722,1308790.632183632,1317456.0171451282,1167945.971229016,1246119.1498070706,1270326.7435494538
2020-09-02,1253899.1479548572,1294223.0782131096,1308790.632183632,1351158.5586833914,1167945.971229016,1277996.7850840378,1302823.646128727
2020-09-03,1249634.1337890795,1289820.9061793713,1308790.632183632,1346562.7262335527,1167945.971229016,1273649.8051845045,1298392.2201122788
2020-09-04,1214092.7642049748,1287886.1748201023,1308790.632183632,1308264.5698154564,1167945.971229016,1237425.3957971518,1261464.1013034454
2020-09-07,1216936.2207974344,1288969.0051928351,1308790.632183632,1311328.580758771,1167945.971229016,1240323.4983994358,1264418.503570517
2020-09-08,1216936.103797907,1288968.8812678817,1308790.632183632,1311328.4546841076,1167945.971229016,1240323.3791513923,1264418.382005915
2020-09-09,1215110.69964221,1279934.294160266,1308790.632183632,1302137.1457838607,1167945.971229016,1231629.7560752998,1255555.8732373042
2020-09-10,1234701.4122388384,1302520.9851740166,1308790.632183632,1325115.6451517858,1167945.971229016,1253364.0285850188,1277712.3641514855
2020-09-11,1243265.9361585726,1311555.9405267045,1315895.2341807683,1334307.3286850038,1167945.971229016,1262058.0060086667,1286575.2341513447
2020-09-14,1244693.3099498348,1309588.6066159145,1317405.9925106554,1332305.8676919763,1167945.971229016,1263506.9546755913,1288052.3306568512
2020-09-15,1257540.2668153942,1321123.687188342,1331003.4448508595,1344041.0457878348,1167945.971229016,1276548.0943814886,1301346.8125989116
2020-09-16,1313208.5122691009,1379606.615833921,1389923.7263105735,1403538.4700939765,1167945.971229016,1333057.7700767657,1358954.2671638555
2020-09-17,1311238.6995006972,1366069.4248474743,1376285.3001652437,1389766.4512384403,1167945.971229016,1319977.3329272328,1345619.724370783
2020-09-18,1311238.6995006972,1347975.85593751,1358056.422140914,1371359.015571657,1167945.971229016,1302494.2530789473,1327797.0114349243
2020-09-21,1299023.5310101348,1337421.5810578777,1347423.2192402903,1360621.6570757672,1167945.971229016,1292296.0864607657,1317400.7312780428
2020-09-22,1288771.6142339807,1335415.448686291,1336789.3312650914,1349883.606794779,1167945.971229016,1282097.262796468,1307003.7813110128
2020-09-23,1277055.5144873746,1321293.3742309487,1324636.707035693,1337611.9437562379,1167945.971229016,1270441.8389417906,1295121.9346735596
2020-09-24,1246300.5547444394,1289473.0468668782,1292735.8631516667,1305398.620987411,1167945.971229016,1239846.1544401036,1263931.886542358
2020-09-25,1250694.2355581317,1294018.9270433933,1297293.2459896018,1310000.6448358467,1170307.9605608096,1244217.081051631,1268387.7244689115
2020-09-28,1248818.1942047945,1294019.0895224195,1297293.4088797565,1310000.809321562,1170308.1075064947,1244217.2372774598,1268387.8837296441
2020-09-29,1263009.0906105705,1310686.709960156,1314003.2042070923,1326874.282394481,1185382.2679180873,1260243.3846665865,1284725.3612715187
2020-09-30,1257168.2727558308,1308720.6798952157,1307926.5627692956,1320738.1183262886,1179900.4372910403,1254415.3568897478,1278784.1159674772
2020-10-05,1279070.2886893598,1329526.5368997839,1330712.874704184,1343747.6294144036,1200456.315718419,1276269.4123326496,1301062.716764543
2020-10-06,1289291.160548336,1340150.5975842718,1341346.415248213,1354485.3288610235,1210048.9943098582,1286467.9027802304,1311459.327041659
2020-10-07,1270309.7141884617,1320420.3787938314,1321598.5911646173,1334544.0685765136,1192234.181968677,1284538.20092606,1292151.5123050632
2020-10-08,1268404.249617179,1365952.0246945918,1367170.8649966973,1380562.7372863167,1233345.6230491062,1326842.2694255172,1336708.371660831
2020-10-12,1268404.249617179,1390235.3996609997,1391475.9080418847,1405105.8559376982,1255271.5719010623,1350430.366055004,1360471.8640990327
2020-10-13,1268404.249617179,1388150.0465615082,1412743.1975934594,1426581.4653364206,1274457.1171420487,1371070.3163754852,1381265.2884719209
2020-10-14,1268404.249617179,1372657.5291115919,1410624.082797069,1412776.0221791815,1262123.825483241,1357802.0707286543,1367898.3831192215
2020-10-15,1268404.249617179,1359243.7891144922,1394747.2092106272,1398970.240450134,1249790.2313564275,1344533.499684524,1354531.1499496417
2020-10-16,1252617.320517973,1344339.7339889952,1379453.8604687133,1396871.7850894588,1236086.330222122,1329790.7423087994,1339678.768728754
2020-10-19,1258172.0731006935,1350301.2311574533,1385571.0718218293,1400964.789338349,1241567.775850247,1335687.7217288692,1345619.5967683461
2020-10-20,1265115.9889336177,1357753.6125118919,1393218.1092255083,1408696.7854540164,1248420.0517198965,1343059.4503795442,1353046.1399438477
2020-10-21,1259560.9375441018,1355716.982093124,1387100.5688092532,1402511.2790625913,1242938.311228377,1337162.153743271,1347104.9923293039
2020-10-22,1249839.8505319848,1343238.9199460028,1376395.1516102701,1391686.9245015278,1233345.5149499343,1326842.153131635,1336708.2545022133
2020-10-23,1247965.0907561867,1367118.6976853483,1400864.372844038,1416427.999187769,1255271.6342243871,1350430.4331028943,1360471.9316454758
2020-10-26,1247965.0907561867,1358163.993927594,1391688.6330309191,1407150.3167536175,1247049.5349735883,1341585.038409393,1351560.7645761853
2020-10-27,1225555.9751347655,1335776.7531443685,1368748.7902267799,1383955.6119166443,1226493.8448412586,1319471.0761630598,1329282.3678545738
2020-10-28,1218709.1792326372,1328314.188410366,1361102.0210884407,1376223.887046749,1219641.8093559588,1312099.606119632,1321856.0852092647
2020-10-29,1195430.4752431668,1326321.7171277504,1335103.4550742435,1349936.4765342823,1196345.2910913993,1287037.0408612068,1296607.1603233113
2020-10-30,1196799.711739906,1325852.097259251,1336632.6718839777,1351482.6829680563,1197715.5754108878,1288511.2027848805,1298092.2837852067
2020-11-02,1185845.018701103,1313716.1461908699,1324398.0427455425,1339112.1268976096,1186752.4991770668,1276717.0449445127,1286210.4272260733
2020-11-03,1184066.2511730513,1333437.0356825928,1344279.2838490864,1359214.2489185238,1204567.4700580724,1295882.5213136307,1305518.4137892087
2020-11-04,1195743.3986503005,1348607.144364346,1359572.7414994363,1374677.6171362263,1218271.46878189,1310625.3836768684,1320370.9007782734
2020-11-05,1214574.1323993402,1369845.1976927132,1380983.4825802788,1396326.231904475,1237456.977720161,1331265.2949426216,1341164.2858060312
2020-11-06,1223989.1704766287,1367790.4298961742,1391688.4792748115,1407150.161289277,1247049.3971974524,1341584.890188815,1351560.6152534722
2020-11-09,1232059.2906097383,1374746.5541413222,1400864.2902104906,1416427.9156361613,1255271.5601789975,1350430.3534443208,1360471.8513945793
2020-11-10,1215919.1757353307,1356737.220113204,1382512.8109109325,1397872.5510981677,1238827.3619701278,1332739.5643722368,1342649.5175732584
2020-11-11,1214095.2969717276,1346231.5563540766,1371807.558251243,1387048.362904432,1229234.7131303037,1322419.7223761484,1332252.9395411452
2020-11-12,1251469.353544548,1389754.7342977035,1369749.8469138662,1431891.1333997243,1268975.4255668365,1365173.0723637345,1375324.1938732034
2020-11-13,1240657.675391826,1377748.382839003,1355882.4976777893,1419520.7576967904,1258012.5091789255,1353379.0864867694,1363442.5105561542
2020-11-16,1270390.0425020908,1375681.7602647445,1388376.2282039048,1417391.4765602453,1288160.7849637026,1385812.8227517477,1396117.4168269704
2020-11-17,1356885.075275084,1467144.9059387615,1482904.399349849,1511627.7213388279,1375865.7461053012,1480166.4633746424,1491172.6500099686
2020-11-18,1324449.322255337,1432073.4391798233,1447456.2086919507,1475492.9120461477,1342976.2683284497,1444783.7218964086,1455526.810382969
2020-11-19,1322462.648271954,1458376.939910361,1474042.251279652,1502593.9166651126,1367643.2835028279,1471320.6777847437,1482261.0891376624
2020-11-20,1322462.648271954,1420383.0704062544,1435640.2665759572,1463448.0994040773,1332013.221740628,1432989.595949424,1443644.9859543708
2020-11-23,1343576.8674600653,1445225.2618111032,1460749.3030280652,1489043.4888126964,1355309.8436855834,1458052.2727479797,1468894.0232098424
2020-11-24,1357161.8529492463,1443057.4239183865,1475519.0259710345,1504099.2959482577,1369013.461994091,1472794.7258576362,1483746.0979022074
2020-11-25,1344935.1617743836,1427915.025737609,1462226.0532766003,1490548.8431795447,1356679.9994983268,1459526.2964231542,1470379.0073952535
2020-11-26,1328632.9943073874,1410607.0464834243,1444502.1847417997,1472481.6697202737,1340235.4710336481,1441835.152059448,1452556.3156404414
2020-11-27,1324557.432975156,1406280.0310034135,1440071.1964450455,1467964.8547824812,1336124.3192820111,1437412.3448445415,1448100.6214206852
2020-11-30,1322570.5968256933,1422145.8520573645,1456318.253506251,1484526.6114639365,1351198.635128219,1453629.404421055,1464438.2674236528
2020-12-01,1311214.3674834752,1412049.5234566196,1445979.3226480754,1473987.4192536527,1341605.9865223132,1443309.5626766176,1454041.6896450617
2020-12-02,1338001.2425166578,1409931.4491714346,1475519.3188354862,1504099.5944853877,1369013.7337190702,1472795.0181813622,1483746.3923995872
2020-12-03,1338001.075984169,1407819.5443696969,1475519.1351869989,1504099.4072796954,1369013.5633266545,1472794.8348719513,1483746.2077271286
2020-12-04,1335322.348898624,1405001.0381571448,1472565.0919178198,1501088.145260591,1366272.7481073064,1469846.2457516321,1480775.693557856
2020-12-07,1371484.4093726028,1443050.0774394933,1512443.843254322,1541739.3335901042,1403272.9808838763,1509651.3676161477,1520876.7974021847
2020-12-08,1369427.1827585439,1448687.1028546928,1518351.9434074466,1547761.8715067932,1408754.6239546014,1515548.5594464152,1526817.839431409
2020-12-09,1369427.1827585439,1468416.2409606804,1539029.8214157142,1568840.2725348459,1427939.9362823502,1536188.2591971266,1547611.0113713467
2020-12-10,1369427.1827585439,1466213.6165992394,1509490.067962527,1538728.3447390087,1400532.4142988326,1506703.0459784372,1517906.5527044612
2020-12-11,1369427.1827585439,1481207.48964278,1507225.8328605832,1556795.467477976,1416976.8965984886,1524394.140677473,1535729.1944253077
2020-12-14,1354152.0385148039,1466882.530934614,1490413.6267829593,1541739.4871750001,1403273.1206750397,1509651.5180045066,1520876.9489087977
2020-12-15,1340927.9281033813,1452557.5393546862,1475858.8398766948,1539426.8779442376,1389569.3133052695,1494908.861501357,1506024.6693105511
2020-12-16,1346217.6129690977,1458287.580076095,1481680.799435902,1543184.8231038838,1395050.8784307353,1500805.9694775431,1511965.6268621737
2020-12-17,1368770.178246312,1482717.6020322645,1506502.7172501956,1569037.0895744578,1418421.5249723855,1525948.2824802867,1537294.8924788288
2020-12-18,1350165.4300903997,1480493.525629216,1486025.865769878,1547710.251539296,1399141.9003352919,1505207.1208552823,1516399.5042168028
2020-12-21,1348140.181945264,1489916.0314840395,1497726.807220594,1559896.8947553292,1410158.7189749763,1517059.0951701466,1528339.6071608006
2020-12-22,1348140.181945264,1489916.0891833452,1497726.8652223842,1559896.9551647522,1410158.7735855568,1517059.1539206095,1528339.6663481188
2020-12-23,1348140.181945264,1478276.1197366004,1486025.8740878345,1547710.2602025277,1408043.5354251785,1505207.129280605,1516399.5127047743
2020-12-24,1348140.181945264,1487006.088498216,1494801.6090716685,1556850.2727098037,1408043.5354251785,1514096.13928553,1525354.6193991855
2020-12-25,1348140.181945264,1495736.156105696,1503577.4434195596,1565990.3887057016,1408043.5354251785,1522985.2499370787,1534309.827488606
2020-12-28,1348140.181945264,1493492.5518715375,1497727.1102296687,1559897.2103421988,1400464.2228319803,1517059.4020903877,1528339.9163632318
2020-12-29,1348140.181945264,1499993.4945508335,1506502.8550161705,1569037.2330590475,1408670.0678876364,1525948.422024511,1537295.0330606727
2020-12-30,1348140.181945264,1502905.920139628,1509427.9193451027,1572083.7157297612,1411405.1775843042,1528911.2423618187,1540279.8842670794
2020-12-31,1348140.181945264,1532031.962000786,1538680.3563580343,1602550.4106173133,1438757.9517895961,1558541.2626114485,1570130.2267175866
2021-01-04,1348140.181945264,1543682.2482735037,1550381.200125267,1614736.952095058,1449698.9389434198,1556203.4507175314,1582070.2299814988
2021-01-05,1348140.181945264,1561158.140424478,1567932.9305261252,1633017.2483532855,1466110.854243147,1571463.8984620543,1599980.7091266378
2021-01-06,1348140.181945264,1558816.4032138414,1623512.7818161496,1690904.1987772838,1518081.3318490873,1627168.9149737332,1656696.5852644814
2021-01-07,1348140.181945264,1553676.89065214,1620587.2012983635,1687857.1784909072,1515345.7394850382,1624236.7460803853,1653711.2073185744
2021-01-08,1348140.181945264,1626592.9215999127,1696643.4181568357,1767070.460868175,1586462.8407959088,1700464.2407134527,1731321.9758747744
2021-01-11,1348140.181945264,1618179.4802325615,1687867.645355658,1757930.4089737714,1578256.969544859,1691668.7049672084,1722366.8305900514
2021-01-12,1348140.181945264,1635006.9061005828,1685335.8438876243,1776211.102802552,1594669.2417804997,1709260.3442592826,1740277.699262745
2021-01-13,1373828.215483908,1668660.2611281956,1717448.9462648535,1812770.8644913658,1627492.3264690188,1744442.0581623546,1776097.8435333306
2021-01-14,1355356.4282996494,1666157.2707365032,1694357.0115690301,1810051.7081946288,1605609.902189386,1720987.1879751855,1752217.3459468018
2021-01-15,1433861.2334921563,1760024.2116451988,1792497.371065947,1912025.2851905655,1698609.861428647,1820670.017605682,1853709.085334541
2021-01-18,1403844.3044919341,1723179.2781428418,1754972.6336202396,1871998.3105492229,1663050.596404512,1782555.504586733,1814902.9214590897
2021-01-19,1426934.0374950022,1751521.273990549,1783837.550768333,1902788.0078357884,1690403.6255963568,1811874.0910798076,1844753.5421788457
2021-01-20,1424793.6364387597,1794034.3360380356,1827134.9960261176,1948972.6279380808,1731433.2352776276,1855852.0414479543,1889529.5451686862
2021-01-21,1438392.039140136,1813873.5518367148,1847340.2533901061,1970525.2190867949,1750580.180743308,1876374.8644514515,1910424.788727607
2021-01-22,1458619.4350898694,1811152.7415089598,1873318.4858485812,1998235.7408018839,1775197.724148803,1902761.3962874282,1937290.147810712
2021-01-25,1442886.8222120444,1788934.3165322863,1853112.9450298322,1976682.8472969832,1756050.5100751687,1882238.2853741175,1916394.6111173779
2021-01-26,1420411.89822169,1761069.2323352038,1824248.1914372828,1945893.3244722276,1728697.635872148,1852919.8650071865,1886544.1595383987
2021-01-27,1388947.2429415393,1722058.4099186356,1783837.8424667662,1902788.318985355,1690403.9020161962,1811874.3873628594,1844753.8438384435
2021-01-28,1386863.822077127,1671901.4822691448,1731881.517938113,1847367.425304894,1641168.9482402387,1759101.466285683,1791023.270854629
2021-01-29,1428638.291149618,1724845.116178517,1786724.522763778,1905867.4898713161,1693139.383640016,1814806.4375583122,1847739.100932486
2021-02-01,1373246.3826612667,1722257.8485042492,1717448.708254296,1831972.2021390207,1627492.1009249894,1744441.81641099,1776097.5973949877
2021-02-02,1451717.8619066342,1817945.9865167695,1815588.9563309613,1936656.6713306664,1720491.954579974,1844124.532870045,1877589.2215576025
2021-02-03,1472489.1992247663,1843957.355738672,1841566.6009081907,1964366.565963214,1745108.940896294,1870510.4675850577,1904453.972683996
2021-02-04,1444793.729005343,1809275.0870615004,1806929.2989983435,1927419.5678077727,1712285.873176892,1835328.7718704846,1868633.8469319697
2021-02-05,1442626.538411835,1843957.9322697918,1841567.1766918178,1964367.1801414392,1745109.4865215,1870511.052418265,1904454.568129969
2021-02-17,1442626.538411835,1916212.9807847491,1913728.5440238963,2041340.4361026508,1813491.1824408374,1943806.5785661312,1979080.1627851455
2021-02-18,1442626.538411835,1913338.661313572,1916615.1340792435,2044419.5107294223,1816226.5785496747,1946738.5371015929,1982065.3265558747
2021-02-19,1442626.538411835,1887455.6607968644,1913740.2113781245,2019788.4376017998,1794344.7634731655,1923284.319894185,1958185.4937985048
2021-02-22,1442626.538411835,1898963.9620103585,1922524.9887542157,2032103.6056930283,1805285.3436668145,1935011.0776306754,1970125.0529429107
2021-02-23,1442626.538411835,1844296.9848782513,1867179.7417149474,2029055.4502844887,1753315.1669949605,1879306.3836778614,1913409.5052172956
2021-02-24,1442626.538411835,1804016.056521345,1826399.03555853,1981766.598660183,1715021.3546600325,1838260.821915149,1871619.1038724876
2021-02-25,1461142.6278891615,1829911.3307789355,1852615.6004048456,2010213.346349222,1739639.1778639916,1864647.6536555865,1898484.7683023154
2021-02-26,1403707.4320078685,1827166.463782767,1779792.2237741125,1931195.052647428,1671256.7249560684,1791351.3161228034,1823858.3475383008
2021-03-02,1426681.4266331012,1854289.6316485454,1808921.4682666985,1962802.2549376762,1698609.6064333743,1820669.7442867414,1853708.8070557765
2021-03-03,1399113.0007142657,1818458.3343540905,1773966.8410037712,1924874.1179700051,1665786.5863632997,1785488.0996455217,1817888.7333039138
2021-03-04,1399112.9134479356,1818458.2209320974,1773966.7303568285,1924873.9979105818,1665786.482463842,1785487.988279968,1817888.6199174484
2021-03-05,1397014.2440777638,1755752.7650378875,1712795.4637928004,1858499.0324653897,1608345.5692754341,1723919.4369599696,1755202.8054375367
2021-03-08,1442368.1231561084,1815472.1713942087,1771053.739299659,1921713.2054074642,1663051.1317700918,1782556.0784230696,1814903.505708635
2021-03-09,1387804.7970831343,1812748.9631371174,1704056.569077457,1849016.740086288,1600139.5908659261,1715123.7863549832,1746247.54320977
2021-03-10,1425761.8375277626,1859539.0952443983,1750663.2274838507,1899588.1196735038,1643904.0765451833,1762033.1377731715,1794008.1423684251
2021-03-11,1413900.1777561186,1844068.615182941,1736098.542813128,1883784.4507936477,1630227.5771888748,1747373.8608613494,1779082.8486396826
2021-03-12,1458974.3839756143,1902856.3078017854,1791444.2206532103,1943838.2580878134,1682198.1583903965,1803078.9884128692,1835798.837832369
2021-03-15,1456785.9223996508,1899761.7348891774,1788530.8347412252,1940677.0371404898,1679462.4369209136,1800146.6811367192,1832813.3189924748
2021-03-16,1456785.9223996508,1887386.2525927993,1776879.93595988,1928035.0232105057,1668522.034620012,1788420.1140761448,1820873.9539841148
2021-03-17,1456785.9223996508,1884555.17321391,1790005.8395025933,1942277.5171626718,1680847.4927683603,1801631.2655085742,1834324.8436023393
2021-03-18,1456785.9223996508,1863283.8563801497,1772456.4207638565,1923235.2097560137,1664368.2747481866,1783967.8697846832,1816340.9163587329
2021-03-19,1425800.0544006913,1826387.246208243,1737358.3688059188,1885151.4472845723,1631410.5763247297,1748641.8689580958,1780373.8668398436
2021-03-22,1411397.8300799124,1807938.629422661,1719809.0463213979,1866109.2443202545,1614931.4486889855,1730978.570113556,1762390.0382336245
2021-03-23,1433000.9988364817,1835611.3397531896,1717229.3327519158,1894672.3270061347,1639649.948230921,1757473.3126781315,1789365.571707912
2021-03-24,1370592.313064455,1755668.554371155,1639982.2337027492,1812157.3741253703,1568241.485516416,1680933.5197451834,1711436.8376828323
2021-03-25,1372992.3501922851,1753035.0515395983,1642853.9981306905,1809439.1380641821,1570987.6250903548,1683876.9937588254,1714433.7258991327
2021-03-26,1370932.8616669967,1781011.6140457997,1671575.7972751656,1838315.849401335,1598452.9939409296,1713315.992509642,1744406.9439561348
2021-03-29,1408863.6424239816,1833033.829587369,1720401.4622703423,1892011.8851805718,1645142.7883971066,1763360.862037855,1795359.960385124
2021-03-30,1411215.711037063,1836094.0415251767,1723273.6368083577,1895170.5597582292,1647889.320140923,1766304.756402252,1798357.276580139
2021-03-31,1401807.5002159246,1823853.2765627385,1711785.0163580591,1882535.94690013,1636903.2674683693,1754529.258586684,1786368.092887335
2021-04-01,1406511.7105593327,1829973.7955691954,1717529.4547195334,1888853.3942471312,1642396.416335669,1760417.1388304299,1792362.818453007
2021-04-07,1444144.278080325,1827228.8348758416,1763483.5997783912,1939391.4753470696,1639932.8217111656,1807518.7849417177,1840319.2018099043
2021-04-08,1441978.0616632046,1800720.3297456147,1740506.7278636547,1914122.6554231523,1616141.511729725,1783968.1675102287,1816341.2194870007
2021-04-09,1468329.492891274,1836378.038728991,1774972.0922850906,1952025.9474991674,1648144.2068452698,1819294.1516188623,1852308.2519845613
2021-04-12,1454073.9768028334,1818549.2633742087,1757739.4865650495,1933074.3855817984,1632142.9303126512,1801631.237965238,1834324.8155591837
2021-04-13,1435066.4738380902,1794777.3775784671,1734762.499812565,1907805.4393650426,1610807.7286092176,1778080.5028284371,1810346.7133950111
2021-04-14,1444569.9138754224,1806662.9309651055,1746250.6167022928,1920439.4984322938,1621474.9798756815,1775413.3820741945,1822335.3715869326
2021-04-15,1454073.5150156296,1803952.9365686579,1757738.928339254,1933073.7716728575,1632142.4119740166,1784416.9256274926,1834324.2330112935
2021-04-16,1451892.404743106,1795365.0528934111,1751995.1072716916,1926757.0031949712,1626809.006756658,1778585.9279944038,1828330.1516352468
2021-04-19,1437834.8873546978,1780648.9364533029,1737634.4824173988,1910963.9028641416,1613474.4981392238,1764007.3454532535,1813343.829294248
2021-04-20,1421198.6439285162,1760046.2167502714,1717529.4547195334,1888853.3942471312,1594806.044098326,1743597.1746731272,1792362.818453007
2021-04-21,1423575.124358523,1762989.3066609488,1720401.4495349934,1892011.871174869,1597472.8249664668,1746512.7590505313,1795359.9470948912
2021-04-22,1416445.548648724,1754159.8704602646,1711785.3026412814,1882536.2617401665,1589472.3315221348,1737765.84100545,1786368.3916440182
2021-04-23,1406939.1257620093,1751528.6306545741,1700296.7177156585,1869901.6879503373,1578804.6456625569,1726102.8886396175,1774379.2450237125
2021-04-26,1404828.7170733663,1787310.4693241126,1697746.272639085,1910963.9130048482,1613474.5067012755,1764007.3548141215,1813343.8389169248
2021-04-27,1409680.2894511234,1796173.1658662155,1703609.4350450584,1920439.767118922,1621475.2067345048,1772754.4987222909,1822335.6265479177
2021-04-28,1405043.0400490065,1790264.5190603822,1698005.2835979387,1917559.1074682437,1616141.242012685,1766922.8893844734,1816340.9163587329
2021-04-29,1411998.7412883183,1799127.2690110812,1706411.301861314,1924165.7838347063,1624141.9902599263,1775670.0860048926,1825332.7581762539
2021-05-03,1379539.0980161715,1757768.1461976941,1667183.5741627468,1879932.2210747576,1586805.5053994295,1734850.207151352,1783371.2121416552
2021-05-04,1363309.1629015943,1755131.4939783977,1647569.5731738214,1857815.2850548055,1568137.1324413007,1714440.1250187997,1762390.2924273198
2021-05-05,1361264.199157242,1770385.382630533,1664381.4716275241,1876772.5433257935,1584138.4975194978,1731934.374582565,1780373.8283668691
2021-05-06,1350072.1317657095,1758463.3394517952,1653173.274833021,1864134.0729013744,1573470.6690603255,1720271.2663129782,1768384.5214824288
2021-05-07,1359225.2250928555,1770385.2054615146,1664381.3050667094,1876772.3555102183,1584138.3389888946,1731934.2012614813,1780373.65019827
2021-05-10,1363801.6374505744,1776345.9635335577,1669985.1557250456,1883091.3113696459,1589472.0174235262,1737765.497602283,1786368.03863641
2021-05-11,1324901.3150989562,1725678.4553770018,1622351.4243258368,1829379.0580490339,1544134.798176425,1688198.4372821203,1735414.6663619152
2021-05-12,1297442.4488008793,1723089.9376939363,1588727.8401830958,1791464.7814225375,1512132.270526909,1653210.1595548165,1699447.8220752564
2021-05-13,1295496.285127678,1659821.0736271555,1532688.107303688,1728273.8400450542,1458794.3190065944,1594895.9200785966,1639502.625936053
2021-05-14,1314839.1845584982,1687130.5682099832,1557905.8480762558,1756709.6069010638,1482796.2648701395,1621137.183177142,1666477.8154868695
2021-05-17,1286461.5303282142,1650717.8962511064,1524282.1821563127,1718795.2380618085,1450793.6593860546,1586148.820353513,1630510.8837238762
2021-05-18,1331392.7555392536,1708371.2156919364,1577519.581329972,1778826.2410202213,1501464.3830010793,1641546.9867078115,1687458.44880727
2021-05-19,1350311.5694693788,1732646.8150737032,1599935.8062238973,1804102.991646865,1522799.8793574513,1664873.0277050107,1711436.882124546
2021-05-20,1340852.2940265108,1730047.8448510927,1588727.8496128717,1791464.7920556434,1512132.2795020575,1653210.1693673225,1699447.8321622023
2021-05-21,1338841.015585471,1742690.2063545792,1602738.018507174,1807262.7931487893,1525466.9916942762,1667788.974476239,1714434.383295834
2021-05-24,1332161.146267053,1736596.4084565225,1597133.6021096404,1800943.1993564055,1520132.7747958023,1661957.0894343616,1708439.3896915845
2021-05-25,1346184.0494984514,1754876.5718256605,1613945.7197823087,1819900.7048208064,1536134.3485240045,1679451.5671146186,1726423.1601276814
2021-05-26,1371892.3826660137,1788389.7839256346,1611524.8012026353,1854655.6951721227,1565470.1987271805,1711524.3735352957,1759392.9920056434
2021-05-27,1355532.7278509263,1767063.4467365646,1589922.6740559097,1832539.1448091208,1546802.151292794,1691114.6472969786,1738412.43813934
2021-05-28,1371892.5900039626,1764412.8515664598,1609111.377690369,1829790.3360919072,1565470.4353210884,1711524.6322027815,1759393.257907648
2021-05-31,1369834.7511189566,1785780.2981636669,1631040.9847498229,1851949.5191061422,1586805.286336224,1734849.9676501364,1783370.9659419712
2021-06-01,1374679.7504833606,1794784.6093928418,1639265.0650968452,1861287.4706267747,1594806.3202108638,1743597.476546225,1792363.1287690157
2021-06-02,1379277.2497801746,1800787.1135955225,1644747.4474345676,1867512.38798252,1600140.014064393,1749428.7897444658,1798357.5345360707
2021-06-03,1379277.2285751752,1800787.0859102332,1644747.4221482312,1867512.3592713967,1600139.9894638509,1749428.762848759,1798357.5068881337
2021-06-04,1358588.091033472,1773775.30689159,1620076.2357230491,1839499.7021627822,1576137.9138534272,1723187.357898299,1771382.1715180296
2021-06-07,1365484.2301879341,1771114.6439312524,1628299.6783073903,1848836.9295420216,1584138.3272622393,1731934.1884407608,1780373.6370189742
2021-06-08,1363436.0038426523,1756552.9959480232,1617334.5864789682,1836386.7233678857,1573470.6212749672,1720271.214069374,1768384.4677776538
2021-06-09,1352164.340743492,1744644.4420776793,1606369.8640402579,1823936.936613682,1562803.2746591347,1708608.6325978194,1756395.7024249502
2021-06-10,1363701.4638273872,1759530.3380145717,1620075.9545510476,1839499.3829087857,1576137.6403071322,1723187.0588308675,1771381.8640861574
2021-06-11,1389083.4792476934,1792279.7537456641,1650229.7631016902,1873737.2296377853,1605473.6430555054,1755260.0320288,1804351.8674058698
2021-06-15,1400620.8812463842,1807166.009555342,1663936.184962974,1889300.0521615637,1618808.331067392,1769838.8107014245,1819338.3913638282
2021-06-16,1402928.414243687,1804455.2605410088,1666677.5318210837,1892412.6876152696,1621475.3294609345,1772754.6328987675,1822335.7644770977
2021-06-17,1400824.0216223213,1788398.3034000823,1654324.3606018773,1878386.4002854303,1609457.1903847668,1759615.2336498247,1808828.8770992665
2021-06-18,1415017.3034723152,1809228.3024199677,1673592.7611278652,1900264.5170352196,1628203.0098336698,1780109.98782322,1829896.8369969502
2021-06-21,1373125.442009865,1755665.747945945,1624045.723136397,1844006.817787087,1579999.7442246068,1727409.4866951976,1775722.386551757
2021-06-22,1361488.7716388903,1740787.2066521836,1610282.607131593,1828379.622453054,1566609.8996792645,1712770.40553234,1760673.8735386867
2021-06-23,1356834.0642147302,1734835.7399170354,1604777.3142767802,1822128.6915749605,1561253.9166680924,1706914.7236577726,1754654.4175421307
2021-06-24,1391743.858830551,1732233.48630716,1646066.406232143,1869009.9868373184,1601423.2011896838,1750831.6947902006,1799799.676607829
2021-06-25,1389656.243042305,1729639.4633315194,1643597.3066227948,1869010.4575003905,1601423.6044677661,1750832.1356930474,1799800.1298420283
2021-06-28,1369011.6613116532,1706500.0441164747,1619180.2041208341,1844006.5087525381,1579999.4794346376,1727409.1972010338,1775722.0889609014
2021-06-29,1387574.7035091217,1729639.2424331387,1641135.3936227285,1841240.4989894093,1601423.3999442868,1750831.9120880754,1799799.8999831805
2021-06-30,1389895.0625450902,1732531.615748244,1643879.7671906594,1841557.1607382507,1604101.365496033,1753759.7246500957,1802809.5988125838
2021-07-01,1382933.9171294658,1723854.4106560082,1635646.565696827,1832333.9124999202,1596067.390005702,1744976.20077384,1793780.4137235759
2021-07-02,1369012.060723974,1721268.6290400242,1619180.676520406,1813887.9916205718,1579999.9404031425,1727409.701176665,1775722.6070319307
2021-07-05,1366958.5426328878,1712864.4549526123,1613691.864033721,1807739.146589114,1577629.9404925378,1721554.006333632,1769703.1377042017
2021-07-06,1381159.8395431098,1733255.3484699114,1632902.1517328452,1829259.4813351412,1594019.8971010516,1742048.3451156227,1790770.670592643
2021-07-07,1369553.5222120245,1718690.2626527643,1619180.3651582426,1813887.642816947,1580624.8502511964,1727409.36900248,1775722.2655673611
2021-07-08,1381160.1735852265,1733255.7676685217,1632902.5466604095,1829259.9237529498,1594020.2826247,1742048.7664408742,1790771.1037016928
2021-07-09,1350983.2757245195,1695385.951214401,1597225.3425899008,1789292.5174118842,1559192.6151487436,1703986.832207138,1751644.6376177236
2021-07-12,1381159.8738260113,1692842.8722875793,1632902.1922644493,1829259.5267406919,1594019.9366675273,1701430.8519588273,1790770.7150428314
2021-07-13,1379088.1340152724,1704511.8763694137,1646624.2538311419,1844631.6733189172,1607415.2519614298,1713159.0541927638,1805819.4216463608
2021-07-14,1406858.2905053124,1741443.2154814568,1682301.3526835605,1884598.9617893626,1642242.816724723,1750277.7500847646,1844945.7723397845
2021-07-15,1406858.0164076164,1741442.8761967001,1682301.0249213916,1884598.594613623,1642242.4967671444,1750277.4090787787,1844945.4128896617
2021-07-16,1356367.1199789632,1678944.0235242867,1621924.7212571327,1816962.0091583272,1583303.858434093,1687461.492794016,1778731.9452388217
2021-07-19,1338006.8925026562,1656217.2899299406,1599969.8195250789,1792367.0191201787,1561871.7412906047,1664619.4639591624,1754654.4498078905
2021-07-20,1328827.1687611532,1653732.9639950457,1588992.8350115605,1780070.0465327436,1551156.1379667008,1653198.9347380518,1742616.213531762
2021-07-21,1326833.9280080115,1671218.6581995282,1608202.6924723482,1801589.8993040514,1569908.5751415037,1673185.0008743494,1763683.2745865458
2021-07-22,1331629.500298034,1679774.8277006613,1616436.2379521457,1810813.5328928372,1577946.0655107559,1681751.2374969453,1772712.8369179845
2021-07-23,1338411.640867611,1688330.1120377483,1624668.93164442,1820036.2122662086,1585982.7243750342,1690316.5879140182,1781741.4651113225
2021-07-26,1336150.9489722382,1685478.3778743162,1622231.9282469533,1816962.0152189624,1583303.8637153408,1687461.498422691,1778731.9511719372
2021-07-27,1313542.6418830294,1656959.2851860872,1592394.4038451286,1786218.15709343,1556513.6122142351,1658908.850395234,1748634.9638424625
2021-07-28,1302238.6060851489,1654473.846258308,1578690.636056056,1783538.8298577897,1543118.6259904648,1644632.6750870566,1733586.6269263772
2021-07-29,1300285.248176021,1677808.262687065,1603357.6533657042,1808693.556761984,1567229.831180888,1670330.0357591477,1760673.891750471
2021-07-30,1289460.1211569847,1666335.943586639,1592394.4038451286,1796326.28566223,1556513.6122142351,1658908.850395234,1748634.9638424625
2021-08-02,1293898.763211318,1672071.8858422353,1597875.8209529722,1802509.6869664057,1561871.5187240676,1664619.2267510868,1754654.19976984
2021-08-03,1318312.078537066,1703620.581425707,1628024.5832653313,1836519.4863547364,1591340.9509308655,1696027.3053700938,1787761.0605881566
2021-08-04,1327189.6662856108,1715092.858322856,1638987.7924553466,1848886.711958949,1602057.1304757106,1707448.4487188365,1799799.9442085014
2021-08-05,1327189.6662856108,1712520.2190353717,1638987.7924553466,1848886.711958949,1602057.1304757106,1707448.4487188365,1799799.9442085014
2021-08-06,1325198.8817861823,1704236.5478828424,1633506.3964138778,1842703.3344190386,1596699.2445575728,1701738.0943093027,1793780.7314144631
2021-08-09,1309892.9464843017,1687079.5886492739,1617061.4946272904,1824152.3967411302,1580624.8892216447,1684606.2876087916,1775722.3093479539
2021-08-10,1323214.0606951395,1704236.5478828424,1633506.3964138778,1842703.3344190386,1596699.2445575728,1701738.0943093027,1793780.7314144631
2021-08-11,1309892.783911897,1687079.379263777,1617061.2939318242,1824152.1703433606,1580624.69304837,1684606.0785302592,1775722.0889609014
2021-08-12,1301012.470157151,1675641.9590405107,1606098.5557389432,1811785.4760550903,1569908.9738878675,1673185.4258522403,1763683.722550398
2021-08-13,1298792.5995105568,1673128.4961019498,1603358.1277098467,1808694.0918535728,1567230.2948368222,1670330.5299166846,1760674.4126357182
2021-08-16,1296844.410611291,1662054.626149013,1595135.163223858,1799418.0436480646,1559192.6151487436,1661764.0915209244,1751644.6376177236
2021-08-18,1263753.034901638,1622073.7049277294,1556763.9976226895,1756132.829121789,1521686.051805813,1621790.1591445892,1709508.6180414339
2021-08-19,1274877.9549150607,1636352.9507335383,1570468.316801378,1771592.2082230593,1535081.576994956,1636066.9088739727,1724557.5604476912
2021-08-20,1245953.7164142167,1599227.6221198437,1534837.7688120152,1731398.5917601453,1500253.878013988,1598948.0699347882,1685431.0589700295
2021-08-23,1245954.0254230932,1599228.0187441518,1534838.1494670012,1731399.0211641644,1500254.2500918263,1598948.4664897646,1685431.4769736447
2021-08-24,1277102.622223809,1596829.1767160355,1573208.790515229,1774683.6439600037,1537760.3007013595,1638921.8524025392,1727566.9205295653
2021-08-25,1275186.968290473,1608326.3238811186,1570848.9773294562,1790142.5327489434,1551155.4010357177,1653198.1493280686,1742615.3856409725
2021-08-26,1321657.3293680302,1669437.354145744,1628093.852779111,1858161.9718841696,1610094.1271202867,1716014.1591370818,1808828.9518745493
2021-08-27,1310661.8579258763,1655548.5417099576,1614548.9958289822,1855374.7289263434,1596699.0181154462,1701737.8529706823,1793780.4770224572
2021-08-30,1323856.4861778282,1672215.195606099,1630802.9011865687,1871246.193539022,1612773.2250872047,1718869.5015468881,1811838.7324121238
2021-08-31,1328254.6752111986,1677770.721157048,1636220.8445289743,1877462.9508485105,1618131.2692452776,1724580.0246061701,1817858.1229777418
2021-09-01,1350245.9097230188,1675254.0650753123,1663310.917672849,1908547.146379611,1644921.842526884,1753133.0155824558,1847955.4718052654
2021-09-02,1348220.5408584343,1670020.36908093,1660601.7053134148,1905438.4915499003,1642242.5824205943,1750277.5003669404,1844945.5091153653
2021-09-03,1339612.6637402987,1661846.958919023,1652474.3919558187,1896112.8985104011,1634205.122243471,1741711.295922662,1835915.9807026866
2021-09-06,1368161.9940073225,1697263.6274588373,1687691.3158105277,1936522.156222249,1669032.698170325,1778830.0037126187,1875042.343937596
2021-09-07,1392318.9848623832,1727231.4105917835,1717490.0851527364,1970714.4143198915,1698502.021103646,1810237.965869594,1908149.081994749
2021-09-08,1365965.9628960702,1694539.3566881085,1684982.4095173082,1933413.8525847264,1666353.7407464723,1775974.8110915022,1872032.7212903965
2021-09-09,1344005.0953253938,1691997.5476530765,1657892.660168155,1902330.0285881872,1639563.4876798084,1747422.1613954972,1841935.7322021264
2021-09-10,1341989.0876824057,1697745.3383873294,1666019.8819792005,1911655.5165836406,1647600.8573224929,1755988.269349529,1850965.158905649
2021-09-13,1348694.5026632894,1708787.676114939,1676855.873562721,1924089.1515674454,1658317.049377619,1767409.4260315415,1863004.056580426
2021-09-14,1346515.611506433,1706027.0343616882,1674146.8194166461,1920980.6782778497,1655637.9457355284,1764554.0775732212,1859994.269667189
2021-09-15,1329084.7990788785,1683942.301753927,1652474.7801650618,1896113.3439566705,1634205.506160787,1741711.7050959764,1835916.4120071332
2021-09-16,1319812.4438084876,1672194.2844058063,1640946.2958669413,1882885.11610373,1622804.47738636,1729560.659715395,1823108.1478311608
2021-09-17,1313246.2127447638,1669685.9929791975,1632782.3839472053,1873517.5284614225,1614730.8232700098,1720955.8803138258,1814037.958040956
2021-09-22,1311276.3434256467,1628284.137807239,1594684.041162646,1829802.019454246,1577053.684531524,1680800.1512406126,1771710.3088519867
2021-09-23,1313781.1134409956,1633841.5405185244,1600126.7653213025,1836047.2112287753,1582436.2355364494,1686536.7933295127,1777757.2311583636
2021-09-24,1320484.1073729587,1642177.5028944798,1608290.7127921476,1845414.839663797,1590509.9248108657,1695141.6102020214,1786827.4604462148
2021-09-27,1340592.746473291,1667184.963840061,1605878.2767229595,1873517.2460418812,1614730.5798607373,1720955.6208918758,1814037.6845875399
2021-09-28,1329421.2032624641,1653291.8341681478,1590110.8669284603,1857904.6903828664,1601274.5675898872,1706614.4049384957,1798920.7891450198
2021-09-29,1295906.3082175807,1650811.8964168956,1550023.948889201,1855117.8333472922,1560906.211090746,1663590.416361184,1753569.7436717732
2021-09-30,1293962.4487552543,1648339.3873358916,1550023.948889201,1852339.3243607508,1560906.211090746,1663590.416361184,1753569.7436717732
2021-10-01,1289796.4937929143,1645497.052838256,1547351.14583909,1849145.220037692,1558564.85177411,1660721.7835622057,1750545.9539020557
2021-10-04,1278658.8542668044,1631287.8709215843,1533989.4726095488,1833177.497229232,1542792.1578113632,1646381.133182485,1735429.6546236197
2021-10-05,1251927.3102751637,1597184.2917385546,1501920.0062832169,1794853.2289944745,1510538.6632229723,1611962.0154156038,1699148.8952935091
2021-10-06,1276431.0287184783,1628445.6548110195,1531316.780885295,1829983.5259449324,1540104.129043205,1643512.6198659372,1732405.9907988303
2021-10-07,1280886.2706531086,1626002.986328803,1536661.6734677425,1836370.8819093653,1545479.6928966623,1649249.1196684155,1738452.7631228787
2021-10-08,1278964.9412471289,1643333.4521645433,1555369.4705553772,1858727.4321048774,1564294.843295074,1646775.2459889129,1759617.227689466
2021-10-12,1278964.9412471289,1609450.288202388,1523299.9969356786,1820403.1551542613,1532041.3413714643,1610405.508942223,1723336.46010824
2021-10-13,1281529.7530494735,1615096.8657645567,1528644.325770312,1826789.8374179776,1537416.3382420824,1616055.4377902537,1729382.5946543296
2021-10-14,1297212.7557633503,1634861.9695155125,1547351.4475148998,1849145.5805520997,1556230.8094220413,1635832.272277577,1750546.2951932808
2021-10-15,1326338.6840649908,1671569.0341782917,1582093.6647167637,1890663.8907592504,1591172.3922693033,1672561.1228567786,1789850.7852670767
2021-10-18,1353224.050094951,1669061.6806270243,1614163.276936192,1928988.3333419717,1623426.0335879873,1706464.5432544018,1826131.7096486497
2021-10-19,1339781.305862947,1650006.4385394605,1598128.3978051092,1909826.0247872157,1607299.139488249,1689512.7558587054,1807991.1648474862
2021-10-20,1337771.6339041525,1663802.545829506,1611490.740111424,1925794.5471686244,1620738.1606081943,1703639.1851278902,1823108.2210644118
2021-10-21,1337771.6339041525,1661043.4047984679,1608818.3495484183,1922600.935783811,1618050.434729476,1700813.9816266976,1820084.897948715
2021-10-22,1331330.1072329106,1655524.8547218665,1603473.3088345577,1916213.4027965376,1612674.721894564,1695163.300192681,1814037.958040956
2021-10-25,1324673.4209233683,1647247.1859636356,1595455.8992044092,1906632.2842931265,1604611.30495187,1686687.4381419949,1804967.7195068183
2021-10-26,1320235.3484740704,1644776.31518469,1590110.62031643,1900244.4666784538,1599235.3525760954,1681036.5049145608,1798920.5101484307
2021-10-27,1326891.997289906,1650593.4148868204,1587725.4543859554,1909825.5312163283,1607298.724101689,1689512.3192250542,1807990.6975945574
2021-10-28,1326892.250926672,1650593.7303994442,1585347.7362768885,1909825.896281437,1607299.0313384882,1689512.6421770665,1807991.043193833
2021-10-29,1324901.912550282,1642313.4189409893,1577394.7356174518,1906961.1574370149,1599235.910570948,1681037.0914509422,1798921.1378161367
2021-11-01,1314023.972977033,1631272.6564607136,1566790.4012603597,1891304.294055179,1588484.744785597,1669736.0017605159,1786827.5503350198
2021-11-02,1320694.0914357707,1639553.1612923276,1574743.5876491459,1900904.7457533977,1596548.053854162,1678211.7504192933,1795897.6675255522
2021-11-03,1327364.263614739,1637093.831550389,1582696.8380918182,1910505.2747723542,1604611.4278635264,1686687.5673406029,1804967.85776558
2021-11-04,1316247.3703877418,1620951.475222769,1569441.4927114488,1894504.4800158185,1591172.5442026085,1672561.2825614973,1789850.956171214
2021-11-05,1329587.5884020422,1637379.8811262152,1585347.8429496204,1913705.3562044902,1607299.139488249,1689512.7558587054,1807991.1648474862
2021-11-08,1327593.2070194392,1642855.8203706592,1590649.7698691885,1920105.4191239974,1612674.4787952346,1695163.0446587806,1814037.6845875399
2021-11-09,1327593.2070194392,1672974.8255346392,1619811.6646859623,1955307.3305254092,1642240.1596981962,1726241.0150216005,1847295.0220314425
2021-11-10,1325605.1354788414,1672975.2491520534,1619812.0748418227,1955307.8256328206,1642240.5755332222,1726241.4521266567,1847295.489788834
2021-11-11,1301739.6298882836,1670465.7862783254,1590649.820492358,1920105.480232246,1612674.5301193504,1695163.0986081334,1814037.7423201336
2021-11-12,1323435.7811120213,1695763.8666431273,1617161.2504719272,1952107.962071277,1639553.0468955068,1723416.4559553766,1844272.3885422228
2021-11-15,1321265.9626606856,1692983.6034981648,1614509.859017851,1948907.4139709813,1636864.943321559,1720590.8554397814,1841248.6405711763
2021-11-16,1327774.609429846,1701323.3568654282,1622463.0453366095,1958507.865584668,1644928.2523191269,1729066.6040239302,1850318.7576818464
2021-11-17,1325782.9475157012,1709663.1772422194,1630416.2955588477,1968108.3943375337,1652991.6261050047,1737542.4207103217,1859388.9476704828
2021-11-18,1319492.3576677772,1704103.4748828663,1625114.2983901608,1961708.2466188986,1647616.215576206,1731892.0570454262,1853342.347815654
2021-11-19,1338864.6540894783,1701547.319670542,1648973.6225648033,1990509.3180503144,1671805.9045364053,1757319.0525899664,1880552.4313937325
2021-11-22,1330254.741238916,1688072.9733766618,1638369.4743861258,1977708.8369081034,1661054.9275073623,1746018.161310764,1868459.0562375828
2021-11-23,1323797.3439165002,1679878.6346831773,1630416.4092106724,1968108.5315289437,1652991.7413304935,1737542.5418296135,1859389.0772833598
2021-11-24,1317339.6694184823,1671683.9442580824,1622463.0026599688,1958507.814068834,1644928.20905157,1729066.5585432306,1850318.709011777
2021-11-25,1315363.6599143546,1652563.3762682024,1620029.3081559788,1936106.58090138,1626113.6707127446,1709289.6534618537,1829154.9329283088
2021-11-26,1298197.390717326,1633442.9471777345,1598886.9731056911,1913705.510465395,1607299.2690502105,1689512.8920477827,1807991.3105869293
2021-11-29,1289513.6573609593,1630992.782756968,1588191.9060529482,1910834.9521996968,1596547.9315601522,1678211.6218699247,1795897.5299615583
2021-11-30,1296026.4920706414,1636775.133746989,1596213.2490703973,1917609.4263080016,1604611.477630394,1686687.619653054,1804967.913746483
2021-12-01,1293855.4891282155,1634033.3351393258,1593539.396582294,1914397.1959003601,1601923.5570819336,1683862.2115247296,1801944.3716540162
2021-12-02,1313393.546873475,1658708.2991734794,1617602.8758590631,1943305.83622005,1626113.6426245212,1709289.623936913,1829154.9013329085
2021-12-03,1311423.4565531646,1683383.438651383,1641666.5262318077,1972214.682085744,1650303.9001632794,1734717.2171428993,1856365.6244839116
2021-12-06,1311423.4565531646,1653225.0018272041,1612255.463320677,1936881.7267246936,1620738.095504037,1703639.1166936446,1823108.1478311608
2021-12-07,1307287.440486332,1650745.1643244633,1609581.4280916075,1933669.2767813483,1618049.9912531474,1700813.5154664812,1820084.3990986473
2021-12-08,1333346.383316098,1681128.7623444884,1641666.177868511,1972214.2635797947,1650303.5499671232,1734716.849034152,1856365.2305612492
2021-12-09,1315974.0712535616,1659225.156618181,1620276.7343590804,1946518.0738500992,1628801.5692165266,1712115.0384179105,1832178.4502235348
2021-12-10,1313801.9234737994,1656486.4383418849,1617602.3043775035,1943305.1496711655,1626113.0681362,1709289.0200634194,1829154.2551123118
2021-12-13,1322488.7600862621,1667439.0993051056,1628297.8640893633,1956154.2512151145,1636864.9008774245,1720590.8108246224,1841248.5928273443
2021-12-14,1320505.0269461328,1637320.6703825956,1598886.4310093257,1920820.8511519632,1607298.724101689,1689512.3192250542,1807990.6975945574
2021-12-15,1316322.68123566,1634864.6893770217,1596213.1204020632,1917609.271732408,1604611.3482850916,1686687.4836917177,1804967.7682507513
2021-12-16,1340103.7598438312,1661907.7813476904,1625050.78325844,1952253.3734263924,1633600.736034082,1717159.6834105875,1837576.8549085096
2021-12-17,1331243.516484631,1650919.895316384,1614306.5813226085,1939345.8355881332,1622800.0051453651,1705806.493353574,1825427.5134816782
2021-12-20,1344533.8218411969,1667401.6503493953,1630422.8118538535,1958707.0554008782,1639001.0287251614,1722836.2019644731,1843651.4437844616
2021-12-21,1322383.3002718105,1639932.0429502171,1603562.4123053076,1926438.3372965222,1611999.3073483743,1694453.338080934,1813278.2092785013
2021-12-22,1320399.7253214028,1642678.9895718906,1606248.4384550254,1929665.1925221686,1614699.4656082827,1697291.6098816674,1816315.5171185085
2021-12-23,1338264.6986206004,1640214.9710875328,1630422.9086751742,1958707.1717170894,1639001.1260558928,1722836.3042736873,1843651.5532681898
2021-12-24,1336060.0330061286,1635060.2802897766,1627977.2743121614,1955480.385301252,1636301.02537445,1719998.0929965677,1840614.3101960623
2021-12-27,1331650.540307813,1629663.976090016,1620174.0855258605,1949026.576140234,1630900.626256605,1714321.46257217,1834539.6016045907
2021-12-28,1344879.1258563062,1645853.0201901454,1636268.8572734664,1946103.0362760236,1628454.27531722,1731351.492177393,1852763.8754116774
2021-12-29,1355902.1863293515,1659342.9591909822,1649680.2414024319,1959115.2477947697,1639342.5947350767,1745542.204064766,1867949.7221158806
2021-12-30,1353868.3330498575,1670136.097537213,1660410.5289381568,1971858.2445264212,1650005.641408967,1756896.0223898464,1880099.735868571
2022-01-03,1351840.2906055914,1667630.8933909072,1660410.1830776068,1971857.8337918678,1650005.2977157363,1756895.6564315401,1880099.3442471512
2022-01-04,1408622.3676512935,1735074.6814725862,1730153.2877906237,2054682.8422042024,1719311.360415451,1830691.4925358666,1959070.1713193282
2022-01-05,1461035.6446713216,1799634.8872586782,1794530.3739725542,2131135.313405772,1783285.0304966609,1827945.4552970629,2031965.0010118615
2022-01-06,1393334.8853405872,1716244.28085571,1711376.2980243661,2032383.8014352543,1700652.0358068456,1740632.0594680477,1937808.7947593255
2022-01-07,1404254.2705162403,1729694.2651741563,1724788.1325913614,2048311.3302627585,1713979.8257187405,1754273.167651294,1952995.151499093
2022-01-10,1402147.889110466,1689343.8455421624,1684552.16353741,2000528.1911397595,1673995.9935462037,1713349.3697934397,1907435.5543558928
2022-01-11,1440176.3580167661,1686809.829773849,1732835.242945483,2057867.858976495,1721976.5092195563,1762457.8423395148,1962106.9764288976
2022-01-12,1464699.4624400502,1712963.1268280486,1762341.6984393205,2092908.9205201627,1751298.063843731,1792468.7069594883,1995517.4361998667
2022-01-13,1466929.0316541109,1715570.6036178842,1765024.3394153405,2096094.751754955,1753963.8941713297,1795197.2073438242,1998555.0178717142
2022-01-14,1500369.583206025,1754679.2625736224,1805260.360476323,2143877.952640085,1793947.778024998,1836121.0580977632,2044114.6739030047
2022-01-17,1527122.3052619414,1785966.5181500816,1837449.5152039116,2182104.9146038373,1825935.2208694331,1868860.4823557124,2080562.7813116433
2022-01-18,1524831.6218040485,1767715.6625778433,1818672.5530478675,2159805.906624025,1807275.923698023,1849762.5304056013,2059301.4360149659
2022-01-19,1464160.934937821,1765064.0890839766,1748929.856543498,2076981.3829891433,1737970.2666489347,1778827.5913221296,1980331.0711615938
2022-01-20,1459669.502997293,1757014.0912747118,1743564.8729327612,2070610.0748215506,1732638.9024654978,1773370.8939948676,1974256.2456327914
2022-01-21,1446195.6060315412,1740795.470015175,1727470.3985310148,2051496.7161145934,1716645.283360121,1757001.286588064,1956032.3085134467
2022-01-24,1434967.4960887057,1727280.1178430333,1714058.500806526,2035569.1122829732,1703317.4306865064,1743360.114167655,1940845.8802598068
2022-01-25,1443949.9606805607,1738092.371459251,1711487.4130553163,2048311.1622075837,1713979.685094034,1754273.0237206914,1952994.9912642024
2022-01-26,1441784.03573954,1716467.6576792954,1687662.215178604,2022826.8189457583,1692654.9725969078,1732446.9961442584,1928696.537169776
2022-02-07,1460028.6787495187,1713892.9561927766,1711581.7805460885,2019792.5787173396,1716645.3012879752,1757001.3049373776,1956032.328941349
2022-02-08,1462295.925318682,1713983.4478684398,1714239.658419494,2019899.2215588775,1719311.0421918794,1759729.713795789,1959069.8087193237
2022-02-09,1439624.6066792172,1687409.986083729,1687662.224366967,1988582.8661764408,1692654.9818124538,1732447.0055764494,1928696.5476704342
2022-02-10,1448692.8198114578,1698039.0023733124,1698292.829508604,2001108.974147884,1703317.0363947456,1743359.7106066295,1940845.430983867
2022-02-11,1464562.741940012,1716640.42454535,1716897.0322679516,2023030.4216460576,1721976.277579735,1762457.6052541551,1962106.7124867898
2022-02-14,1462365.8978271019,1700697.0803356497,1700951.3048071119,2004241.4720804894,1705983.3764911667,1746088.7327437615,1943883.5935120485
2022-02-15,1462365.8978271019,1698146.0347151463,1682346.752794158,1982319.6130546255,1687323.7850193437,1726990.479574634,1922621.912874622
2022-02-16,1487856.3995338904,1727746.4202688586,1714239.2486574566,2019898.7387337273,1719310.6312176073,1759729.293160069,1959069.3404344881
2022-02-17,1485549.902598484,1725068.0422850975,1711581.8096903488,2016767.461916838,1716645.3305184555,1757001.3348550268,1956032.362248034
2022-02-18,1471709.754554762,1708996.4198852326,1695635.8319795898,1997978.217480238,1700652.1784396318,1740632.2054539374,1937808.9572823234
2022-02-21,1460175.7393471133,1695602.7526653416,1682346.873737546,1982319.7555629695,1687323.906320529,1726990.6037274455,1922622.0510913169
2022-02-22,1448642.031051873,1682209.441841952,1669058.2691057676,1966661.7103068703,1673995.9888578078,1713349.364994826,1907435.5490136978
2022-02-23,1446469.0680052952,1679686.1276791892,1658427.2139663475,1954135.0721002484,1663333.4829464653,1702436.198025461,1895286.1514331575
2022-02-24,1430414.9915495017,1661043.620824422,1642480.6866083057,1935345.1800108464,1647339.7795942896,1686066.5043913305,1877062.1183187566
2022-02-25,1388752.4189800988,1612663.709538274,1594641.443309035,1878975.9029231519,1599359.0093148444,1636957.7712537192,1822390.406134715
2022-03-01,1386437.831615132,1609975.9366890434,1591983.7075701864,1875844.2764182799,1596693.4109659863,1634229.5083016297,1819353.0887911574
2022-03-02,1391066.8605003236,1615351.313027927,1597299.0115809778,1882107.3321007304,1602024.4397013653,1639685.8622949047,1825427.5320935056
2022-03-03,1395696.3916646496,1620727.2726293998,1602614.892336128,1888371.0673646363,1607356.046887336,1645142.8083373606,1831502.6345116638
2022-03-04,1393602.8470771527,1618296.1817204556,1581352.968322355,1863318.0104286764,1586031.2218807621,1623316.6656065355,1807204.0522182924
2022-03-07,1356435.0408097508,1575135.7367690024,1578980.9388698714,1816343.1938938235,1546046.8900332656,1582392.3563270408,1761643.885720215
2022-03-08,1312000.3892308515,1523536.7987092624,1524968.5852356046,1756842.6837033788,1495400.8562635554,1530555.7029680044,1703935.2377474038
2022-03-09,1326032.4125788088,1539831.2328469632,1541278.3325257497,1754207.4196778238,1511394.3726541616,1546925.2052453526,1722159.057828353
2022-03-10,1368128.67773698,1588714.7618330293,1590207.8011820763,1807185.762943767,1559375.144214703,1596033.939694177,1776830.77147214
2022-03-11,1358773.985960932,1577851.7946583421,1579334.6252286774,1794828.982423411,1548712.7890760857,1585120.9270419995,1764681.545689655
2022-03-14,1356735.8249819905,1575485.0169663546,1560305.9637531186,1773203.9306025458,1530053.0757288078,1566022.5491322903,1743419.7261811818
2022-03-15,1326382.9920725303,1540238.3369636561,1527686.9671500823,1736134.192786709,1498066.5312695317,1533284.044379317,1706972.6424379523
2022-03-16,1337695.7720542117,1553375.0987659122,1540716.6777567049,1750941.7591224178,1510843.6078510792,1546361.4927084625,1721531.488603852
2022-03-17,1370900.8205287035,1591933.8626725834,1578961.2271072697,1794404.6355120097,1548346.6307985405,1584746.1608797775,1764264.3264610523
2022-03-18,1380388.2198596648,1602950.9341029073,1589888.5206542192,1806822.917771017,1559062.0542406745,1595713.4893993384,1776474.020947959
2022-03-21,1382759.8236305628,1605704.9162256098,1592620.0606345257,1809927.1662595808,1561740.6321897656,1598455.037084465,1779526.1279033564
2022-03-22,1380685.683895117,1603296.3588512714,1576229.2367600303,1791299.875205614,1545667.6112147144,1582004.161177682,1761211.7162847398
2022-03-23,1380685.683895117,1636964.122448303,1611742.6083632424,1831658.91476494,1580492.4114226769,1617647.6452239587,1800892.8519302863
2022-03-24,1371607.490942725,1628640.1657978843,1603546.9030208534,1822344.9357987712,1572455.6132188644,1609421.9127904603,1791735.3182825139
2022-03-25,1394973.9276357603,1656385.3608198909,1630864.6141307545,1853390.0473604968,1599243.65920251,1636839.7094166325,1822258.9703927457
2022-03-28,1357587.6130999178,1611993.0299917932,1587156.2578515767,1803717.8478336881,1556382.7674841036,1592971.216243629,1773421.1063415315
2022-03-29,1369270.7740506353,1625865.5593512983,1600815.046305073,1819240.3273573518,1569776.724675507,1606680.0472094172,1788682.8574203274
2022-03-30,1399647.1302943546,1623426.7610122713,1636328.0573532956,1859598.9571652964,1604601.1713193075,1642323.169379718,1828363.5901970165
2022-03-31,1397547.659598913,1629113.9096613205,1644523.4921082258,1868912.6286233503,1612637.7041821016,1650548.63023439,1837520.8215018357
2022-04-01,1356047.803407057,1583108.8535750723,1598083.2800144502,1816135.8216792678,1567097.9248040472,1603938.272384828,1785630.4975953782
2022-04-06,1339822.161317267,1564166.337254668,1578961.5888277213,1794405.0465878765,1548346.9855055674,1584746.5239254856,1764264.7306321478
2022-04-07,1323595.7948341286,1545222.9752461389,1576593.1464444797,1772673.3013266234,1546024.465027309,1565553.9186510565,1742898.0097948336
2022-04-08,1314323.4782644594,1534398.0718631514,1563203.6769821586,1760255.017671861,1532894.6049811912,1554586.5888988206,1730688.313935616
2022-04-11,1305051.5487967338,1532096.4747553566,1552176.0156214964,1757614.6351453532,1522080.7597643267,1543619.717012171,1718479.1278084554
2022-04-12,1303093.9714735388,1505346.1908713079,1527362.7572508443,1726926.8219275828,1497748.6075000693,1518943.2405824538,1691007.3293953028
2022-04-13,1324628.738710179,1532518.6879016955,1554932.6679048855,1758098.9962919152,1524783.9631121939,1546361.1733771453,1721531.1330990621
2022-04-14,1355160.9614109453,1567842.700211486,1590773.3145055298,1798622.5547170832,1559929.6927583967,1544041.6316170795,1761211.8152449622
2022-04-15,1319931.4341274046,1527084.1787101785,1549418.6758455199,1751864.5501932336,1519376.8822537172,1501649.3820214837,1715426.3613659882
2022-04-18,1312885.5753231486,1518932.5283841006,1541147.8028771055,1742513.0112074204,1511266.3738545536,1493633.5038889835,1706269.3312212566
2022-04-19,1329326.1587006522,1516654.1295915246,1560446.7954370787,1764333.595564202,1530191.1768168055,1512337.4995895042,1727636.0548197818
2022-04-20,1327332.1694626012,1525084.683755369,1571474.4590050003,1776802.1253278288,1541005.0241981328,1523025.1751933065,1739845.243390692
2022-04-21,1327669.5118683837,1527760.4935296003,1574231.6611211516,1779919.5813907406,1543708.766718014,1525697.3714940047,1742897.8574241968
2022-04-22,1297442.4767949742,1492977.9895940376,1538391.148697682,1739396.1746742355,1508563.1686474145,1490961.8386318707,1703217.3238314707
2022-04-25,1278840.8078631954,1471572.8924266743,1516334.9548027944,1714458.135137855,1486934.623931371,1469585.6473878028,1678797.9870643811
2022-04-26,1278840.8463515514,1471572.9367155498,1516335.0004388418,1714458.1867366738,1486934.6686825776,1469585.6916168698,1678798.0375899621
2022-04-27,1232337.6948571044,1469365.5773104765,1461195.7261163858,1652114.4564623644,1432864.4938384101,1416146.386603817,1617751.035773158
2022-04-28,1230489.1883148188,1467164.6009277324,1461195.4979109778,1652114.1984398102,1432864.2700576936,1416146.1654340872,1617750.7831173853
2022-04-29,1268056.055943911,1514225.1109581839,1508064.5440578165,1705107.1187692434,1478824.5687935592,1461570.2172281768,1669641.4686665908
2022-05-03,1247191.8222917933,1489310.481696453,1483251.2790115208,1677051.7712464486,1454492.409983093,1437521.9566104508,1642169.6628625533
2022-05-04,1235600.8591062299,1475469.3526442305,1469466.4620630178,1661465.8405232327,1440974.8678725169,1424162.1319389797,1626907.9142153307
2022-05-05,1258783.2488647336,1503152.1640939307,1497036.6470540154,1692638.3250691812,1468010.4925024582,1450882.3153854308,1657432.0216490335
2022-05-06,1224009.9324229646,1500897.4358477897,1455681.688525704,1645879.9588832792,1427457.3683314272,1410802.349340311,1611646.2136304553
2022-05-09,1222173.91752433,1484457.7053896314,1453498.1659929154,1630293.9744241573,1413939.7796161675,1397442.4786079216,1596384.4123650154
2022-05-10,1180676.3331380095,1436205.6424620089,1404146.218668731,1577301.526637448,1367979.890712495,1352018.831864262,1544494.1895298054
2022-05-11,1208676.754488526,1470266.0890096612,1437446.3574594888,1574935.5743474918,1400422.324141459,1384082.7395614847,1581122.7615325304
2022-05-12,1204009.8949252374,1464589.1986975141,1431896.1884377783,1566504.7842403564,1395015.1097710398,1378738.6144713662,1575017.8390600919
2022-05-13,1183009.8758043505,1439044.2249339868,1406921.4374302828,1539182.226044893,1370683.6286905315,1354691.023676108,1547546.7984354184
2022-05-16,1215676.697248918,1436885.6585965857,1445771.1988084964,1581684.1459165881,1408532.7441300636,1392098.5303149659,1590279.6918588395
2022-05-17,1213853.1822030446,1434733.5582591968,1445771.1988084964,1581684.1459165881,1408532.7441300636,1392098.5303149659,1590279.6918588395
2022-05-18,1258562.698984897,1489810.068573443,1501271.4217487273,1642401.7911371766,1462603.458349754,1445538.3684103175,1651327.3026483099
2022-05-19,1216687.778508614,1440241.0815085983,1451321.0923374481,1587755.7695687278,1413939.6901035388,1397442.3901396918,1596384.31130232
2022-05-20,1219014.2185462601,1442994.9798998449,1454096.1769206375,1590791.7321694668,1416643.2973592195,1400114.4527543995,1599436.7726181035
2022-05-23,1239951.485658696,1467779.2448217887,1479071.1112570607,1618114.4909281025,1440974.957046687,1424162.2200727004,1626908.0148958953
2022-05-24,1232972.3966212173,1465577.575954556,1470746.1331449195,1609006.9046752239,1432864.4038175312,1416146.2976332668,1617750.9341366314
2022-05-25,1231122.9380262855,1441293.527923058,1448546.0088056398,1584719.8081182071,1411236.083872159,1394770.3285373333,1593331.851143006
2022-05-26,1231634.1946798572,1444054.9016179482,1451321.2775257584,1587755.9721660782,1413939.8705219887,1397442.568453089,1596384.515000671
2022-05-27,1233989.0564423446,1446815.9078367115,1454096.1769206375,1590791.7321694668,1416643.2973592195,1400114.4527543995,1599436.7726181035
2022-05-30,1266958.1148933186,1485471.1600727318,1492945.9394853464,1633293.6533391962,1454492.4139546866,1437521.9605357056,1642169.667346613
2022-05-31,1276378.1441373967,1496515.8675532928,1504046.2231051913,1645437.44388583,1465306.7896737265,1448210.1583127812,1654379.4524281393
2022-06-01,1295217.7159850493,1494271.0937519628,1526246.2169021158,1669724.3976285663,1486934.9824390982,1469586.001712601,1678798.3918313703
2022-06-02,1293274.8894110718,1475756.3689245237,1509596.3081498279,1651509.2770575138,1470713.9222300535,1453554.2025433823,1660484.2825297825
2022-06-06,1284216.533969982,1467618.0065958956,1501271.3285092956,1642401.6891325642,1462603.367511873,1445538.2786322974,1651327.2000893608
2022-06-07,1269973.956581967,1451341.418900541,1484621.5093307474,1624186.6665558307,1446382.3945694342,1429506.5657114917,1633013.1893146352
2022-06-08,1279468.5001544775,1462191.8967933538,1482394.5770667512,1636329.365227392,1457195.7979440296,1440193.802489061,1645221.8765873744
2022-06-09,1277094.911884671,1459479.3317446513,1477428.3907094446,1633293.7514656035,1454492.5013389208,1437522.046900374,1642169.766006281
2022-06-10,1258104.6913968474,1457290.1127470343,1455459.2397611116,1630843.810838405,1432864.4038175312,1416146.2976332668,1617750.9341366314
2022-06-13,1256217.5343597522,1422161.7135575637,1422505.53675536,1591531.8496155175,1400422.2805886688,1384082.6965168514,1581122.7123600012
2022-06-14,1227699.4327371386,1391961.2343094626,1392297.7562100498,1557734.6912904142,1370683.451579063,1354690.8486311075,1547546.5984707582
2022-06-15,1230121.090049781,1394706.9007259281,1395044.0864214962,1560807.3485758458,1373387.1472193175,1357362.9985991523,1550599.159575626
2022-06-16,1253845.8306647115,1421605.9269447515,1421949.6157750364,1590909.8724609872,1399874.9898351526,1383541.791339602,1580504.8031388728
2022-06-17,1216108.657178225,1378819.6543564452,1379152.9991358933,1543028.035324282,1357742.7563030627,1341901.1403690535,1532936.1288301202
2022-06-20,1217325.793609364,1376751.4248749106,1380533.317703198,1544572.3674240303,1359101.6465330247,1343244.1755948036,1534470.3604943678
2022-06-21,1215499.80491895,1377438.7580489716,1383294.372768293,1547661.4992137484,1361819.838435399,1345930.6526882038,1537539.2883548918
2022-06-22,1213679.38199454,1377438.8670072642,1383294.4821897768,1547661.6216370165,1361819.9461582024,1345930.7591541393,1537539.409977472
2022-06-23,1191876.830896074,1352694.5385392422,1358444.9633797882,1519859.4095458603,1337356.1961732348,1321752.4427167038,1509919.033419003
2022-06-24,1185820.4757257071,1345821.0107131747,1351542.215575354,1512136.4568425063,1330560.6079854632,1315036.1428165084,1502246.5913445922
2022-06-27,1201566.7728591207,1363691.9262158873,1369489.1019299494,1532215.8452854638,1348228.8833409993,1332498.271587134,1522194.6540397427
2022-06-28,1201566.8424483894,1361646.3883265634,1369489.181244514,1532215.9340244194,1348228.9614242688,1332498.3487593583,1522194.7421983164
2022-06-29,1199764.4921847167,1359606.9514248658,1369489.1546174656,1532215.9042334666,1348228.9352105842,1332498.3228515247,1522194.712602206
2022-06-30,1199764.4921847167,1328083.8216969268,1337736.9013381123,1496690.7543585382,1316969.6101658985,1301603.7194887742,1486901.9087913295
2022-07-01,1165824.0815404155,1292449.1263842352,1301843.1978617618,1456532.054931914,1281633.1276128825,1266679.5293103375,1447005.8603537104
2022-07-04,1095355.3861070035,1214326.5302803626,1223152.7734102753,1368491.4016350808,1204164.3088115165,1190114.586643545,1359541.0216373103
2022-07-05,1111427.0862643886,1232143.84522249,1241099.5921964513,1388570.7144809396,1202358.0623482992,1207576.6496708198,1379489.0092297914
2022-07-06,1092882.5505164166,1230295.6294546563,1220391.4269567158,1365401.9438332594,1180525.5243126648,1187427.8260322805,1356471.7698969082
2022-07-07,1092882.766681038,1228453.193009122,1218560.8398162806,1365402.213900335,1180525.7578124611,1187428.0608973044,1356472.038197657
2022-07-08,1091243.4425310164,1306273.5395381427,1293813.8024867717,1451898.0397420502,1255309.9857197253,1262649.5375503635,1442402.1531342259
2022-07-11,1091243.4425310164,1300715.148876439,1288308.4298829078,1449720.1926824371,1249968.4526556514,1257276.7735877666,1436264.514717974
2022-07-12,1091243.4425310164,1272922.0912478247,1260780.4730769193,1416618.339214543,1223259.7260996352,1255390.8584273849,1405575.1032338592
2022-07-13,1119347.2275374925,1307663.3689732205,1295190.3751966818,1455281.4526068927,1256645.5917130283,1287722.0811493357,1443936.8186609838
2022-07-14,1108641.3887281157,1305701.8739197606,1282802.7093829052,1441362.6182446901,1244626.582048806,1275405.8447814763,1430126.4884513698
2022-07-15,1144327.3953429738,1345712.4826948454,1324094.7867291376,1487758.5731964523,1284689.8097900844,1316459.824793639,1476160.7641385777
2022-07-18,1178823.70100536,1386279.639721456,1364010.2678011353,1532607.7786788037,1323417.4086750078,1356145.146226254,1520660.3480284524
2022-07-19,1159791.1487753263,1363897.6332976546,1341987.8087666868,1507863.249390002,1302050.3366257595,1334249.6725391834,1496108.7145031765
2022-07-20,1158051.4620521634,1404464.890538099,1381903.3884426707,1552712.5656642148,1340778.031180221,1373935.092007217,1540608.4083212356
2022-07-21,1142496.5193316247,1387678.523792847,1365386.6800214176,1534154.3213444052,1324752.858954844,1357513.621813136,1522194.8346341134
2022-07-22,1163227.3211543912,1385597.0060071577,1390161.8633117161,1561991.8233964357,1348790.7343605412,1382145.9470669387,1549815.3296802598
2022-07-25,1151710.1494330892,1369823.4058369545,1376397.8013704293,1546526.464450539,1335436.2900303348,1368461.2511121754,1534470.530805935
2022-07-26,1150558.4358423632,1368453.5783381055,1375021.3994564025,1544979.9333650903,1334100.8497500403,1367092.7857721213,1532936.0556901535
2022-07-27,1137889.5384463822,1353385.418881749,1359880.9211596719,1527968.027107307,1319410.9511278986,1352039.6101191586,1516056.7656001027
2022-07-28,1136182.7041387125,1394480.2895050773,1401173.0244574628,1574364.0112183513,1359474.2040484187,1393093.6159332383,1562091.0702192816
2022-07-29,1132252.2099183835,1391740.728673264,1398420.3152472381,1571271.0553604516,1356803.4152898383,1390356.7793253758,1559022.225471955
2022-08-01,1127794.33360818,1389653.117580254,1392914.488241171,1565084.6845561017,1351461.441346542,1384882.699880009,1552884.080467572
2022-08-02,1101048.261458553,1354664.9671872568,1359880.9906516161,1527968.105188753,1319411.0185517669,1352039.6792104,1516056.8430728654
2022-08-03,1101048.3407394288,1354665.06472978,1359881.0885697182,1527968.215209952,1319411.1135558325,1352039.7765638893,1516056.952236395
2022-08-04,1112192.5459587488,1368376.238822875,1373645.0563848966,1543433.46839535,1332765.4665611174,1365724.3789352917,1531401.6461746765
2022-08-05,1110524.2571398106,1395798.6901343532,1371584.5888003192,1574364.0910843166,1359474.2730132313,1393093.6866035315,1562091.1494626524
2022-08-08,1111039.4407382743,1398540.8847928138,1372220.880965495,1577457.0964235233,1362145.1044992623,1395830.5669954822,1565160.0433055551
2022-08-09,1104503.8976550263,1396443.0734656246,1364148.972481919,1575090.910778888,1354132.4654428351,1387619.7776454194,1555953.195627488
2022-08-10,1089254.3228981178,1375100.1264044608,1345314.5511823753,1551017.5471280196,1335436.3392395966,1368461.3015383685,1534470.5873493752
2022-08-11,1117574.840961567,1410852.610604178,1380292.613005817,1591343.8690317005,1370157.5684080014,1404041.1768665044,1574366.6897318156
2022-08-12,1121931.812786349,1416352.9537114315,1385673.8150554686,1597547.8744788398,1375499.2580222106,1409514.9649514062,1580504.5080305305
2022-08-15,1120248.9150671696,1430104.199765355,1399127.2000548611,1613058.3260561216,1388853.8591436953,1423199.8215748519,1595849.4870644019
2022-08-16,1120248.9150671696,1446605.3329774928,1415270.9078438592,1631670.459578677,1404879.0288800558,1439621.2892183638,1614263.0578915428
2022-08-17,1120248.9150671696,1444435.4249780267,1409889.406947546,1625466.109590244,1399537.0426135198,1434147.197145007,1608124.8987272573
2022-08-18,1120248.9150671696,1431262.4085239687,1399126.9917334158,1613058.0858816458,1388853.6523518874,1423199.609669141,1595849.2494522163
2022-08-19,1120248.9150671696,1428510.1506136577,1396436.5288891501,1609956.242466896,1386182.9447107275,1420462.8561847098,1592780.4979120998
2022-08-22,1120248.9150671696,1406490.7411140662,1374911.5101438586,1585139.9779383778,1364815.9772531823,1398567.4896758655,1568228.9845669386
2022-08-23,1120248.9150671696,1384471.140254127,1353386.3043347371,1560323.497743358,1343448.8241053568,1376671.932884673,1543677.2578561038
2022-08-24,1120248.9150671696,1387223.7381098443,1356077.0994917853,1563425.7242826016,1346119.8616192332,1379409.0243994794,1546746.3884333682
2022-08-25,1120248.9150671696,1385142.9025026795,1358767.7810905871,1566527.8199001718,1348790.7864086851,1382146.0004022184,1549815.389485691
2022-08-26,1120248.9150671696,1404978.2453428148,1380292.768500586,1591344.0483021287,1370157.7227610226,1404041.3350366321,1574366.8670897053
2022-08-29,1120248.9150671696,1361158.0718625137,1337242.5157512682,1541711.2710725926,1327423.5741677731,1360250.3830565843,1525263.5948745003
2022-08-30,1120248.9150671696,1362527.5537663514,1338587.9358492135,1543262.410304929,1328759.1152787795,1361618.9517208654,1526798.1858488647
2022-08-31,1120248.9150671696,1347464.267462309,1323789.3115827926,1526201.0279758663,1314069.152549422,1346565.710375334,1509918.8220970195
2022-09-01,1125391.5904187397,1355680.4849333484,1331861.1700598157,1535507.1000203514,1322081.7419664785,1354776.4488584588,1519125.6127374338
2022-09-02,1109477.2483630206,1353646.9642059484,1313027.1087326151,1513793.2491023638,1303385.9730924221,1335618.338917239,1497643.4150450623
2022-09-05,1102656.7002724486,1343310.4090954086,1311057.5680695162,1504487.1550207415,1295373.3647012447,1327407.580990769,1488436.6026026127
2022-09-06,1110613.8189839262,1353004.1609121752,1318540.7620644036,1515344.0090982032,1304721.187678303,1336986.5729815213,1499177.630828797
2022-09-07,1084468.3913542996,1321152.52016447,1287500.4387026732,1513070.993084556,1274006.1967370845,1305512.009016838,1463884.8588672078
2022-09-08,1082841.688767268,1310073.655288689,1276703.7720270345,1498135.5430883362,1263322.6895044746,1294564.3016773353,1451609.0751877637
2022-09-12,1108650.3767676714,1343310.187532991,1309093.711259915,1536143.2002022546,1295373.1510454488,1327407.3620513259,1488436.3571034265
2022-09-13,1131509.1696737688,1341295.2222516914,1336085.360446569,1567816.286707588,1322081.9018079734,1354776.6126527884,1519125.7964018025
2022-09-14,1093792.1537499824,1294643.3647776244,1291549.130280595,1515555.6834034442,1278012.4541362254,1309617.3400263623,1468488.2113174137
2022-09-15,1094347.1691967763,1295300.296776156,1292204.492192949,1516324.7114238793,1278660.947225894,1310281.8701664004,1469233.3562134728
2022-09-16,1081702.3909548586,1280333.5792020187,1277273.5454998782,1498804.1381922895,1263886.4912037351,1295142.046032876,1452256.9062368316
2022-09-19,1080079.8373684264,1284415.3137589607,1281345.5245950327,1503582.3621991614,1267915.7920445472,1299270.9903418552,1456886.7365373375
2022-09-20,1075034.9172165815,1280333.5916663476,1277273.557934417,1498804.1527834772,1263886.503507948,1295142.0586413685,1452256.9203748717
2022-09-21,1081889.6289033846,1278413.091278848,1285417.79757222,1508360.931059028,1271945.383687226,1303400.232644149,1461516.9009809983
2022-09-22,1055613.4791650749,1245495.6788652835,1254198.503456672,1471726.9559980999,1241053.297777692,1271744.1942027602,1426020.6397087898
2022-09-23,1047616.5443135006,1236060.267137043,1244697.1623682482,1460577.7003105625,1231651.5398752547,1262109.9334912058,1415217.6380629875
2022-09-26,1012200.7627853781,1194273.946928436,1202618.86281257,1411201.3316193412,1190014.2613387825,1219442.976853662,1367374.714088139
2022-09-27,1010682.4616412001,1210449.3662125408,1218907.3068458654,1430314.846815698,1206131.9868244012,1235959.2891238874,1385894.6352299706
2022-09-28,1004673.5206708628,1205057.6043521592,1213477.8703805008,1423943.727746481,1200759.4560712199,1230453.8972073847,1379721.3792100833
2022-09-29,995683.0475419582,1203250.017945631,1202618.8799107496,1411201.3516830325,1198958.316887113,1219442.9941910375,1367374.7335287274
2022-09-30,954102.7875170227,1151274.7374006975,1152396.8681359852,1352268.8236105908,1147168.4195652877,1168518.398347788,1310272.4286215473
2022-10-03,940617.0870983358,1135002.1235782471,1136108.3936336113,1333155.272660592,1130953.8462106744,1152002.0551822348,1291752.4728364479
2022-10-04,965340.499008685,1164834.7998130692,1165970.1473438886,1368196.2552224959,1160680.1165229816,1182281.561819415,1325705.2139786133
2022-10-05,963892.488260172,1205515.962148322,1164221.192122873,1415979.6953928308,1201216.1790162632,1223572.041937343,1372004.6798146358
2022-10-06,975440.5225093594,1221788.7347758585,1178169.2894096689,1435093.4328727338,1217430.910609543,1221736.6838744371,1390524.8163367207
2022-10-07,971109.8686317808,1219956.0516736947,1172938.5825814349,1432940.7927234247,1212025.8943404302,1214490.8150826744,1384351.316724211
2022-10-11,883417.4634150087,1108130.3372029855,1067020.7984042065,1301592.1037926364,1102578.4782520016,1104820.8136457305,1259342.7048772417
2022-10-12,859600.0298693911,1078254.5177187424,1038253.3152943043,1266500.445862598,1072852.3400193702,1075034.220784977,1225390.1145937946
2022-10-13,867178.1871755035,1087760.313516051,1047406.4640536038,1277665.8009969695,1082310.510699207,1084511.6267313221,1236193.0447090457
2022-10-14,865877.4198947402,1125784.645774328,1084020.1655315568,1322328.571212505,1120144.3367306297,1122422.3961539534,1279406.071037841
2022-10-17,834335.8676501659,1086402.545405956,1046099.0665713381,1276070.9883729042,1080959.5451616815,1083157.9137087874,1234649.9993587316
2022-10-18,847893.6253736106,1084772.941587847,1063097.925483206,1296806.8358524118,1098524.8784889216,1100758.9699976118,1254712.7657021
2022-10-19,842679.2465840392,1076487.0710542207,1056560.0826359568,1288831.729239173,1091769.1668586032,1093989.5191445558,1246996.529329172
2022-10-20,815563.3041257432,1041847.6022478713,1022561.8294208386,1247359.3811896115,1056637.9469712186,1058786.8522088816,1206870.3647510672
2022-10-21,824949.4821794869,1053838.0474408993,1034330.3179653233,1261715.0261648397,1068798.6117025057,1070972.2483216317,1220760.028587136
2022-10-24,823712.0579562177,1052505.8927573625,1033022.8229657381,1260120.0945854802,1067447.545397968,1069618.434327153,1219216.8681427906
2022-10-25,791244.9927687946,1012537.3235394597,993794.1169912646,1212267.4435268121,1026911.5717770065,1029000.0219046345,1172917.503814924
2022-10-26,771463.8699376021,1011018.5175541505,968949.2665634211,1181960.760484501,1001238.7850627282,1003275.0239424128,1143594.569166542
2022-10-27,800615.0118847535,1047650.184983544,1005562.7473884701,1226623.261539325,1039072.3830881518,1041185.5648953449,1186807.3350715244
2022-10-28,790203.9047798488,1034026.6604150252,992486.5231004467,1210672.3913162071,1025560.4032857589,1027646.1055156267,1171374.2266549976
2022-10-31,803738.15377298,1051736.9934100157,1009485.3757316682,1231408.2311343465,1043125.7301230548,1045247.1553013083,1191436.9855856842
2022-11-01,802532.5465423205,1058548.9134130396,1016023.6392583804,1239383.8509082173,1049881.8764516683,1052017.0417367138,1199153.7184621606
2022-11-02,802532.5465423205,1065360.535244114,1022561.6165916581,1247359.121572572,1056637.7270496627,1058786.6318400672,1206870.1135611406
2022-11-03,789034.0566026352,1063762.4944412478,1006870.3105657179,1228218.2762843617,1040423.5198423222,1042539.4494827312,1188350.5759820067
2022-11-04,780836.2591166107,1051133.6607377855,1005360.0050998693,1215457.5030156309,1029613.8706972798,1031707.8165430203,1176004.0146608811
2022-11-07,799281.1077287054,1075963.4518969713,1027567.1840292735,1244168.9381927336,1053935.3231813249,1056078.732040182,1203783.4828456393
2022-11-08,809528.4549351451,1089758.0617862996,1040741.3196504867,1242302.6847854445,1067447.5169331082,1069618.4058044036,1219216.8356308069
2022-11-09,826948.656811899,1113208.5103992003,1063136.9794685757,1267135.0308788181,1090417.866059754,1092635.4701788698,1245453.101050195
2022-11-10,825708.2338266812,1128382.430698353,1077628.384845771,1284407.0924802201,1105281.1316904037,1107528.9635232354,1262429.6206465927
2022-11-11,825708.2338266812,1126689.8570523055,1163259.0374044895,1386468.8226896266,1193109.1305613075,1195535.5799114527,1362744.9740148087
2022-11-14,825708.2338266812,1146661.3738636551,1185654.5915780913,1413161.7058997473,1216079.3713325497,1218552.5357101508,1388981.1156728596
2022-11-15,825708.2338266812,1184883.3643686667,1225176.3541267177,1460267.0279556802,1256615.2917392834,1259170.8948102186,1435280.4192205179
2022-11-16,825708.2338266812,1252409.116050542,1294998.3777478756,1543486.7200234348,1328229.0004817017,1330930.2457513164,1517076.1402987551
2022-11-17,825708.2338266812,1229476.0018919539,1271285.4030884993,1515223.625560991,1303907.5332339618,1306559.3154604346,1489296.655251205
2022-11-18,825708.2338266812,1252409.116050542,1294998.3777478756,1543486.7200234348,1328229.0004817017,1330930.2457513164,1517076.1402987551
2022-11-21,825708.2338266812,1250530.5023764663,1284459.1350052888,1530925.1743938748,1317419.3129219653,1320098.5743187869,1504729.5351011474
2022-11-22,805022.4697468231,1219202.0283621745,1254159.096911611,1494811.0701467874,1286341.7532869382,1288957.8116435274,1469233.3787878065
2022-11-23,836310.097117008,1266586.9650389932,1302902.6586900034,1552907.6991344092,1336336.111158973,1339053.8440179713,1526335.9171676452
2022-11-24,835464.4982680096,1265306.310311177,1301585.2849163958,1551337.54355753,1334984.9325933114,1337699.9175340608,1524792.6285009282
2022-11-25,835464.4224422183,1265306.19547344,1301585.166786021,1551337.4027599292,1334984.8114316233,1337699.7961259638,1524792.490112513
2022-11-28,821934.6511744402,1244815.4325533204,1280506.8908964626,1526214.5613142871,1313365.6512861452,1316036.6686720962,1500099.525256221
2022-11-29,820701.7491976785,1242948.2094044904,1247572.1909737927,1486960.248079545,1279585.822437611,1282188.1411256324,1461516.8920273867
2022-11-30,820701.7491976785,1265986.8105319296,1272602.5444177834,1516793.5040914023,1305258.4733906053,1307913.00305047,1490839.6716119924
2022-12-01,820701.7491976785,1326271.843427547,1333202.6119817079,1589021.7023074552,1367413.5838159453,1370194.5195382868,1561831.9741364217
2022-12-02,820701.7491976785,1284334.6606942497,1291046.275906071,1538776.2765095101,1324175.4847635808,1326868.4863190807,1512446.2971180559
2022-12-05,820701.7491976785,1288266.0978650064,1289109.706492212,1543486.5770535117,1328228.8774506475,1330930.1224700517,1517075.9997751883
2022-12-06,820701.7491976785,1279092.3757763798,1289109.706492212,1532495.4340521703,1318770.5810536423,1321452.5905508648,1506272.926068345
2022-12-07,820701.7491976785,1277173.7372127152,1289109.706492212,1530196.690901092,1289044.1575275518,1291665.7118164455,1472320.0099285136
2022-12-08,820701.7491976785,1269913.8113010204,1289109.706492212,1521498.4893310324,1283639.3309085155,1286249.893295913,1466146.726930463
2022-12-09,820701.7491976785,1277934.2407591455,1289109.706492212,1531107.8590344938,1291746.447006953,1294373.4969947592,1475406.5099912987
2022-12-12,820701.7491976785,1273924.094532957,1289109.706492212,1526303.2562568523,1287692.958201003,1290311.7645294261,1470776.6975491336
2022-12-13,820701.7491976785,1264566.8057797533,1289109.706492212,1515092.1799022702,1278234.533725743,1280834.1042715092,1459973.4775539136
2022-12-14,820701.7491976785,1261893.2414047392,1289109.706492212,1511888.9513669843,1275532.072854034,1278126.1473523239,1456886.7817303217
2022-12-15,820701.7491976785,1260000.4015426321,1289109.706492212,1533477.988408896,1293746.0489162928,1296377.1655335708,1477690.4146083905
2022-12-16,820701.7491976785,1233003.9245548947,1289109.706492212,1502872.9770047884,1267925.5853163,1270504.1903522667,1448198.8064257686
2022-12-19,820701.7491976785,1233004.052555543,1287179.071709751,1502873.1330210923,1267925.7169422368,1270504.3222458938,1448198.9567662356
2022-12-20,820701.7491976785,1229039.3228530916,1283040.1420059886,1498040.6381585207,1263848.696481482,1266419.0102689697,1443542.2669467255
2022-12-21,820701.7491976785,1215823.803370428,1269243.966669338,1481932.6220264996,1250258.8814438987,1252801.5573590226,1428020.2567081947
2022-12-22,831052.0448065222,1233003.9240096367,1287178.9375158688,1502872.9763401889,1267925.5847555988,1270504.1897904251,1448198.8057853472
2022-12-23,815018.962372028,1231154.4181236222,1262346.0210431814,1473878.7798048255,1243464.1138426387,1245992.971106134,1420259.4113998872
2022-12-26,808783.7582131061,1219905.761266503,1252688.5952361801,1462603.0481692825,1241598.9176718746,1236460.652333062,1409393.8882678421
2022-12-27,815909.654719568,1230653.9026753113,1263725.5741490605,1475489.5061940043,1250662.1962163073,1247354.6528039717,1421811.5399363495
2022-12-28,803439.5353371028,1211844.9561257912,1244411.1700540024,1452938.565433121,1231547.448886453,1228290.4569793923,1400080.9971736623
2022-12-29,802234.3760340972,1193035.5445229318,1225096.28840811,1430387.0670976667,1212432.2289423002,1209225.7897904064,1378349.9171208378
2022-12-30,820878.3640726359,1222592.9241729558,1255447.9709464482,1465824.815606322,1242470.1602137466,1239184.2817360316,1412498.4485522385
2023-01-03,804641.0073271214,1220759.0347866963,1230614.6247749734,1436830.1173670564,1217893.5211889884,1237325.5053134277,1384558.5707147482
2023-01-04,810955.580346658,1228496.4283601118,1240272.1066038755,1448105.9144121541,1227451.171743134,1245167.9002007267,1395424.1568767633
2023-01-05,828094.8569476323,1254460.291978847,1266484.8452676504,1478711.151512819,1253392.944210749,1271484.10983464,1424915.982545154
2023-01-06,820878.3440330559,1243528.1761446088,1255447.9402979976,1476493.08478555,1242470.129882115,1260403.6382892402,1412498.4140698148
2023-01-09,819647.0265170063,1279057.422294915,1291317.7498893128,1516403.841008525,1277969.146250081,1296415.0387324193,1452855.3635970827
2023-01-10,849897.1431020872,1328252.058171759,1340983.9379742313,1574727.2074972752,1327121.9252541796,1346277.276864994,1508734.5519337882
2023-01-11,851645.874098412,1326259.6800845012,1343743.1191256705,1577967.334024181,1329852.5842114785,1349047.34948238,1511838.8933209858
2023-01-12,852520.1590661898,1325632.7462814013,1345122.5826390118,1579587.2480773572,1331217.787941218,1350432.2582271344,1513390.9210573165
2023-01-13,886620.9977015031,1378658.1063152861,1398927.5368650004,1642770.7977966813,1384466.5498529205,1404449.5996776489,1573926.615189937
2023-01-16,884872.1443959565,1375938.7134826116,1396168.162731736,1639530.4446498123,1381735.6999086875,1401679.33331667,1570822.05667982
2023-01-17,883544.8361793626,1370500.4554573293,1394073.9104876383,1633050.3670773571,1376274.5298832955,1396139.3381057002,1564613.5420328209
2023-01-30,948738.1319306537,1473831.7260893676,1496937.1371446832,1756177.0459225026,1480041.1469209357,1501403.696983782,1682580.3071678213
2023-01-31,939986.0476370079,1471620.9785002335,1483127.9314580539,1739976.35890131,1466387.8062993712,1487553.2874002093,1667058.5481243706
2023-02-01,931233.75464923,1455734.9833108506,1469318.3964898384,1723775.2855734725,1452734.1401128352,1473702.5475525402,1651536.4189633657
2023-02-02,941736.373873293,1472153.0202908574,1485889.6296095576,1743216.3285574096,1469118.3330517486,1490323.2259044605,1670162.739214803
2023-02-03,945237.3852276513,1477625.915447485,1491413.5921631013,1749696.93218354,1474579.9464157473,1495863.6708530777,1676371.7578699577
2023-02-06,943819.5291498099,1455735.0121546718,1469318.4256028002,1723775.3197282236,1452734.1688971978,1473702.5767523693,1651536.4516867816
2023-02-07,928234.4599013886,1433844.3484954415,1447223.5009120947,1697853.9910295336,1430888.630518252,1451541.7252429468,1626701.4173687412
2023-02-08,953034.5222727824,1431693.5819726982,1485889.6296095576,1743216.3285574096,1469118.3330517486,1490323.2259044605,1670162.739214803
2023-02-09,956577.401537737,1434863.5675951815,1491413.3828794814,1749696.686656136,1474579.7394943202,1495863.4609449976,1676371.5226319584
2023-02-10,963663.352641244,1445492.4754742915,1502461.1896635548,1762657.7550941764,1485502.8492348199,1506944.2321661655,1688789.4269453846
2023-02-13,963663.0831117586,1445492.0711807776,1502460.7694363145,1762657.2620918883,1485502.4337507016,1506943.8106850516,1688788.9546035198
2023-02-14,962217.5884870909,1445492.4754742915,1502461.1896635548,1762657.7550941764,1485502.8492348199,1506944.2321661655,1688789.4269453846
2023-02-15,962217.5884870909,1397663.482724292,1452747.194906166,1704334.2795870018,1436349.9783540198,1457081.9008307639,1632910.1341589289
2023-02-16,962217.5884870909,1395566.9875002056,1458270.9490117666,1701777.7781676212,1441811.3856228355,1462622.1367094708,1639118.9185153975
2023-02-17,962217.5884870909,1382919.8971608472,1447223.198023639,1686355.7042071654,1430888.3310485105,1451541.4214507325,1626701.07691747
2023-02-20,962217.5884870909,1356528.4091402835,1419604.5530304355,1654173.4813196626,1403581.4188223146,1423840.3679665672,1595657.2962381672
2023-02-21,962217.5884870909,1359167.683198733,1422366.548610347,1657391.8563481583,1406312.2396460134,1426610.6047866931,1598761.821642693
2023-02-22,962217.5884870909,1335415.2367568885,1397509.6559074335,1628427.724999471,1381735.9076999144,1401679.5441071047,1570822.2929066487
2023-02-23,962217.5884870909,1351249.97585182,1414080.6820383647,1647736.8712863906,1398119.895986331,1418300.0148526242,1589448.380499513
2023-02-24,962217.5884870909,1349223.1008880422,1447223.5002082835,1686356.0563234112,1430888.6298223848,1451541.7245370355,1626701.4165776467
2023-03-01,962217.5884870909,1295782.3898895986,1445052.664957971,1621991.3557279392,1376274.5891524826,1396139.398230364,1564613.6094128173
2023-03-02,962217.5884870909,1334347.2584315334,1445052.664957971,1670264.8034131883,1417235.0536736841,1437691.0760267857,1611179.389775883
2023-03-03,962217.5884870909,1347202.2411630512,1445052.664957971,1686355.9858765728,1430888.5700475944,1451541.6638994704,1626701.3486228567
2023-03-06,962217.5884870909,1336918.533323115,1431874.2162387997,1673483.388323654,1419966.0525841657,1440461.4935041552,1614284.1176378296
2023-03-07,962217.5884870909,1339489.0310275683,1434627.2855501804,1676701.0003926812,1422696.2260297358,1443231.0736020554,1617387.907072485
2023-03-08,962217.5884870909,1337479.797481027,1434627.8205007974,1676701.6256088915,1422696.7565314427,1443231.6117608936,1617388.5101717482
2023-03-09,962217.5884870909,1345729.5659138747,1445642.027179203,1689574.32888327,1433619.3637005026,1454311.8731566293,1629805.8431383513
2023-03-10,962217.5884870909,1320096.3709635742,1418105.7191053983,1657391.6457853648,1406312.0609815458,1426610.4235434264,1598761.6185285326
2023-03-13,962217.5884870909,1314969.950175089,1412598.691892389,1650955.3831196218,1400850.8328901066,1421070.3694282982,1592553.0378693233
2023-03-14,957030.7670634518,1309843.4441561713,1407091.5731210911,1644519.013446383,1395389.5140018226,1415530.2232057857,1586344.3539879953
2023-03-15,964522.1811958876,1320096.5938212953,1418105.9585089872,1657391.925585032,1406312.2983941378,1426610.6643827735,1598761.8884303207
2023-03-16,950910.6133424791,1318116.4489305634,1398093.3078370916,1634002.4140791162,1386466.0826762775,1406477.993266215,1576199.7780402505
2023-03-17,971623.3395359404,1344810.4335914543,1428546.56335009,1669594.2395644905,1416666.0740782577,1437113.8839197564,1610532.5470415195
2023-03-20,973506.5157974438,1347416.9118240285,1431315.3368727986,1672830.205715522,1419411.821131283,1439899.2624107332,1613654.0412847677
2023-03-21,972046.2560237476,1342204.4497568295,1425778.3150095732,1670320.9604069486,1413920.8478397536,1434329.0337606093,1607411.6448846862
2023-03-22,987551.9964941739,1365660.2459609506,1450694.6126683827,1696965.3337110835,1438629.9294269113,1459394.7601569404,1635502.0896491758
2023-03-23,995090.7296876231,1376085.3661204444,1461768.864625652,1709919.5568150776,1449612.0825090392,1470535.4269368143,1647987.1172071819
2023-03-24,1010167.9320931289,1374021.2380712638,1483916.9807566768,1735827.549409207,1471576.004114777,1492816.3703874215,1672956.7351390047
2023-03-27,1004513.8086046326,1364284.124515536,1475611.1836814422,1726111.7556215767,1463339.2820949715,1484460.7615468896,1663592.842591171
2023-03-28,989436.8627112132,1343807.314986014,1453463.4443616671,1700204.2038063833,1441375.7341667372,1462180.197167355,1638623.6494734893
2023-03-29,987952.7074171463,1364284.2774213885,1475611.3490645776,1726111.9490802449,1463339.4461027004,1484460.9279218654,1663593.029042862
2023-03-30,992025.4861845247,1371963.324344584,1483917.0145167103,1735827.5889003624,1471576.0375940457,1492816.4043499217,1672956.7731998102
2023-03-31,995726.8135889266,1377082.230583336,1489453.6290373853,1742304.1021690131,1477066.6069306836,1498386.2232145686,1679198.7103649934
2023-04-06,980920.6170689324,1375016.607237461,1487219.4485938293,1716396.497209249,1455103.0139482762,1476105.6131305604,1654229.4660276112
2023-04-07,990174.474177992,1385909.4422967117,1499001.150767587,1732588.7228096502,1468830.236249174,1490030.9707834632,1669835.2172350402
2023-04-10,986472.9281031606,1380728.5294475255,1493397.4698300452,1726111.8269155836,1466626.9908948003,1484460.8228599273,1663592.911302944
2023-04-11,984993.2187110059,1352233.0435412447,1462576.7214740706,1690488.3178857393,1434207.4207558394,1453824.5090921829,1629259.6681296537
2023-04-12,985402.1580658791,1354823.641424521,1465378.714944706,1693726.9426767365,1436955.0645337636,1456609.7351402363,1632380.9915344648
2023-04-13,970329.1700392561,1334099.8786864125,1442963.8707676008,1667819.2199075436,1414974.9964922802,1434329.0237398015,1607411.6336546529
2023-04-14,972213.3623753611,1332098.7288683828,1445765.8286500655,1671057.8035647075,1417722.6053723297,1437114.2144126475,1610532.9174154778
2023-04-17,977865.6214841134,1337836.5365899862,1454171.2295531596,1680773.0081247156,1425964.968437903,1434958.5430910285,1619896.2420772223
2023-04-18,975981.5603621553,1335258.9167711213,1451369.4667975442,1677534.6500007864,1423217.5508998672,1430048.7244776657,1616775.17568093
2023-04-19,974517.588021612,1332681.2140723877,1448567.613955048,1674296.1877518448,1420470.0450223472,1427288.0310944524,1613654.0089309816
2023-04-20,974517.588021612,1319792.487651618,1434558.1182998929,1658103.6089990244,1406732.2886813192,1413484.3361356244,1598047.917362139
2023-04-21,974517.588021612,1340414.3873858978,1456973.2433709688,1684011.6564335627,1428712.6321683312,1435570.1810911675,1623017.5881480784
2023-04-24,944989.042264863,1338403.765804819,1414945.2020489047,1681485.6389489125,1387499.800144595,1394159.5353115452,1576199.8098728212
2023-04-25,943117.6287148792,1333752.6225996919,1412143.1085799132,1675642.2375001628,1384752.0583079625,1391398.6048366604,1573078.3750733146
2023-04-26,931890.2488515222,1317874.9135189275,1395332.1969621838,1655694.4904294873,1368267.2244952663,1374834.6469567376,1554351.6034235826
2023-04-27,918791.288324813,1299350.4236526585,1375718.941654298,1632421.4957810785,1349034.4034782615,1355509.5120565356,1532503.1182366572
2023-04-28,932825.7695890815,1319197.9226529167,1396732.965140251,1657356.6352290155,1369640.822260256,1376214.8377297693,1555912.0105211495
2023-05-02,931426.530934698,1323167.4113256873,1400935.7580561615,1662343.6491389922,1373762.0944638937,1380355.8912562039,1560593.775854111
2023-05-03,922591.3040708948,1321182.6602086988,1389728.380796199,1649045.0290527623,1362772.1044022113,1369313.1513322939,1548109.1468516975
2023-05-04,924451.2060759565,1321863.3092507788,1392530.0098496366,1652369.4286459938,1365519.390831463,1372073.624213929,1551230.0643084075
2023-05-05,930031.4741102725,1329842.4773473383,1400935.7435970933,1662343.6319819314,1373762.0802852854,1380355.8770095408,1560593.7597472114
2023-05-08,946772.0794981638,1353779.697496393,1398834.3399816977,1692265.886805303,1398489.8551220514,1405202.3404628125,1588684.5126195557
2023-05-09,943051.9506033758,1348460.3232996983,1391251.0570699305,1685616.5069181127,1392994.8023720116,1399680.9125046176,1582442.1325493376
2023-05-10,941637.3726774707,1351119.9986533115,1393995.1319850327,1688941.1821804321,1395742.3166144139,1402441.614292863,1585563.3088017926
2023-05-11,936525.3729673509,1349093.3186553316,1388506.994890839,1682291.8470865309,1390247.300881583,1396920.223529553,1579320.9707831254
2023-05-12,918016.9977927483,1320450.764456046,1361066.1917521337,1649045.0290527623,1362772.1044022113,1369313.1513322939,1548109.1468516975
2023-05-15,919867.6238110384,1323112.654754863,1363809.958494065,1652369.3309376235,1365519.3100851893,1372073.5430800884,1551229.9725806382
2023-05-16,930972.8480083698,1339086.1082051578,1380274.73555501,1672317.779390274,1382004.7235204994,1388638.0833647037,1569957.4026816753
2023-05-17,940226.9469275716,1352396.9532348164,1393995.0056636676,1688941.0291315797,1395742.190134722,1402441.4872060928,1585563.1651208594
2023-05-18,938816.6065071801,1418952.0754468034,1462597.2808632152,1772058.398136162,1464430.4490210265,1471459.4366719665,1663593.029042862
2023-05-19,940928.0538185844,1416823.6473336332,1468085.5682242792,1778707.9152908896,1469925.615209067,1476980.9786126427,1669835.5379786515
2023-05-22,935651.642020198,1406768.4185878853,1459853.0322915022,1768733.512474398,1461682.7609043585,1468698.5601748917,1660471.6552692363
2023-05-23,932134.259115652,1401479.972585148,1454365.0259990697,1762084.335857722,1456187.876137231,1463177.3010058952,1654229.4660276112
2023-05-24,926858.0963568855,1393547.170667186,1446132.8786310405,1759441.2093539354,1447945.4108842837,1454895.2734872804,1644866.0252810074
2023-05-25,953239.1324287764,1433211.5144558998,1487293.9622811347,1806809.7308584382,1489158.0843936477,1496305.759991692,1691683.6234839337
2023-05-26,951809.2737301332,1501963.5885944166,1558640.4060747714,1893483.5506800239,1560593.9513187555,1568084.5054924167,1772834.770211105
2023-05-29,960422.9795925064,1499710.643211525,1575104.9452739921,1913485.1713371978,1577079.126594214,1584648.8064740582,1791561.929762544
2023-05-30,947037.2767103841,1476593.835796378,1553152.2356308461,1886816.355079038,1555098.9021943938,1562563.0811773026,1766592.3942596575
2023-05-31,936997.9447934738,1460940.7923644278,1536687.6135991227,1866814.6337944323,1538613.6439826132,1545998.6968612603,1747865.1404925543
2023-06-01,920265.7250738294,1434852.3868657148,1509246.5771122563,1833478.4319360806,1511138.2138626098,1518391.389901939,1716653.051145363
2023-06-02,935324.7681070293,1458332.0224224632,1533943.5842192196,1863481.1038325636,1535866.1753324822,1543238.0408841204,1744744.0160329207
2023-06-05,933921.7809548688,1460941.1774689122,1536688.0186704947,1866815.1258873977,1538614.0495616873,1545999.104387037,1747865.6012303932
2023-06-06,933921.7809548688,1458749.7657027089,1534382.986642489,1846813.0820489014,1522128.525503578,1529434.452948654,1729138.0454618533
2023-06-07,933921.7809548688,1474969.2736973518,1534382.986642489,1870148.399164056,1541361.306653927,1548759.5477908482,1750986.4853602569
2023-06-08,933921.7809548688,1477597.9062003805,1534382.986642489,1873481.3044355041,1544108.2604392255,1551519.686431902,1754107.0249334269
2023-06-09,933921.7809548688,1474968.9813823926,1534382.986642489,1870148.028531011,1541361.001181145,1548759.2408518547,1750986.1383431682
2023-06-12,933921.7809548688,1509148.1665021675,1534382.986642489,1913484.6250800688,1577078.6763734708,1584648.3540923411,1791561.418311768
2023-06-13,933921.7809548688,1559102.8976695659,1534382.986642489,1976823.4092767017,1629281.994150195,1637102.237866403,1850864.388694775
2023-06-14,933921.7809548688,1556764.2433230616,1534382.986642489,1966822.4578906693,1621039.2902540509,1628819.970559149,1841500.676849493
2023-06-15,933921.7809548688,1561711.3319096926,1534382.986642489,1976032.2392531119,1628629.918164198,1636447.0320396845,1850123.6303573367
2023-06-16,933921.7809548688,1561710.9451477516,1532084.4799285918,1976031.7498835025,1628629.514829692,1636446.6267692496,1850123.172169327
2023-06-19,933921.7809548688,1543182.5415818063,1513907.569771538,1952587.774009018,1609307.1780016567,1617031.5463991484,1828172.9970186902
2023-06-20,933921.7809548688,1532594.668226185,1503520.5538554383,1939190.9453708772,1598265.6193189695,1605936.9903346603,1815629.7860614434
2023-06-21,933921.7809548688,1540535.6981812806,1511310.938360747,1949238.7249339258,1606546.9186229147,1614258.0383003326,1825037.342291014
2023-06-26,933921.7809548688,1538224.8946340086,1495730.0900580678,1946314.8668465249,1589984.2357263358,1597615.8576757296,1806222.1340799204
2023-06-27,933921.7809548688,1519921.9603832946,1480149.6895179886,1923156.1771364908,1573422.0288083307,1580974.155314307,1787407.466580499
2023-06-28,933921.7809548688,1543920.6017243078,1503520.3509437873,1953521.6409832092,1598265.403620744,1605936.773601124,1815629.5410282535
2023-06-29,933921.7809548688,1541254.3947639905,1500923.9114505984,1950148.0912096633,1595505.3482533833,1603163.4704929057,1812494.1180575122
2023-06-30,933921.7809548688,1519921.7122700037,1480149.4478971553,1923155.86319892,1573421.7719616452,1580973.8972348063,1787407.1748026577
2023-07-03,933921.7809548688,1541254.531048628,1500924.0441690334,1950148.2636505184,1595505.489335134,1603163.6122518217,1812494.2783263845
2023-07-04,933921.7809548688,1538942.649252055,1519100.9553719522,1973765.4959539208,1614827.8272749397,1622578.69373903,1834444.4547399932
2023-07-05,933921.7809548688,1547144.8898638403,1529488.2400948491,1987261.6787521755,1625869.671703413,1633673.5369208294,1846987.99030446
2023-07-06,933921.7809548688,1505116.970796962,1487939.9608162965,1933278.0644530288,1581703.2077714817,1589295.0823615722,1796814.8861029244
2023-07-07,933921.7809548688,1484103.1212919434,1467165.9299497514,1906286.398631695,1579330.6529598245,1567105.9712640285,1771728.4653545413
2023-07-10,935823.9628193296,1489356.5836681982,1472359.4376663878,1913034.3150870285,1582547.382869449,1572653.2490384146,1778000.0705416373
2023-07-11,947377.4099501347,1507743.8052312017,1490536.81674244,1936652.1552972614,1602085.114586526,1592068.8302692212,1799950.8119521094
2023-07-12,947377.5294694406,1505482.1895233549,1490537.0047856886,1936652.3996215605,1602085.3167024928,1592069.0311215527,1799951.0390304306
2023-07-13,968833.5934100826,1537272.2156242873,1524294.4629116852,1980513.412179404,1638369.1042362577,1628125.9713244624,1840716.059713463
2023-07-14,972134.6454005233,1542510.076431089,1529488.1053545547,1987261.5036843214,1643951.4267624405,1625683.7823674758,1846987.8275940192
2023-07-17,970676.4434324226,1539891.2138225473,1526891.3513556502,1983887.5452739913,1641160.3377526568,1620492.9685812125,1843852.0248307015
2023-07-18,970676.4434324226,1537272.4641192765,1524601.0143286167,1980513.7323228724,1638369.369073226,1617737.1469734702,1840716.3572591501
2023-07-19,964269.1719907953,1529415.8757166227,1514537.3802463461,1970391.8563484796,1629996.1014288994,1609469.325097967,1831308.9482782686
2023-07-20,957664.6668247355,1527121.7519030478,1504163.9593773824,1956896.1815178213,1618831.8767650342,1598445.693127779,1818765.8848257838
2023-07-21,924641.6948087219,1472253.9166020483,1452296.154227267,1889416.8956266842,1563009.9992154618,1543326.7885447238,1756049.7201818249
2023-07-24,919688.2291345474,1464366.7974287497,1444515.9522429856,1879294.9621369469,1554636.6839918746,1535058.9196891324,1746642.2577454012
2023-07-25,926292.8605164684,1474882.9730179952,1454889.5713539396,1876476.0196937413,1565801.1220104417,1546082.7623272156,1759185.5609029836
2023-07-26,924903.4212256937,1495915.1050407477,1475636.5933909675,1900384.3739129656,1588129.7653821323,1568130.2178679279,1784271.9058173336
2023-07-27,925141.2403260675,1498544.197184059,1478230.045760687,1903724.3265679595,1590920.9261068658,1570886.2291025184,1787407.7891527638
2023-07-28,923518.1578947505,1496296.380888283,1475636.6155771255,1900384.4024851955,1588129.789259622,1568130.241444725,1784271.9326438154
2023-07-31,933256.3520705675,1509809.6179581294,1491196.7166672798,1920423.328803961,1604876.0937388593,1584665.6572929318,1803086.4912900203
2023-08-01,917025.9388585836,1483552.2729997796,1465263.071706636,1887024.9339264245,1576965.4322173754,1557106.4787632157,1771728.7204635427
2023-08-02,920271.8590847054,1488803.4792365767,1470449.5411831285,1893704.2786872191,1582547.2852222102,1562618.0386869553,1777999.9608344655
2023-08-04,918891.4512960783,1459920.175352109,1441922.3100629093,1856965.7588547112,1551845.318986847,1532302.706746779,1743506.1449000165
2023-08-07,920815.7564938936,1465171.9471757016,1447109.338153655,1863645.8230214915,1557427.773191142,1537814.860298987,1749778.0607216046
2023-08-08,920815.7784191779,1462974.1892549382,1447109.3726103674,1863645.8673962366,1557427.8102746152,1537814.896915463,1749778.1023850765
2023-08-09,907613.9355945274,1439839.5988907146,1426361.9973643885,1836926.5600181494,1535098.7867675645,1515767.06602649,1724691.330386707
2023-08-10,910914.4130673727,1445075.4794499269,1431548.8675255878,1843606.4207968847,1540681.071002766,1521279.0517500504,1730963.0552471504
2023-08-11,917515.1695517312,1455546.9257291078,1441922.2959557918,1856965.740686996,1551845.3038042923,1532302.6917554205,1743506.127842339
2023-08-14,916138.8967974036,1413660.4012343967,1400427.8497779276,1803527.5178387957,1507187.5843032598,1488207.3533661242,1693332.9518082065
2023-08-15,919849.2360305487,1421514.7684426021,1408208.6962748293,1813548.006057069,1515561.5931730203,1496475.9071327022,1702741.19355965
2023-08-16,916461.2093785023,1419382.4962899382,1403021.923912859,1806868.271228129,1509979.4141926405,1490964.0253384747,1696469.5869535368
2023-08-17,914767.008032426,1414636.6226225076,1400917.3910269898,1803528.03311879,1507188.0149169336,1488207.7785570177,1693333.4356048692
2023-08-18,914767.0985515479,1414636.7626053267,1398819.3007011954,1803528.2115836584,1507188.1640580092,1488207.925819938,1693333.6031656296
2023-08-21,921543.0666410403,1425115.4227766583,1409180.79594903,1816887.5132349099,1518352.3816175263,1499231.5507752441,1705876.658636343
2023-08-22,920160.7520410788,1425115.0052547278,1409180.3830955327,1816886.9809338974,1518351.9367795803,1499231.1115392065,1705876.1588586376
2023-08-23,922160.8341447803,1430354.986279813,1414361.7743805281,1823567.46164578,1523934.7390859139,1504743.608809754,1712148.4657746446
2023-08-24,950872.7567080578,1428209.4538003935,1458398.610731461,1820832.1104533111,1571383.1825677953,1551594.5271897353,1765457.0344602217
2023-08-25,927227.4559713542,1390608.3350707965,1422132.6923933213,1772894.2367824465,1532307.6830729432,1513011.1111038234,1721555.5111248994
2023-08-28,923849.9469712357,1385542.9197435284,1416952.4467729095,1766436.310841591,1526726.115187739,1507499.8327091613,1715284.591087338
2023-08-29,930605.5304281575,1395674.598441093,1427313.8052814489,1779353.243898036,1537890.1854145397,1518523.312187133,1727827.4810289915
2023-08-30,929209.6221325153,1413405.7205452025,1445446.8825693743,1801958.7492709497,1557428.0624316856,1537815.145897083,1749778.3856848334
2023-08-31,919504.1387458378,1400740.8311118302,1432494.886774075,1785812.2118745884,1543472.6539283723,1524035.479868677,1734099.4129274185
2023-09-01,902876.2457711125,1398639.7198651624,1406590.3033573986,1753518.399285001,1515561.199245915,1496475.5181663781,1702740.7509805348
2023-09-04,912852.6961413831,1411976.209930343,1422132.608760244,1772894.132521711,1532307.5929606722,1513011.0221263492,1721555.4098833022
2023-09-05,919503.9659925337,1422264.2167855005,1432494.617641817,1785811.8763622758,1543472.3639459899,1524035.1935380844,1734099.08713073
2023-09-06,924492.0966984379,1429979.724357019,1440265.6231541084,1795499.5594880746,1551845.4022112496,1532302.7889231245,1743506.2384030581
2023-09-07,923105.3585533903,1404260.9852025078,1414361.8881261412,1763206.8045378064,1523934.861643589,1504743.7298240429,1712148.603468819
2023-09-08,903153.1716849569,1375969.8663146829,1385867.2701391473,1727684.1389815833,1493232.718094509,1474428.222803087,1677654.5883215035
2023-09-11,909905.6753008404,1373905.9115152108,1396228.8278971636,1740601.32043134,1504397.0030069759,1485451.914263157,1690197.7194635996
2023-09-12,904841.2189175283,1364212.5510748145,1388457.5388592419,1730913.283849806,1496023.6592508825,1477184.0172343731,1680790.2249707591
2023-09-13,920034.1854796694,1387118.7087948709,1411770.7882115173,1759976.6234652982,1521143.0248986606,1501987.0510824772,1709011.9606212454
2023-09-14,923467.2124506498,1392294.6207494487,1417038.6872409927,1766543.8220672733,1526819.0368486657,1507591.584194191,1715388.9890481643
2023-09-15,922082.0116319739,1405091.71461304,1414913.1292101312,1782780.7785046785,1540852.5942840548,1521448.415013884,1731155.7625300616
2023-09-18,922082.0116319739,1402532.150684191,1410220.343735313,1779533.2030430562,1538045.7236157658,1518676.8916733263,1728002.228992778
2023-09-19,922082.0116319739,1400428.3524581646,1387059.3098609757,1750306.686081162,1512785.3242298167,1493734.600145286,1699622.0412168568
2023-09-20,915576.8057263537,1390548.4560130695,1379339.641408772,1740565.3670112686,1504365.928563467,1485421.2311446033,1690162.8071675452
2023-09-21,905327.6296199412,1374982.3386529083,1363898.9980821437,1721081.0803193746,1487525.7123916496,1468793.086247325,1671242.7382548929
2023-09-22,893370.6583029204,1356822.477132295,1345885.518027163,1718499.4586988955,1467879.4520826996,1449394.2341320189,1649170.0644169343
2023-09-25,891662.5328871678,1354228.231466944,1343312.1838363998,1712644.7192755702,1465072.865392102,1446622.9911929804,1646016.849930038
2023-09-26,889954.2313946366,1351633.7183818738,1340738.5843815112,1709363.530011465,1462265.989393273,1443851.4625890106,1642863.3104038653
2023-09-27,888619.3000475446,1349606.2678043009,1330445.1487954939,1696239.9997467068,1451039.5348503934,1432766.384409663,1630250.33136435
2023-09-28,897585.7681564789,1363224.2497221339,1345885.5932500926,1715925.66624823,1467879.534123996,1449394.3151401575,1649170.15659075
2023-10-02,909599.2963885305,1381470.0080570625,1363899.286364713,1738892.0747708543,1487526.0268047662,1468793.3967009916,1671243.0914996357
2023-10-03,906166.8651299038,1376256.9424166896,1358752.5249690914,1732330.2540476858,1481912.7519784796,1463250.8106553361,1664936.5485517648
2023-10-04,894153.112292856,1358010.8429589535,1340738.4950703564,1709363.4161449496,1479689.882850512,1443851.3664091565,1642863.2009671554
2023-10-05,897585.6354821398,1363224.0482206366,1345885.3943114644,1715925.412613077,1483145.4779557663,1449394.1009016528,1649169.9128228915
2023-10-06,896239.2570289165,1361179.2121483055,1363899.3754524565,1738892.1883525336,1502996.6144508698,1468793.4926402525,1671243.2006625903
2023-10-11,915158.5100372243,1389913.162042058,1394779.7830282485,1778262.9076835497,1537026.359514637,1502048.8357496774,1709082.2613173479
2023-10-12,920224.0441138768,1397606.531451501,1402500.0898853284,1788105.8488323477,1545534.0216468698,1510362.8922533714,1718542.2776309734
2023-10-13,928666.6142162674,1410428.834012287,1415367.2882629451,1804510.776605995,1559713.4808849166,1508097.3479149914,1734308.9963399945
2023-10-16,921912.7135612702,1400171.2280210329,1405073.766444754,1791387.1364002423,1548370.1745369795,1494887.0988448067,1721695.9116365744
2023-10-17,928666.3002847803,1410428.3572232926,1415366.8098045287,1804510.1665994083,1559712.9536309324,1505838.080988122,1734308.4100647976
2023-10-18,927273.3008343532,1408312.7146874575,1412793.7385231513,1801229.6507257372,1556877.4677481353,1503100.53712758,1731155.517731816
2023-10-19,910706.1195619865,1383151.015314239,1410674.5479153665,1771701.4503412128,1531355.019889643,1478459.6736815965,1702776.0676135237
2023-10-20,925884.4015189231,1406203.2993041172,1432037.496568594,1801229.5094803413,1556877.3456638833,1503100.4192603051,1731155.3819813598
2023-10-23,930943.8239870339,1413887.386600068,1439862.7528029901,1811072.1864230984,1565384.7794318812,1511313.993244872,1740615.1443674834
2023-10-24,915765.392074202,1390834.8748620236,1416386.7296594633,1781543.8355575048,1539862.2015063614,1486673.0042245754,1712235.5496223618
2023-10-25,917451.884508961,1393396.2650551395,1418995.1766754107,1784824.7634314594,1542698.0434980858,1489410.8918934972,1715388.8379273752
2023-10-26,916075.7066821975,1391306.1706575567,1382477.00602238,1782147.5262863121,1502996.3508182336,1451080.5564443788,1671242.9075187158
2023-10-27,921607.176444369,1399707.1881245386,1392910.9480874492,1792908.5311699416,1514339.8862116854,1462032.268763451,1683856.2469071802
2023-10-30,916429.6678971102,1391843.7555087751,1385085.696154064,1782836.127783936,1505832.457119645,1453818.6992933268,1674396.4897204442
2023-10-31,923333.0518548046,1402328.3919080358,1395519.42468754,1796266.0752800521,1517175.7603665914,1464770.187484589,1687009.5709757465
2023-11-01,919881.2328963383,1397085.8808558648,1390302.3685046514,1789550.8545039238,1511503.900096412,1459294.241949228,1680702.7983453178
2023-11-02,925058.8774495921,1404949.520033137,1398127.8259965917,1799623.522478048,1520011.5526668585,1467508.0271784724,1690162.804026803
2023-11-03,923671.2891334178,1402842.0957530872,1426820.7335120076,1836556.0763782775,1551205.8040736967,1497624.7813972423,1724848.9637042054
2023-11-06,923671.2891334178,1416105.5126066674,1442471.326896473,1856700.9983744812,1568220.7595793009,1514052.01429738,1743768.5862934461
2023-11-07,923671.2891334178,1413544.6276012305,1439862.7619562645,1853343.340555916,1565384.7893831048,1511314.0028523651,1740615.1554326548
2023-11-08,923671.2891334178,1408423.1635568885,1434645.9437390286,1846628.4260812416,1559713.1878235627,1505838.3070913802,1734308.6704731293
2023-11-09,923671.2891334178,1410983.8452078148,1437254.301538563,1849985.8172752373,1562548.93282131,1508576.1011166454,1737461.850926586
2023-11-10,923671.2891334178,1421226.922124024,1447688.0895715107,1863415.84135709,1573892.3007546768,1519527.6517599605,1750075.004109356
2023-11-13,923671.2891334178,1419095.081740838,1510290.7220705415,1943995.862668088,1641952.40431356,1585236.8551722781,1825753.8075181933
2023-11-14,923671.2891334178,1409628.0460438158,1502465.6269924617,1933923.6611810017,1633445.1457509038,1577023.4503411916,1816294.2399500303
2023-11-15,923671.2891334178,1426758.9616633074,1520724.7783689054,1957426.23205224,1653296.063898752,1596188.6873933175,1838367.2850005156
2023-11-16,923671.2891334178,1421864.2505787378,1515507.7034254374,1950710.987128119,1647624.1832325133,1590712.7221664086,1832060.4896908775
2023-11-17,923671.2891334178,1416969.8063193397,1513234.4418702994,1943996.1082718514,1641952.6117572577,1585237.0554505528,1825754.0381832966
2023-11-20,923671.2891334178,1409627.9351047035,1503139.0775531805,1933923.5089793094,1633445.0171971659,1577023.3262278966,1816294.097005889
2023-11-21,931894.8874071313,1407513.4932020465,1518796.5560583712,1954068.2621992289,1650459.8301496755,1593450.421498942,1835213.5610845336
2023-11-22,922287.8573473967,1390916.871491058,1503139.0775531805,1933923.5089793094,1633445.0171971659,1577023.3262278966,1816294.097005889
2023-11-23,919085.5156761191,1386087.3694832257,1497919.9207927105,1927208.5947662136,1627773.4158585602,1571547.630680217,1809987.612292032
2023-11-24,923889.2655103774,1393331.9804120837,1505749.0427280578,1924317.7818740641,1636281.2381920328,1579761.5798086126,1819447.806739946
2023-11-27,917484.3643080543,1383672.647838665,1495310.3741406077,1908115.1951001256,1624937.6496678765,1568809.8161940516,1806834.4082732855
2023-11-28,916108.1377615923,1364354.5388783836,1474433.638026608,1881475.0954311101,1602251.1257859594,1546906.9195699585,1781608.337622304
2023-11-29,935782.6970669604,1362308.007070066,1508358.0788232796,1924764.9315004994,1639116.4495660625,1582498.85864234,1822600.3938354396
2023-11-30,932544.8378655569,1355561.0055105267,1503139.0775531805,1918105.1397950843,1633445.0171971659,1577023.3262278966,1816294.097005889
2023-12-01,927687.9276579666,1348500.928807143,1495310.3799584291,1908115.2025240518,1624937.6559900404,1568809.8222978383,1806834.4153031572
2023-12-04,942258.701890953,1369681.2223097503,1518796.5430365892,1938085.1040368346,1650459.8159990455,1593450.4078370966,1835213.5453498713
2023-12-05,924449.8082936764,1343793.9504794658,1490090.9593401274,1901454.8757025218,1619265.7679199763,1563333.8499228433,1800527.6117609036
2023-12-06,923063.1335812359,1336733.7370793985,1482262.1101667117,1891464.7450070619,1610758.2419939518,1555120.1869635289,1791067.7469005133
2023-12-07,923063.1335812359,1334728.6364737793,1487481.538222906,1898125.0813198357,1616430.1381466934,1560596.1671420133,1797374.5594302255
2023-12-08,923063.1335812359,1342081.8539895709,1497919.8085135433,1911445.006397982,1627773.2938460007,1571547.512882158,1809987.4766212937
2023-12-11,923063.1335812359,1337405.4374706382,1492700.3825033146,1904784.6726959955,1622101.3999165876,1566071.5348502048,1803680.6665637912
2023-12-12,923063.1335812359,1356110.685820258,1513577.6203131916,1931425.412562219,1644788.4689860013,1587974.957830184,1828907.343430973
2023-12-13,923063.1335812359,1346758.1298685432,1503139.0775531805,1918105.1397950843,1633445.0171971659,1577023.3262278966,1816294.097005889
2023-12-14,923063.1335812359,1365548.8140358538,1524111.67169568,1944867.5606650459,1656235.7089643765,1599026.7926190908,1841635.9961746132
2023-12-15,923063.1335812359,1363500.4908148001,1534604.744307121,1958257.4171386138,1667638.417754402,1610035.6343950508,1854315.1328747503
2023-12-18,923063.1335812359,1347494.6284535066,1532302.8371906604,1938172.7256807818,1650534.433982562,1593522.4484012555,1835296.516127317
2023-12-19,936007.254309842,1368440.1408128876,1553790.3305113285,1968299.7628675299,1676190.409640322,1618292.2273919487,1863824.441248467
2023-12-20,934415.4052378865,1366112.8616618451,1551147.8299492341,1964952.3142912243,1673339.7456783487,1615540.029726316,1860654.6717905614
2023-12-21,918496.7004627766,1342839.7572027645,1524722.4689918899,1931477.378397581,1644832.7227305304,1588017.6829826443,1828956.5509733832
2023-12-22,926456.1302636268,1354476.4226103388,1537935.2779781448,1948215.009134349,1659086.3728352275,1601778.9901967484,1844805.7655311963
2023-12-25,926456.2556402751,1352444.7079764232,1537935.4861058306,1945292.6866206473,1659086.5973582047,1601779.2069643585,1844806.0151874465
2023-12-26,925066.5712568146,1352739.3594907273,1540577.9555505519,1945716.4994630483,1661937.2277515293,1604531.3722208547,1847975.747319003
2023-12-27,930018.341686942,1362020.381690139,1551147.721341038,1959065.884101399,1673339.6285145243,1615539.9166095094,1860654.5415113291
2023-12-28,937940.2103836153,1373622.0309719916,1564360.3517019816,1975753.1492942907,1687593.085922673,1629301.037783099,1876503.5418019958
2023-12-29,933187.1349931578,1366661.1085177416,1556432.8499197082,1965740.8867134075,1679041.0939332,1621044.4446862254,1866994.2333131342
2024-01-02,934771.4934566435,1368981.4160024915,1559075.350513799,1969078.3075737017,1676522.5322923001,1623796.6423851831,1870164.0028094212
2024-01-03,925265.1940609924,1366927.9438784877,1543220.099079507,1949053.4693578305,1656987.4029614327,1607283.1980319696,1851145.088503494
2024-01-04,923877.296269901,1355532.204788965,1532650.1880198559,1935703.9012476788,1645638.2703997772,1596274.5023436467,1838466.1200558543
2024-01-05,919312.4357905389,1350857.7972803987,1527365.0081314142,1929028.8338325436,1639963.4632204534,1590769.9208271569,1832126.3667062304
2024-01-08,925674.4971118586,1360206.3493156924,1537935.0705644474,1942378.5931239892,1651312.7583148465,1601778.7741727664,1844805.5167313993
2024-01-09,935217.7667992491,1374229.4384928506,1553790.4594575034,1962403.6049472939,1668337.0179655077,1599376.106011507,1863824.5959237972
2024-01-10,924084.0683177152,1357869.338465034,1535292.6987292287,1939041.3348833544,1648475.5889133406,1577968.698478151,1841635.9016857666
2024-01-11,932036.7539870068,1355832.5344573364,1548505.457894723,1955728.7627535956,1662662.4022581421,1591548.7281369497,1857485.0564818797
2024-01-12,930638.6988560263,1342250.3983783675,1535292.6987292287,1939041.3348833544,1648475.5889133406,1577968.698478151,1841635.9016857666
2024-01-15,930638.6988560263,1363042.7998443092,1559075.461020284,1969078.4471409922,1674011.6336728735,1602412.541980888,1870164.135365715
2024-01-16,915069.7521187012,1342250.3892989652,1535292.6883440278,1939041.3217670713,1648475.5777625353,1577968.6878042764,1841635.8892283645
2024-01-17,918219.9116379782,1346871.1330524478,1532989.7493115119,1945716.5391085832,1654150.512401737,1583400.9000170594,1847975.784972992
2024-01-18,922944.7193574458,1353801.6156589754,1538570.0718718308,1955728.4506423648,1662662.136916844,1591548.4741445547,1857484.760049185
2024-01-19,984369.3760851324,1351770.913235487,1640966.387202628,2085887.8699593872,1773317.1402688765,1697470.6563071692,1981105.7758802995
2024-01-22,996969.3040990221,1367023.046355368,1661970.7569588216,2112587.2346948674,1796015.5996643181,1719198.280707901,2006463.9298115673
2024-01-23,995473.8501428735,1358384.6054206698,1651468.493476533,2099237.452410681,1784666.285022651,1708334.3871967236,1993784.7579486708
2024-01-24,995473.8501428735,1356224.906011857,1648842.8191904721,2096088.5962320652,1781828.8392025863,1705618.3016703122,1990614.8340951037
2024-01-25,995473.8501428735,1371342.1315572402,1667221.7242497262,2116278.330163242,1801690.079271317,1724630.0573506474,2012803.3172055427
2024-01-26,995473.8501428735,1390778.549948162,1690851.7274686561,2146272.939174478,1827225.9403709285,1749073.7250487749,2041331.3457051977
2024-01-29,997069.8831820663,1388692.3821232398,1696102.9967232367,2152938.607674163,1832900.746296228,1754505.8140528733,2047671.0976538567
2024-01-30,990895.9203211104,1378026.411441027,1685600.5464068097,2139607.3826217344,1821551.2297514733,1743641.727274198,2034991.7002298557
2024-01-31,978548.3344849503,1360854.7801416975,1664596.2239493195,2112945.6664204584,1798852.8214695717,1721914.1518008308,2009633.6034013627
2024-02-01,964657.2697998327,1341536.652347888,1640966.3090983038,2082951.1695785278,1773317.055865114,1697470.5755134374,1981105.681586517
2024-02-02,977004.8203259532,1358708.2345419922,1661970.5714903316,2109612.8095360533,1796015.399237024,1719198.0888530756,2006463.7058991825
2024-02-05,975539.3130954643,1384465.7961187356,1693477.1953891169,2149605.5618159627,1830063.1631811506,1751789.5971036896,2044501.0204177187
2024-02-15,975539.3130954643,1382389.0974245574,1861512.1553277387,2362899.774130754,2011650.8403861178,1925610.5942636637,2247366.254148501
2024-02-16,975539.3130954643,1356956.4208114871,1830005.6493581047,2322907.1715435362,1977603.2038826183,1893019.2080029186,2209329.0820034617
2024-02-19,975539.3130954643,1312178.7037021318,1769617.9508154532,2246254.3928666306,1912344.986699008,1830552.1476916969,2136424.22587237
2024-02-20,975539.3130954643,1314125.544527208,1772243.480754108,2249587.094230554,1915182.276529449,1833268.0839003113,2139593.9754582117
2024-02-21,975539.3130954643,1319966.3982459842,1780120.5172885922,2259585.7653619144,1923694.6287689954,1841416.3546267701,2149103.7635300374
2024-02-22,975539.3130954643,1353062.8261173898,1824754.7067506423,2316241.917671497,1971928.7509498834,1887587.4568935523,2202989.7244093106
2024-02-23,982487.3983076417,1351033.2318782138,1840507.7868614171,2336237.9995284323,1988952.3823845817,1903882.971197219,2222008.1017744695
2024-02-26,981085.8261771749,1347085.2809921799,1837747.025181125,2332905.2279570955,1986115.0327831744,1901166.9777741004,2218838.285413992
2024-02-27,981085.8261771749,1347085.2809921799,1837747.025181125,2332905.2279570955,1986115.0327831744,1901166.9777741004,2218838.285413992
2024-02-29,968472.0324417639,1329765.842238638,1837747.025181125,2302911.1290061655,1960579.605922567,1876723.725742156,2190310.742035345
2024-03-01,976881.1818152496,1341312.0709624048,1850927.6141658707,2322907.084520596,1977603.129795781,1893019.1370848469,2209328.999235491
2024-03-04,975415.8600425267,1374027.1910439178,1896072.4544088854,2379563.686554873,2025837.6348490485,1939190.6058481876,2263215.387850258
2024-03-05,975415.8600425267,1371966.1502573518,1951839.0906199273,2375994.3410250405,2085420.880279659,1996225.418420221,2329780.3067741105
2024-03-06,975415.8600425267,1338226.2406102845,1906694.4847426338,2317562.9909708933,2037186.625631853,1950054.1893522586,2275894.197906093
2024-03-07,975415.8600425267,1407187.6597673323,2004950.1858913456,2436991.5509506464,2142166.8423755197,2050544.3010015045,2393175.4833689462
2024-03-08,975415.8600425267,1481740.8180320729,2111172.954037559,2566103.9799339273,2255659.383701179,2159182.6569025954,2519966.5260052937
2024-03-11,975415.8600425267,1431417.5716659075,2039472.7785448453,2478953.324966537,2179052.124521463,2085851.9640644444,2434382.802604141
2024-03-12,960004.9778007197,1410915.387455207,2010261.423713025,2443447.293236716,2147841.575659985,2055976.3204716875,2399515.1541650733
2024-03-13,995513.7399956438,1408799.0143740242,2084617.1786256554,2533825.771346425,2227286.1592882937,2132022.9826559527,2488268.6658266047
2024-03-14,987904.7844902958,1395937.3122560892,2068683.9386103884,2514459.1199604147,2210262.4652870675,2115727.4084617887,2469250.2185636777
2024-03-15,977759.4436184535,1381601.659578925,2047439.4785745598,2488636.7479253677,2187564.0570207834,2093999.8330033713,2443892.1217526323
2024-03-18,960665.447930311,1357447.3617445095,2011644.4557323733,2445128.3511350937,2149319.260918522,2057390.8037068988,2401165.987360187
2024-03-19,959224.4497584155,1364648.697173602,2022316.3439381786,2458099.896050897,2160721.5217930735,2068305.3788895288,2413904.309436769
2024-03-20,959224.4497584155,1375450.7128195697,2038324.1947744864,2477557.235944664,2177824.9329005103,2084677.2606124056,2433011.8146668044
2024-03-21,959224.4497584155,1373387.5367503404,2062335.9213074348,2506743.1853494463,2203479.996437265,2109235.032344502,2461673.0131625985
2024-03-22,959224.4497584155,1397941.1395244119,2102355.4437434715,2555386.4078773633,2246238.412388666,2150164.629617032,2509441.6513183033
2024-03-25,959224.4497584155,1389070.7311537368,2089015.2888549324,2539171.618612018,2231985.2714999425,2136521.1093073194,2493518.39704084
2024-03-26,959224.4497584155,1397941.118173669,2102355.411634215,2555386.3688489688,2246238.3780818866,2150164.5967775863,2509441.612991623
2024-03-27,959224.4497584155,1392618.7593867674,2094351.1476113352,2545657.2873323304,2237686.310749695,2141978.3096112893,2499887.456206699
2024-03-28,959224.4497584155,1373104.4703741446,2065003.723333924,2509985.8649152094,2206330.3799946136,2111963.5022486984,2464857.3907342725
2024-03-29,959224.4497584155,1371044.8136685833,2061906.2177489232,2493771.4422620083,2192077.561365677,2098320.2904154113,2448934.4964774232
2024-04-01,959224.4497584155,1393914.5158086673,2096299.8280602663,2539171.8301910814,2231985.45748239,2136521.2873351183,2493518.6048158016
2024-04-02,959224.4497584155,1395694.7328756966,2098977.086019201,2542414.6955009415,2234836.004312707,2139249.913528941,2496703.164791973
2024-04-03,959224.4497584155,1393914.3996593293,2096299.653383961,2538601.07345769,2231985.2714999425,2136521.1093073194,2493518.39704084
2024-04-08,959224.4497584155,1404595.871985242,2112363.4566848767,2554222.8685001116,2249088.824569771,2152893.126920719,2512626.0608677254
2024-04-09,959224.4497584155,1415277.1326597263,2128426.941684456,2573646.476972361,2266192.038735811,2169264.820125573,2531733.3460797337
2024-04-10,959224.4497584155,1413154.2169607368,2181972.3427167917,2638392.38392648,2262792.7506777076,2223837.5904960865,2595424.833284594
2024-04-11,959224.4497584155,1404112.5378767531,2171263.609426552,2625443.622019036,2248314.8928192817,2212923.3899944527,2582686.9484955035
2024-04-12,959224.4497584155,1424888.4684976216,2203390.679652188,2664290.9601551597,2281582.0512321773,2245666.8785536704,2620901.6381374775
2024-04-15,959224.4497584155,1391992.9171628405,2152522.311484748,2602782.061747843,2228908.5254439036,2193822.504964087,2560394.443162654
2024-04-16,959224.4497584155,1388530.341006078,2147167.921860527,2596307.653008303,2223364.125454041,2188365.381293271,2554025.473434797
2024-04-17,953010.7984382318,1381605.0413280167,2136458.9147334443,2583358.5599834444,2212275.089508983,2185082.8332213312,2541287.2629207056
2024-04-18,950622.3001965319,1379532.6337660246,2131104.3811125583,2576883.9771263427,2206730.5404124693,2176341.9222596926,2534918.121910879
2024-04-19,918377.540937008,1330743.278612477,2058818.1032588992,2489477.019110541,2131879.0510128113,2102521.203626051,2448934.6302899458
2024-04-22,883744.3041962327,1280559.1822523258,1981177.3383251124,2395595.534513686,2051483.0607089822,2023232.3367365291,2356582.053018751
2024-04-23,908823.5169563312,1316899.3499129398,2037399.899248468,2463578.60361177,2109700.7826325786,2080648.3494850083,2423457.9835494035
2024-04-24,907460.2816808968,1332473.7760943673,2061495.388653175,2492714.3330102484,2134651.3448043824,2105255.320496654,2452119.222900062
2024-04-25,907460.2816808968,1332473.8033972622,2061495.4308940002,2492714.384086914,2134651.3885442014,2105255.363634137,2452119.2731449185
2024-04-26,907460.2816808968,1330475.0926921663,2109686.2929684124,2550985.701730505,2184552.3920102506,2154469.186444461,2509441.612991623
2024-04-29,907460.2816808968,1331854.168086812,2115040.852569079,2557460.316001779,2190096.968008485,2159937.4087602934,2515810.784904026
2024-04-30,907460.2816808968,1343655.3018381905,2133781.5530067645,2580121.1537842928,2209502.716676212,2179075.9232209288,2538102.579514289
2024-05-02,907460.2816808968,1330168.2643780757,2130580.8806772544,2554223.000734833,2187324.673046071,2157203.290734971,2512626.190948938
2024-05-03,907460.2816808968,1328482.1757006957,2124693.1688396013,2550985.330286383,2184552.0739217782,2154468.872736346,2509441.247596656
2024-05-06,907460.2816808968,1333539.998601832,2132782.3415540014,2560697.4907202856,2192869.1426113737,2162671.408083547,2518995.2405995773
2024-05-07,907460.2816808968,1331539.6886039292,2148959.9646280473,2556856.444484205,2209502.5372849368,2179075.7463000286,2538102.3734437306
2024-05-08,907460.2816808968,1324540.8917374788,2140871.166121355,2543417.176376183,2201185.853345589,2170873.590404727,2528548.8224115698
2024-05-09,907460.2816808968,1331213.6008711427,2151656.3451017006,2556230.2825093283,2212274.882789779,2181809.9141717656,2541287.0254579764
2024-05-10,907460.2816808968,1339554.5794271983,2165137.9677524534,2572246.842103369,2226136.3227160047,2195480.4698929414,2557209.9551593075
2024-05-13,907460.2816808968,1372918.3045582257,2219064.152721888,2636312.71737796,2281581.768176728,2250162.382860884,2620901.3129856866
2024-05-14,907460.2816808968,1361241.1372354878,2200190.2085657124,2613889.92309102,2262176.0890630824,2231023.9369965093,2598609.5982736703
2024-05-15,907460.2816808968,1359199.2755296347,2259508.814696147,2684362.1514522326,2323165.876174396,2291173.841159813,2668669.8588123485
2024-05-16,907460.2816808968,1379836.8854505345,2297257.1367137698,2729208.2552805836,2361977.680325723,2329451.1726718326,2713253.800478767
2024-05-17,907460.2816808968,1373358.8415632814,2286471.99775361,2716395.196692583,2350888.692029206,2318514.8894858276,2700515.6446995647
2024-05-20,891141.9132172824,1350685.4644620006,2248723.639300131,2671549.0495773754,2312076.850415516,2280237.521027335,2655931.659999336
2024-05-21,886867.8102409963,1344207.2945116712,2237938.2904605973,2658735.741646578,2300987.6463267016,2269301.025020682,2643193.2563349493
2024-05-22,902895.5524568409,1368500.2136505859,2278382.985374852,2706785.214854523,2342571.7881923825,2310312.5167212314,2690961.841066515
2024-05-23,934951.0415545178,1366447.46333011,2359272.3869776,2802884.1752585503,2425740.084029698,2392335.512061575,2786499.024436012
2024-05-24,916786.2662890388,1337892.484668202,2313435.064171645,2748428.103361902,2378611.3879585094,2345855.8195378147,2732361.2928258106
2024-05-27,915411.0868896053,1359722.679691255,2351183.044074949,2793273.8007484977,2417422.8403571434,2384132.8041410847,2776944.830426459
2024-05-28,908799.1312626232,1351926.342132927,2337701.9004955916,2777257.8103052005,2403561.8929991745,2370462.7342050676,2761022.4665487194
2024-05-29,902509.918522581,1342570.5317210834,2321524.173130699,2758038.199940162,2386928.3910965826,2354058.290236195,2741915.2105283095
2024-05-30,881545.656925357,1311384.1710373138,2267597.8515790617,2693972.162401943,2331482.8052057307,2299376.23877197,2678223.691386867
2024-05-31,878401.0397713116,1309417.0947807578,2264196.454801693,2684362.3242638293,2323166.0257332036,2291173.988659065,2668670.0306137195
2024-06-03,879449.180369713,1309016.0156487864,2263502.9233422945,2687565.404639978,2325938.113331178,2293907.9021755382,2671854.386364883
2024-06-04,878130.0065991584,1316817.085646803,2276992.250084379,2703581.928192941,2339799.5220658593,2307578.4271347043,2687777.2802358256
2024-06-05,878130.0065991584,1312136.5507441673,2268898.8392259413,2699526.5553006516,2331482.867119952,2299376.299833578,2678223.7625090447
2024-06-06,878130.0065991584,1393267.4550573546,2409187.4505881835,2862148.148859905,2475641.120537149,2441549.3674582914,2843821.402238075
2024-06-07,878130.0065991584,1380785.7800698688,2387604.5917960545,2836507.41288317,2453462.932322074,2419676.5923784617,2818344.8475849484
2024-06-11,878130.0065991584,1378714.601399764,2406489.701412982,2858943.185374807,2472868.9581678845,2438815.3802001947,2840636.960595547
2024-06-12,878130.0065991584,1370476.3394509854,2395698.3188260463,2846122.8729963345,2461779.9121606327,2427879.0400981824,2827898.7385228006
2024-06-13,878130.0065991584,1429998.4797344375,2499747.6097952863,2969734.8756510424,2568699.2401785906,2533325.995040775,2950719.235729766
2024-06-14,878130.0065991584,1419153.4359556495,2480789.63700836,2947212.54070156,2549218.3413461316,2514113.3652991955,2928341.1145332004
2024-06-17,873943.0972253762,1414505.5162065465,2472664.714885717,2937560.0203851038,2540869.3059470523,2505879.3034521835,2918750.400693873
2024-06-18,903616.9277847451,1462533.582503386,2556621.478218018,3037301.821172398,2627141.885360459,2590963.833656664,3017853.5403722506
2024-06-19,912232.0175661474,1460339.782129631,2580996.3243443584,3066259.4768758663,2652189.073516117,2615666.100027481,3046625.7760376083
2024-06-20,929462.0032074807,1485693.7347890772,2629745.4679311356,3124174.1364600905,2702282.8860274395,2665070.076733142,3104169.599719326
2024-06-21,919889.7753583967,1470393.056660998,2602662.5718931425,3091999.279853569,2674452.950636352,2637623.3840009696,3072200.7633514344
2024-06-24,918509.9406953591,1465802.7086578647,2594537.4471956356,3082346.518875361,2666103.7070746985,2629389.1168579645,3062609.810391347
2024-06-25,885542.0467332603,1415310.7310346486,2505164.3508351105,2976170.0392312785,2574265.3935529226,2538815.4975932804,2957113.1940312143
2024-06-26,910432.9440678997,1455092.4152954393,2575579.7409264836,3059824.5005526952,2646623.0821114895,2610176.757214215,3040232.003794191
2024-06-27,910432.9440678997,1452909.7766724962,2575579.7409264836,3059824.5005526952,2646623.0821114895,2610176.757214215,3040232.003794191
2024-06-28,915219.6162814067,1458361.0216119923,2589121.052299158,3075911.766518228,2660537.909391536,2623899.965098449,3056216.2606798806
2024-07-01,926707.6543228448,1476666.6901055288,2621620.269551026,3114521.287945928,2693933.5667507644,2656835.734917778,3094578.55978379
2024-07-02,925317.5928413606,1475141.3931072936,2617687.8391466998,3111304.1977228774,2691150.915249012,2654091.4029717627,3091382.0690525584
2024-07-03,925317.5928413606,1488870.6670116805,2617687.8391466998,3140261.386321882,2716197.699378408,2678793.2708801134,3120153.840604389
2024-07-04,925317.5928413606,1525482.146178188,2678039.9859167864,3217480.729055974,2782989.2734796717,2744665.06632965,3196878.736770733
2024-07-05,925317.5928413606,1523193.9229589207,2691430.18584637,3212654.5079623903,2796904.21984707,2758388.391661298,3212863.1304545864
2024-07-08,925317.5928413606,1520912.5153742547,2691430.117267627,3207842.662109474,2792708.8635172993,2758388.3213764327,3212863.0485895183
2024-07-09,925317.5928413606,1558746.1536384984,2758381.1038897196,3287639.7297646077,2857892.3829362746,2827004.934684786,3292785.0014593587
2024-07-10,925317.5928413606,1543612.9692069595,2731601.1885839486,3255721.4740185724,2830146.356159874,2799558.780629751,3260816.7925215703
2024-07-11,964693.412011148,1611713.5819309289,2852113.0774907004,3399356.3304639403,2955005.828578025,2923068.800382697,3404676.4425641675
2024-07-12,932989.6839432472,1558746.1536384984,2758381.1038897196,3287639.7297646077,2857892.3829362746,2827004.934684786,3292785.0014593587
2024-07-15,942047.8362145408,1556408.0344080406,2785161.5029566097,3319558.5620924192,2885638.910925947,2822764.427282759,3324753.7878812943
2024-07-16,942047.7684877173,1554076.8073019497,2785161.3027224666,3319558.323438767,2885638.703468162,2818536.4197156476,3324753.5488541406
2024-07-17,937518.7678110565,1546605.408135905,2771771.326283279,3303599.1731748646,2871765.670615926,2804985.988645069,3308769.421959319
2024-07-18,936112.4896593399,1476373.116755376,2645903.5060857846,3153580.7272840412,2741357.046480574,2677609.8704467868,3158516.1919294843
2024-07-19,936112.4896593399,1476373.2596326147,2645903.7621453013,3153581.032474444,2741357.3117776862,2677610.129574713,3158516.4975975202
2024-07-22,936112.4896593399,1440509.7556523755,2581630.463041631,3076975.4280500603,2674765.290945054,2612566.6313177566,3081791.0027105245
2024-07-23,936112.4896593399,1438348.991018897,2578952.666387991,3073783.8347440003,2671990.890174726,2609856.7461181097,3078594.4144487977
2024-07-26,888120.4854419412,1364608.653606894,2450406.709005724,2920573.389677282,2538807.512452922,2479770.3981083985,2925144.189652201
2024-07-29,914327.2403247583,1404875.672645703,2522713.5739398985,3006753.98363404,2613722.9178107884,2552943.729941359,3011459.659266625
2024-07-30,902679.7870315092,1386979.2094777122,2490577.171097658,2968451.4754683324,2580427.1630043555,2520422.230478843,2973097.2063298044
2024-07-31,901709.2661371435,1385487.991526244,2487899.414025541,2965259.9293384175,2577652.8032434923,2517712.385335032,2969900.665318055
2024-08-01,940534.2072313514,1445143.0174617958,2595021.0238673156,3092935.274828401,2688638.9292660984,2626117.6537776473,3097775.827209854
2024-08-02,939123.4059205044,1442975.302935603,2458440.8137444938,2930149.021519823,2547131.4553280612,2487900.777050508,2934734.807695034
2024-08-05,939123.4059205044,1337226.150234097,2454753.152523877,2719484.730971708,2364004.3730436414,2309032.1091765445,2723740.820130108
2024-08-06,955326.607863502,1362338.4802964688,2497106.3308173814,2770555.0739737405,2408399.001487282,2352394.390448194,2774891.090013395
2024-08-07,991646.3813262228,1414132.1020553897,2592041.754473635,2766399.24136278,2499961.934438019,2441828.130336512,2880387.3830543705
2024-08-08,991646.5689867954,1414132.3696677615,2592042.2449953062,2762256.380309645,2499962.407534374,2441828.592431543,2880387.9281429783
2024-08-09,1020262.3847776671,1454939.8031424396,2666840.470214528,2841966.4526460655,2572103.4968855944,2512292.1218574536,2963506.907158059
2024-08-12,1036771.3669646224,1452757.393437726,2709992.9204813456,2887952.6364382696,2613722.997365702,2552943.807646312,3011459.7509276085
2024-08-13,1035216.2099141754,1455201.342802844,2718623.723903465,2897150.207143754,2622047.199698352,2561074.440012539,3021050.667910249
2024-08-14,1035216.2099141754,1464440.783951652,2735884.9530983055,2915544.9461058583,2638695.2401298895,2577335.3489810773,3040232.082215407
2024-08-15,1035216.2099141754,1455201.2229650475,2718623.5000211284,2897149.9685595203,2622046.983769222,2561074.2291045985,3021050.4191226447
2024-08-16,1035216.2099141754,1482919.4415530255,2770406.9917079066,2952333.976683884,2671990.9161251737,2609856.7714651087,3078594.4443481895
2024-08-19,1035216.2099141754,1492158.7704779208,2787668.011244755,2970728.4922201824,2688638.7543466203,2626117.4829257247,3097775.6256724424
2024-08-20,1035216.2099141754,1489920.532322204,2810682.8142271675,2995254.6304428466,2710835.978324714,2647798.5354163395,3123350.6566377464
2024-08-21,1035216.2099141754,1463325.6381633964,2764653.2481285953,2946202.3964817077,2666441.568818569,2604436.46799104,3072200.63900822
2024-08-22,1035216.2099141754,1458757.3398244686,2756022.3866772857,2937004.763936374,2658117.3105181605,2596305.7809585216,3062609.6575410673
2024-08-23,1035216.2099141754,1437439.5000689235,2715746.7068243558,2894084.26221235,2619272.385916866,2558364.1514058444,3017853.6037884247
2024-08-26,1035216.2099141754,1457234.784753829,2753145.8315813323,2933939.311325618,2655342.9423083174,2593595.9275622023,3059413.1067946353
2024-08-27,1035216.2099141754,1438962.3367498766,2718623.7939651585,2897150.2818062566,2622047.2672711704,2561074.5060140276,3021050.7457657917
2024-08-28,1035216.2099141754,1436803.8932447517,2718623.874824168,2897150.3679751125,2622047.3452577405,2561074.5821871078,3021050.8356197733
2024-08-29,1035216.2099141754,1430097.2676863389,2709992.9492274104,2887952.66707203,2613723.0250905897,2552943.8347264887,3011459.782871462
2024-08-30,1035216.2099141754,1433133.5087950176,2715746.5382892126,2894084.082609847,2619272.2233687732,2558363.992637625,3017853.4165049833
2024-09-02,1035216.2099141754,1442242.6527024151,2733008.1024641325,2912479.1785494904,2635920.5868805414,2574625.2171735265,3037035.2030542972
2024-09-03,1035216.2099141754,1439206.1522142387,2728908.590310436,2906347.239218131,2630370.914546375,2569204.5962300464,3030641.0232265103
2024-09-04,974786.1784438608,1357226.2770343977,2728908.590310436,2740796.262706665,2480540.0658389577,2422857.8954558964,2858010.0402246877
2024-09-05,988960.78221924,1355190.437618846,2764443.650798623,2736685.068312605,2516610.204459871,2458089.2635565004,2899569.061887174
2024-09-06,991141.5234012458,1356144.5290069242,2770539.4801004715,2738611.769965065,2522159.5402986556,2463509.55582942,2905962.854014237
2024-09-09,972605.3692542916,1330782.152956976,2718725.338869528,2687394.7351439088,2474990.55694121,2417437.4341483046,2851616.048703847
2024-09-10,988960.7664527566,1353160.6750012534,2764443.606726547,2732586.1454648715,2516610.1643388737,2458089.2243684717,2899569.0156608643
2024-09-11,987477.3253030775,1351668.8465639788,2761395.871404389,2729573.5322590503,2513835.659671354,2455379.2376876455,2896372.3076916505
2024-09-12,987477.3253030775,1402653.2790299635,2865554.668638902,2832532.003019228,2608656.580303582,2547995.2044168464,3005622.364533042
2024-09-13,987477.3253030775,1400549.2991114187,2923723.179785536,2890030.179966968,2661610.261847269,2599717.507631564,3066634.1399939363
2024-09-16,987477.3253030775,1394058.5799354063,2914538.7090636967,2880951.5511293756,2653249.1824906804,2591550.8557751295,3057000.7343185623
2024-09-18,987477.3253030775,1383808.2131017372,2893108.4109766423,2859768.215899322,2633740.1189455013,2572495.4535688357,3034522.9278701325
2024-09-19,987477.3253030775,1376486.4431151627,2877800.8892183234,2844637.0980944936,2619804.922454573,2558884.304405093,3018467.177740531
2024-09-20,987477.3253030775,1436524.619465794,3003321.8619479025,2968711.56653781,2734072.891256806,2670495.10006324,3150123.588620719
2024-09-23,987477.3253030775,1421881.1357417353,2972706.936030449,2938449.447172124,2706202.605331322,2643272.906302651,3118012.211708923
2024-09-24,987477.3253030775,1419748.3140381228,2988014.6122118477,2953580.71762046,2720137.9424012406,2656884.192776378,3134068.1238097716
2024-09-25,987477.3253030775,1452481.3368711208,3061490.1731145843,3026209.5458101677,2787026.390748821,2722217.225459693,3211135.154326684
2024-09-26,987477.3253030775,1467006.1669546887,3092105.11007673,3056471.676093267,2814896.686728836,2749439.429041006,3243246.5428230343
2024-09-27,987477.3253030775,1481531.001580207,3122720.056612242,3086733.815839409,2842766.9914239617,2776661.6411347697,3275357.941360695
2024-09-30,987477.3253030775,1420526.795618115,2994137.490812173,2959633.036138697,2725711.9025583947,2662328.5367568284,3140490.2873992035
2024-10-01,974908.3524517219,1404549.4793116262,2960461.053378266,2926344.686129822,2695054.570812261,2632384.1067926995,3105167.7529464834
2024-10-04,994063.7127272877,1402442.6550926587,3018629.288286326,2983842.5900223623,2748008.0008822693,2684106.1643814766,3166179.238666321
2024-10-07,1001120.9676111751,1410283.729419315,3040059.741902782,3005026.0789894965,2767517.2060135794,2703161.704881475,3188657.208246397
2024-10-08,1008178.1268217294,1420225.1821833246,3035499.652289928,3026209.280777687,2763365.930204559,2722216.987050563,3211134.873098599
2024-10-09,1038423.6112107589,1462832.1356906863,3035499.652289928,3021669.9668565206,2842004.2870149366,2803883.8762588706,3307469.3670650064
2024-10-11,1036865.9757939428,1455731.0911880066,3035499.652289928,3002498.0890580793,2828208.309727788,2790272.947362877,3291413.876763866
2024-10-14,1055514.2356754334,1484135.600284358,3090093.773138317,3061083.4176250664,2883392.8621127205,2844717.297555323,3355636.5865543806
2024-10-15,1060564.6002288654,1481909.3968839315,3104879.0782826403,3075729.915668344,2897189.15648019,2858328.539278572,3371692.4458674374
2024-10-16,1050463.928327704,1465597.4986371892,3075308.6354677984,3046437.0854833196,2869596.724016487,2854041.046469654,3339580.909106752
2024-10-17,1060564.4678658317,1479689.6774191223,3104878.690780347,3075729.531803992,2897188.7948984946,2877167.7929526255,3371692.025065686
2024-10-18,1106017.1599262396,1543104.8504618646,3237944.7129722345,3207546.306272695,3021353.8354267473,3000474.7918777894,3516192.886617491
2024-10-21,1104358.1341863503,1536058.709592176,3223159.577296562,3192899.976107066,3007557.699191922,2986773.9937413614,3500137.2113361326
2024-10-22,1077412.6252693117,1500827.900960724,3149233.6800979357,3119668.1085129813,2938576.8138347394,2918269.8002871694,3419858.5973050673
2024-10-23,1072354.5534158025,1498576.659109283,3134449.1399284303,3105022.3682628004,2924781.2332717986,2904569.5539826592,3403803.5687038517
2024-10-24,1082471.1058065176,1510448.502008245,3164019.4148334158,3134315.0321143367,2952373.5090573817,2931971.1535485336,3435914.923125586
2024-10-25,1077412.676114936,1503390.117253974,3149233.828717646,3119668.2557374234,2938576.952513059,2918269.9380071536,3419858.7586962013
2024-10-28,1087529.3709522027,1517506.6571599874,3178804.519988161,3148961.332045574,2966169.61681287,2945671.923402431,3451970.565263245
2024-10-29,1085898.0768957743,1461041.0132647417,3060522.835231555,3031790.0969961337,2855799.9676745236,2836064.9829160213,3323524.5121567547
2024-10-30,1085898.0768957743,1468099.343422705,3075308.3069814406,3046436.7600808507,2869596.417503064,2849766.092479078,3339580.552392386
2024-11-01,1085898.0768957743,1465897.194407571,2945199.1829878963,2917549.1239189645,2748190.4839097564,2729199.133700595,3198290.6858800617
2024-11-04,1121284.808310979,1513667.1568050473,3045737.7007618374,3017143.7680251384,2842003.832564985,2822364.1858971035,3307468.8381849835
2024-11-05,1121285.0231279966,1513667.4467951208,3045738.2842677264,3017144.346052969,2842004.3770393077,2822364.7266088407,3307469.471833621
2024-11-06,1143057.5594627864,1543059.0633817744,3104878.8650234453,3075729.704411265,2897188.957486216,2877167.9544167854,3371692.2142821173
2024-11-07,1143057.396614327,1543058.8435461335,3104878.42267937,3075729.266219995,2897188.544731185,2877167.5445140954,3371691.7339258324
2024-11-08,1181159.5808722852,1594494.5042153273,3208375.106319136,3178254.3043993767,2993762.1831927006,2973073.8115544035,3484082.2578729186
2024-11-11,1179387.8415009768,1592102.7624590043,3193589.3059452176,3173486.9229427776,2979965.4267222714,2959372.397468505,3468025.8607734162
2024-11-12,1179387.8415009768,1560279.1311850327,3188798.9219862996,3110053.9083975856,2924781.203555016,2904569.524471234,3403803.5341200368
2024-11-13,1179387.8415009768,1538199.638823529,3138965.8157362603,3066043.570668993,2883392.65777993,2863466.9939385653,3355636.3487558495
2024-11-14,1160717.7527928262,1516120.2181705595,3093908.890151529,3022033.375874701,2842004.2464242373,2822364.596896385,3307469.31982634
2024-11-15,1171986.857188873,1530839.831939206,3123946.84054135,3051373.505737562,2869596.520661366,2849766.1949245054,3339580.6724460134
2024-11-18,1160717.7400763957,1516120.2015604603,3093908.856255712,3022033.3427663273,2842004.215288202,2822364.5659755147,3307469.2835908267
2024-11-19,1160717.5837664139,1513846.0212581195,3093908.439609338,3022032.935799189,2842003.832564985,2822364.1858971035,3307468.8381849835
2024-11-20,1155083.1879401025,1504241.0953965203,3078889.8812253443,3007363.277995617,2828208.0783207836,2808663.7671115557,3291413.607456891
2024-11-21,1153350.5631581924,1496903.1690800192,3063870.5687267072,2992692.8835964627,2814411.6313616075,2794962.6603980353,3275357.570560571
2024-11-22,1168558.7340519459,1518916.4137310088,3108927.41261715,3036702.9985943306,2855799.9676745236,2836064.9829160213,3323524.5121567547
2024-11-25,1179849.2860015044,1533592.1028312065,3138965.702894479,3066043.4604486725,2883392.554125675,2863466.891000612,3355636.228125042
2024-11-26,1145977.9170514478,1489565.408447274,3048851.595350596,2978022.820441578,2800615.4959137565,2781261.863043143,3259301.896195078
2024-11-27,1140332.8347333851,1487331.060334603,3033832.9654317987,2963353.0927650486,2786819.6759590823,2767561.379001214,3243246.5889944136
2024-11-28,1134687.5935981874,1477751.3702963924,3018813.912983152,2948682.9523745864,2773023.4678767454,2753860.5095137763,3227190.8300983175
2024-11-29,1132985.56220779,1463047.4258724828,2988776.0643336014,2919342.9218884367,2745431.287096241,2726459.0042964485,3195079.586241647
2024-12-02,1159712.9664705521,1499807.4111729553,3063870.9397617085,2992693.24601184,2814411.972187109,2794962.9988682647,3275357.9672066667
2024-12-03,1205191.8602199121,1558623.3284467142,3184022.619496086,3110053.64646853,2924780.957229646,2904569.2798480936,3403803.2474513575
2024-12-04,1210876.924937501,1565975.5806357942,3199042.115770147,3124724.220373767,2938577.5730013354,2918270.5542075504,3419859.4808084005
2024-12-05,1216561.4788371336,1563626.6172648405,3214060.2625031266,3139393.476089511,2952372.949110959,2931970.5974716167,3435914.2714708196
2024-12-06,1222246.403241338,1568580.4871060178,3229079.388080202,3154063.687909534,2966169.2243676414,2945671.5336691923,3451970.108543114
2024-12-09,1220413.033636476,1561284.6902294962,3214060.2625031266,3139393.476089511,2952372.949110959,2931970.5974716167,3435914.2714708196
2024-12-10,1218585.213410508,1561284.7639101758,3214060.4141821545,3134684.385875377,2952373.08844035,2931970.735838173,3435914.4336196575
2024-12-11,1190113.783376926,1524806.3876514023,3209239.3235608814,3056859.2888534786,2883392.8621127205,2863467.196859315,3355636.5865543806
2024-12-12,1211834.8275176797,1552635.9845478442,3262917.522420035,3112650.740454733,2936018.337515057,2915729.004299354,3416881.0922772344
2024-12-13,1211834.9565073315,1550307.0305710223,3262917.869730234,3112651.0717702936,2936018.65002958,2915729.314654248,3416881.455975564
2024-12-16,1240415.7701016366,1584493.8795514114,3339872.942619917,3186062.14114791,3005263.8894867334,2984496.0353913386,3497467.7201715866
2024-12-17,1238555.1464464841,1591795.5434867244,3355263.7435112144,3200744.151177682,3019112.745099969,2998249.188589299,3513584.7492411644
2024-12-18,1238555.1464464841,1569890.249325131,3309090.703517429,3156697.513118897,2977565.604791003,2956989.1594891143,3465232.9946400514
2024-12-19,1225196.2356353488,1555287.0332792834,3278309.3374445178,3127333.7179139256,2949868.105659366,2929483.0637223483,3432999.183332744
2024-12-20,1219443.8043352065,1547984.7893197257,3262917.313950024,3112650.541585368,2936018.149930856,2915728.8180114524,3416880.8739703866
2024-12-23,1225195.9224469168,1545662.812135746,3278308.499432997,3127332.918495257,2949867.3516050032,2929482.314878873,3432998.3057789286
2024-12-24,1259708.4836426047,1586822.3760965518,3370655.2177268844,3215426.8035232923,3032962.2065797923,3012002.9434670103,3529702.483406504
2024-12-25,1253956.3767155476,1579576.5949495037,3355264.0621711607,3200744.4551624167,3019113.031834598,2998249.473342451,3513585.082937354
2024-12-26,1252075.4421504743,1572330.8307524875,3339872.942619917,3186062.14114791,3005263.8894867334,2984496.0353913386,3497467.7201715866
2024-12-27,1252075.4421504743,1565085.409439899,3324482.5514080278,3171380.521930626,2991415.402508698,2970743.248281128,3481351.1201124927
2024-12-30,1252075.4421504743,1579576.941008787,3355264.797254398,3200745.1563929464,3019113.693272667,2998250.1302096564,3513585.8527061264
2024-12-31,1252075.4421504743,1577207.5755972737,3324481.5073322128,3171379.52593752,2991414.463034832,2970742.315299489,3481350.026771062
2025-01-02,1252075.4421504743,1560263.805803273,3293700.113784293,3142015.7045228435,2963716.9391808026,2943236.1949811745,3449116.1866923147
2025-01-03,1252075.4421504743,1574845.3076358198,3324481.5073322128,3171379.52593752,2991414.463034832,2970742.315299489,3481350.026771062
2025-01-06,1252075.4421504743,1604009.3088444427,3386046.400231714,3230109.17759219,2986927.3413402797,3025756.437673175,3545819.9120963765
2025-01-07,1252075.4421504743,1676918.8055461415,3539957.5636446904,3376932.287116066,3118019.704106756,3163290.7885003556,3706993.506139951
2025-01-08,1252075.4421504743,1618591.0967555172,3416828.3976883283,3259473.575103821,3009566.6623118455,3053263.0976416906,3578054.3845797703
2025-01-09,1252075.4421504743,1616163.2101103838,3386046.5800370984,3254584.364741165,2982453.8192228624,3025756.5983464895,3545820.100386033
2025-01-10,1252075.4421504743,1613742.5962160595,3380967.5101670427,3249709.8000411033,2982453.8192228624,3025756.5983464895,3545820.100386033
2025-01-13,1252075.4421504743,1628412.6947363694,3406593.083919535,3279252.0349928276,3009566.502164285,3021217.9634489696,3578054.1941813696
2025-01-14,1222042.8648737923,1591737.2330388527,3329869.0602293713,3205396.013853571,2941784.396723179,2948750.3158117463,3497468.4864093093
2025-01-15,1222042.7937197294,1591737.1403591486,3329868.866346064,3205395.827217769,2941784.2254362972,2948750.14411927,3497468.2827674407
2025-01-16,1233305.6110525802,1606407.2032619466,3360558.221069761,3234937.990443941,2968896.842550874,2975926.961824927,3529702.298301665
2025-01-17,1267094.9090380953,1603997.5924570537,3452628.5904184314,3323566.6991307405,3050236.7304117507,3057459.4562813593,3626406.7661064323
2025-01-20,1267094.9090380953,1601595.1996575673,3452628.5904184314,3323566.6991307405,3050236.7304117507,3057459.4562813593,3626406.7661064323
2025-01-21,1265194.2666745381,1587358.7978828333,3421938.5585036012,3294023.8840273563,3023123.515030313,3030282.038892192,3594172.0392965972
2025-01-22,1265194.2666745381,1622949.9309616643,3498663.9156098366,3367881.1887385747,3090906.7984824823,3098225.8279438238,3674759.1475984096
2025-02-03,1265194.2666745381,1516177.1326489693,3268489.1397287576,3146310.5216181,2887558.092584849,2894395.6079577934,3432999.183332744
2025-02-04,1287022.8786876323,1544649.4987569798,3329868.2605468,3205395.244063744,2941783.6902408316,2948749.607656503,3497467.646477005
2025-02-05,1316677.891523165,1542332.5245088444,3406593.6145730154,3279252.545810076,3009566.970971947,3016693.3939806377,3578054.751543774
2025-02-06,1328539.9895424137,1553896.7252039025,3437283.9965016325,3308795.6978434646,3036680.495574281,3043871.121322913,3610289.845984337
2025-02-07,1316677.8499502693,1540022.4421478892,3406593.5070129503,3279252.442270688,3009566.8759476333,3016693.2987313136,3578054.6385699804
2025-02-10,1334470.6991403603,1560833.4454343254,3452628.3093182473,3323566.428538296,3050236.4820728158,3057459.207354377,3626406.470857875
2025-02-11,1332468.9930916498,1540022.4907726853,3406593.6145730154,3279252.545810076,3009566.970971947,3016693.3939806377,3578054.751543774
2025-02-12,1330473.3118090394,1540022.5239259552,3406593.6879094234,3279252.6164051127,3009567.0357612516,3016693.458923358,3578054.8285713596
2025-02-13,1306500.9983767709,1537712.4901400662,3345214.0789401056,3220167.4240556606,2955341.0068463273,2962339.0269445195,3513585.8527061264
2025-02-14,1276535.1689445684,1500193.3176655413,3268488.4471738343,3146309.854951408,2887557.480744794,2894394.9946689485,3432998.4559200513
2025-02-17,1276535.0994800762,1500193.23603037,3268488.2693143473,3146309.6837404445,2887557.323614212,2894394.8371662935,3432998.269108516
2025-02-18,1300507.6966782054,1528366.0047864832,3329868.6048484007,3141590.219214834,2941783.9944152776,2948749.9125512107,3497468.0081080412
2025-02-19,1298556.935133188,1535409.3760759523,3324873.801941128,3151341.013589109,2955341.0068463273,2962339.0269445195,3513585.8527061264
2025-02-20,1298556.935133188,1521322.7344783624,3289435.5327137955,3122428.9774234397,2928227.1763521433,2935160.9929860653,3481350.3945927164
2025-02-21,1302614.8091586735,1519040.7503766448,3304664.2959891683,3136884.567529538,2941783.6902408316,2948749.607656503,3497467.646477005
2025-02-24,1296611.8801141414,1509775.7871628762,3289435.185168883,3122428.647523585,2928226.866970656,2935160.6828719866,3481350.026771062
2025-02-25,1266597.7693424944,1474827.3354239734,3213290.9869411755,3050150.334529039,2860443.9576068814,2867217.2687945627,3400763.363220529
2025-02-26,1254592.2380889852,1460848.0863699082,3182833.5944649773,3021239.2815843467,2833331.0491815116,2840040.1590883113,3368529.001348783
2025-02-27,1278603.400030782,1488806.7002599647,3243748.6316781035,3079061.626927037,2887557.09059258,2894394.603592884,3432997.9920706013
2025-03-03,1276685.4949307358,1397940.7962031388,3045773.869810725,2891138.1588713424,2711321.662913098,2717741.8639815277,3223472.829320934
2025-03-04,1269674.1434300302,1395843.885008834,3033590.539804379,2879573.3836158314,2700476.1674874383,2706870.6872572335,3210578.6897935807
2025-03-05,1300268.8016269102,1427337.7812598953,3106689.34720694,2948960.9220487694,2765548.09617136,2772096.7012611586,3287942.2859073533
2025-03-06,1300268.7670949015,1427337.7433532407,3106689.2647007513,2948960.843731468,2765548.0227250615,2772096.627640945,3287942.198587523
2025-03-07,1281147.1675788,1406347.4824215753,3061002.6578669166,2905593.772500123,2724878.198861458,2731330.500763872,3239590.107431824
2025-03-10,1281147.0120940835,1406347.3117420895,3061002.2863724134,2905593.4198666117,2724877.868160251,2731330.1692795902,3239589.714263293
2025-03-11,1279225.2915759424,1355970.8461849205,2951354.77969866,2801512.780882967,2627270.6022119652,2633491.7768361713,3123545.0656211427
2025-03-12,1291809.1091743344,1353936.889915643,2984858.018714754,2833315.040967113,2657094.8969905316,2663386.693249869,3159002.9772320706
2025-03-13,1318172.734215553,1379499.188427187,3045773.890144834,2891138.178173077,2711321.6810143464,2717741.8821256384,3223472.850841392
2025-03-14,1272036.7408205708,1331216.7715681137,2939171.924840223,2789948.456651829,2616425.529758881,2622621.024086019,3110651.4289631546
2025-03-17,1287854.8284912899,1347770.7773807228,2975721.245857828,2824642.147382521,2648961.420496546,2655233.9573093965,3149333.1395123685
2025-03-18,1292532.8585398097,1352666.4473394945,2986530.3161786254,2834902.434916055,2658583.5617878665,2664878.883090895,3160772.8412035108
2025-03-19,1290594.059252,1337421.257279088,2952870.7082384266,2802951.7448490323,2628620.068740008,2634844.438797114,3125149.437668445
2025-03-20,1306021.1815408496,1335415.1253931695,2992650.1142321886,2798747.3172317585,2664031.353299818,2670339.574553953,3167249.68537836
2025-03-21,1315368.9666883228,1342958.8580234954,2988161.1390608405,2814557.3833749155,2683099.0323457266,2689452.4043966327,3189919.1259554178
2025-03-24,1316704.3666545039,1344322.2680316411,2986714.733092228,2817414.8020382402,2685822.990754199,2692182.812929015,3193157.622529992
2025-03-25,1320710.7019807817,1348412.6363244127,2995802.407628544,2825987.3478093636,2693995.1422260804,2700374.315426755,3202873.440681351
2025-03-26,1328723.1119839926,1356593.1067934849,3013977.1654634927,2843131.881627842,2710338.9134954433,2716756.787488872,3222304.4448798066
2025-03-27,1326730.0273160166,1310237.1654348185,2910986.999850146,2745979.644807757,2617724.3254462113,2623922.895221598,3112195.558774905
2025-03-28,1304065.2986391394,1308271.8096866664,2865550.058200057,2703118.265866564,2576864.8549513444,2582966.672644632,3063617.997963056
2025-03-31,1268224.2021987769,1270409.486731845,2786792.9161322387,2628825.4198275423,2506041.973707229,2511976.088267372,2979417.131460428
2025-04-01,1280630.7455360272,1282837.4078564115,2814055.0256441007,2654542.1948588104,2530557.6061150185,2536549.771806287,3008563.608634671
2025-04-02,1308200.7350295098,1310454.903359882,2874637.256518634,2711690.3624140336,2585036.578181272,2591157.7458863747,3073333.30698032
2025-04-07,1168971.8287905538,1170986.0909790685,2568695.9813443664,2423091.164211391,2309916.8616648666,2315386.5670510256,2746245.2513166214
2025-04-08,1167218.371047368,1100561.1470204773,2414210.5677886996,2277362.653206221,2170994.831091695,2176135.5797991557,2581081.7456093817
2025-04-09,1183018.1343454455,1098910.3052999466,2450560.2679801392,2311651.894905238,2203682.539562639,2208900.690248522,2619943.9512820356
2025-04-10,1261983.4940103318,1170505.7869582486,2614132.8856125805,2465952.5078896754,2350776.298543835,2356342.755932493,2794822.7721627457
2025-04-11,1240048.6117204633,1150160.9038608088,2568695.92276153,2423091.108949284,2309916.808983864,2315386.5142452777,2746245.188684517
2025-04-14,1308777.706041416,1213908.015464802,2711064.6514457897,2557389.7612772607,2437942.8304943764,2443715.6915234486,2898454.499527331
2025-04-15,1278069.053630606,1185425.3486730857,2647453.282104626,2497384.159947479,2434285.916248635,2386377.2944714283,2830446.2874805746
2025-04-16,1276151.95005016,1175931.0133442038,2626249.2398121385,2477382.0546389325,2411172.420180524,2367264.26784322,2807776.613499155
2025-04-17,1276151.95005016,1174167.1168241876,2571725.087012495,2425948.567046609,2361113.525742305,2318116.960458848,2749483.729952182
2025-04-18,1280244.0098279559,1177932.1559568536,2583841.4390220367,2437378.1117299893,2372237.608466721,2329038.470395525,2762437.5689472
2025-04-21,1266736.2203760257,1165503.8536729307,2556579.459377881,2411661.459204963,2347208.2500794674,2304464.9039175413,2733291.2306171698
2025-04-22,1239720.4521214324,1140647.0748864866,2502055.117934085,2408043.9670161554,2297149.1824461184,2301008.206561665,2674998.1453868872
2025-04-23,1280244.0174586524,1177932.1629777362,2498302.035257184,2483032.7494863933,2372237.6226060768,2372663.793514213,2762437.5854122825
2025-04-24,1329772.9149199135,1223502.913960238,2591067.434539744,2579094.0259033614,2464012.5595411733,2464455.217755575,2869308.2179207746
2025-04-25,1327778.2555475337,1221667.6595892976,2632009.8349960307,2619847.2301678844,2502947.319631651,2503396.9724497586,2914647.2023580875
2025-04-28,1327778.2555475337,1217126.9659404003,2626160.5231407816,2614024.948176911,2497384.833034861,2497833.4865559577,2908169.764391125
2025-04-29,1327778.2555475337,1215771.7130417319,2623236.3321886854,2611114.2700082855,2494604.0319115813,2495052.1858636094,2904931.5603143913
2025-04-30,1327778.2555475337,1221193.1759096596,2634934.0696966415,2622757.9518828616,2505728.162358205,2506178.3147528553,2917885.4548812537
2025-05-02,1380233.9222908705,1271342.2127365104,2743139.2319135945,2730463.094452885,2608627.4057957353,2609096.043970901,3037710.1869711396
2025-05-05,1406720.094988872,1295738.7942586553,2795779.047714192,2782859.6599170677,2658685.9899667203,2659163.621133175,3096002.7092162506
2025-05-06,1347861.6385383364,1293795.1860672673,2678801.093171993,2666422.264386383,2547444.134452213,2547901.781093452,2966463.121859615
2025-05-07,1361104.7029909021,1304550.2093196497,2705120.9575543273,2692620.503801608,2572473.3851536764,2572935.5282831253,2995609.334791046
2025-05-08,1372876.4281753441,1315832.81419176,2728516.615825899,2715908.0499595897,2594721.82031651,2595187.9603625103,3021517.3268592693
2025-05-09,1370817.113533081,1322884.5067052972,2743139.035927726,2730462.899372673,2608627.2194201765,2609095.85756186,3037709.9699394037
2025-05-12,1392111.7281232353,1345449.6760246065,2789930.268645599,2777037.9082507254,2653124.0100310054,2653600.6419914714,3089525.861249035
2025-05-13,1444644.2534439676,1396221.3689467113,2895210.670728188,2881831.8061000654,2753241.9110732544,2753736.529147928,3206111.7589585
2025-05-14,1444644.3159162167,1394127.0368932912,2895210.7959287846,2881831.930722106,2753242.030134549,2753736.6482306113,3206111.897603715
2025-05-15,1459236.6338110343,1406099.9310569454,2924455.251357183,2910941.246551077,2781052.4624343608,2781552.0766560542,3238496.7576697846
2025-05-16,1446103.4542933141,1393444.9836779202,2898135.054263922,2884742.6759623936,2756022.895336693,2756518.013013337,3209350.176299392
2025-05-19,1443934.299111874,1396257.160237857,2903983.916301963,2890564.510214779,2761584.954173389,2762081.0710701956,3215827.1161456974
2025-05-20,1438867.7215370599,1393444.9123530427,2898134.905919976,2884742.52830395,2756022.7542669005,2756517.871918201,3209350.012025588
2025-05-21,1431608.2343007023,1386414.595803174,2883513.0104921646,2870188.201140346,2742117.8541094777,2742610.47375473,3193157.949961387
2025-05-22,1434512.040247769,1384334.973909469,2889361.7909250334,2865882.9188386356,2747679.83534257,2748173.4541940447,3199634.7994393804
2025-05-23,1441771.6416494,1389256.7602691692,2885027.748238646,2876072.1170632555,2761584.954173389,2762081.0710701956,3215827.1161456974
2025-05-26,1415636.8332419803,1364073.882336565,2885027.748238646,2823937.929114199,2711526.060245106,2712013.1840949757,3157534.2331925384
2025-05-27,1413513.3779921173,1358477.770206764,2885027.748238646,2812352.725773269,2700402.0265160697,2700887.151940693,3144580.451251957
2025-05-28,1413513.3779921173,1376665.438961943,2885027.748238646,2850005.2666693213,2736555.741093683,2737047.3615090386,3186680.947024277
2025-05-29,1413513.3779921173,1379463.5394476377,2885027.748238646,2855797.9603007627,2742117.8462585076,2742610.4659023494,3193157.940819042
2025-06-02,1413513.3779921173,1377394.3441384663,2885027.748238646,2774700.090932344,2664248.221733227,2664726.8521509124,3102479.850436906
2025-06-03,1413513.3779921173,1378202.7253926771,2885027.748238646,2780493.0320858546,2669810.5645670644,2670290.194255933,3108957.1209939173
2025-06-04,1413513.3779921173,1398301.4743867412,2922716.9088981324,2821041.80658905,2708745.223024981,2709231.8472992973,3154295.9870815324
2025-06-05,1413513.3779921173,1435627.681614034,3000735.8046846013,2896346.590999566,2781052.366636421,2781551.9808409046,3238496.6461144215
2025-06-06,1413513.3779921173,1431320.8639365563,2991733.7339008125,2887657.683103756,2772709.3361640945,2773207.4515487133,3228781.3036321304
2025-06-09,1413513.3779921173,1442805.9659075334,3015739.788636409,2910828.618275139,2794957.911074225,2795460.0234005004,3254689.458434129
2025-06-10,1413513.3779921173,1440641.756958672,3075754.793577362,2968755.8288940093,2850579.2261077473,2851091.3307662047,3319459.703090254
2025-06-11,1413513.3779921173,1494619.9705064017,3195784.2006393317,3084609.668282638,2961821.297487218,2962353.3867096715,3448999.5418186253
2025-06-12,1413513.3779921173,1486868.3432136353,3179209.734540719,3068611.7925924785,2946460.2456754185,2946989.5752951503,3431111.811486719
2025-06-13,1413513.3779921173,1465727.983489032,3134007.5902251787,3024982.134696639,2904567.3438646286,2905089.1474524657,3382328.1123238252
2025-06-16,1413513.3779921173,1451634.457127,3103872.927389237,2995895.7926602815,2876638.8353745267,2877155.621624424,3349805.754182988
2025-06-17,1425099.198482733,1465728.035016285,3134007.7004003297,3024982.241039031,2904567.445973872,2905089.2495800536,3382328.231228614
2025-06-18,1425099.3428125712,1463529.4429637606,3134008.0178033747,3024982.5474002995,2904567.740139886,2905089.5437989137,3382328.573780829
2025-06-19,1431950.6607534077,1468362.973273018,3149075.09748971,3039525.4754440505,2918531.7610825384,2919056.0733686234,3398589.4811738622
2025-06-20,1411396.4645162965,1447286.1153007732,3103873.3253244963,2995896.1767522194,2876639.2041770024,2877155.990493155,3349806.1836483213
2025-06-23,1404544.856963695,1440260.2818601541,3088805.6087382855,2991402.332487091,2862674.592961823,2863188.8705448764,3333544.588891173
2025-06-24,1402438.0396782495,1468362.8500680053,3149074.8332622377,3045203.2053026482,2918531.5161991213,2919055.8284412134,3398589.196010543
2025-06-25,1420438.1929098642,1489439.9554191593,3194277.1359602814,3088914.518736425,2960424.5647972543,2960956.403097611,3447373.066105248
2025-06-26,1440538.6385992598,1487205.7954860306,3239478.9577704347,3132625.3671443053,3002317.1677132305,3002856.5319917854,3496156.4172093044
2025-06-27,1433838.3654228314,1478071.355704625,3224411.4036037102,3118054.813355005,2988352.7070268304,2988889.562599329,3479894.9977408173
2025-06-30,1440538.7570110166,1484978.4500587226,3239479.224054437,3132625.624644981,3002317.4145026193,3002856.77882551,3496156.7045921013
2025-07-01,1447238.9614738564,1491885.3515147786,3254546.62369825,3147196.029008279,3016281.731978708,3016823.604981928,3512417.957294181
2025-07-02,1445068.1030316455,1484978.4748873953,3249664.8037627027,3132625.6770221293,3002317.4647010285,3002856.829032937,3496156.763047448
2025-07-03,1483170.7322699232,1526419.6353751454,3335349.88179237,3220047.579510894,3086102.8676505797,3086657.283974297,3593723.6947962525
2025-07-04,1469748.468292586,1524130.0059220826,3305165.9349303106,3190907.0849667266,3058174.5338117452,3058723.9328288985,3561201.540034377
2025-07-07,1449614.6897454706,1500999.766353267,3259889.1542899725,3147195.512545239,3016281.236999044,3016823.1099133412,3512417.3808972742
2025-07-08,1436192.3315070865,1487101.6203685144,3229704.9954539537,3118054.813355005,2988352.7070268304,2988889.562599329,3479894.9977408173
2025-07-09,1436192.4737817359,1487101.7676864306,3229705.315400757,3118055.1222413187,2988353.0030643623,2988889.8586900434,3479895.34247239
2025-07-10,1434038.1850710632,1521847.1124702925,3305165.66866794,3190906.8279089867,3058174.2874468677,3058723.6864197617,3561201.2531459173
2025-07-11,1434038.1850710632,1521847.1124702925,3305165.66866794,3190906.8279089867,3053587.0260156975,3058723.6864197617,3561201.2531459173
2025-07-14,1434038.1850710632,1519564.341801587,3320257.5869057016,3205477.021895821,3062935.7920045955,3072690.31091455,3577462.271058025
2025-07-15,1434038.1850710632,1510391.8633786421,3305165.9877030337,3190907.135915108,3049013.8000667593,3058723.981666746,3561201.5968951536
2025-07-16,1464581.7028883991,1544875.4773688498,3380625.920225818,3263758.435383418,3118625.5461848336,3128557.4200238925,3642507.0542312004
2025-07-17,1477658.3252356169,1558669.0084167859,3410810.080227834,3292899.1356993415,3146470.417132912,3156490.968416963,3675029.4386439784
2025-07-18,1510350.0706120208,1593153.0359345335,3486270.9176662187,3365751.3088005204,3216082.9980351278,3151756.231964337,3756335.8709951653
2025-07-21,1497273.215873623,1579359.259754875,3456086.2212464353,3336610.0906106727,3188237.6322419546,3119788.135493313,3723812.9086108673
2025-07-22,1497273.2587564436,1576990.2208652426,3456086.3202308584,3331605.175474757,3188237.7235550303,3119788.224845953,3723813.0152631463
2025-07-23,1495027.348868309,1567752.2235385992,3440994.352410057,3312088.656413795,3174315.3915671697,3106164.796744208,3707551.9439270347
2025-07-24,1505882.7996588934,1581504.4360257797,3471178.51339611,3341142.0656805825,3202160.263423022,3133411.856364771,3740074.329400079
2025-07-25,1505882.7996588934,1581504.4360257797,3471178.51339611,3341142.0656805825,3202160.263423022,3133411.856364771,3740074.329400079
2025-07-28,1512430.1161791494,1588380.54226937,3486270.5938891363,3355668.7703139763,3216082.699350948,3147035.3861750523,3756335.5221366007
2025-07-29,1499335.6692093888,1574628.5251969446,3456086.8618108276,3326615.773887295,3188238.223162253,3119788.7137269164,3723813.5987967593
2025-07-30,1505882.9395133096,1572266.5824091493,3471178.8357715597,3341142.3759792815,3202160.5608141967,3133412.1473711403,3740074.676748433
2025-07-31,1503624.1151040397,1583563.1936363578,3465972.0675179022,3370195.942419105,3230005.5833051438,3160659.3543927553,3772597.2381609697
2025-08-04,1503624.1151040397,1542608.9505807743,3371277.8927232074,3283035.654578727,3146470.9101950615,3078918.1192239434,3675030.014533046
2025-08-05,1503624.1151040397,1563085.7708358716,3416028.7360353027,3326615.157319571,3188237.6322419546,3119788.135493313,3723812.9086108673
2025-08-06,1481703.562431336,1542608.8051968354,3371277.574995465,3283035.3451674185,3146470.613654364,3078917.8290497917,3675029.668178036
2025-08-07,1521040.9438451142,1583563.1448372875,3460780.789526246,3370195.838563175,3230005.483769318,3160659.256993903,3772597.121904644
2025-08-08,1547265.7177889806,1581187.8001200315,3520449.2647516197,3428302.5084529757,3285695.0850203973,3215153.236832945,3837641.7264588955
2025-08-11,1534153.3657748136,1565439.8146297582,3490615.1066773348,3399249.250964582,3257850.358629399,3187906.3195541953,3805119.510886581
2025-08-12,1547265.7877045127,1578819.6421052262,3520449.4238284226,3428302.6633659885,3285695.233489479,3215153.3821144877,3837641.8998685176
2025-08-13,1544944.889022956,1585509.5086125443,3535366.477089664,3442829.2670089607,3299617.572627892,3228776.8172132666,3853902.9795563645
2025-08-14,1544944.889022956,1585509.4841993258,3535366.4226531098,3442829.213997268,3299617.521821331,3228776.767497492,3853902.920215077
2025-08-15,1529613.0290888567,1572129.728367492,3505532.2652528784,3413775.957165285,3271772.7960594385,3201529.8508343413,3821380.705377549
2025-08-18,1523104.0374757128,1569771.5337749408,3490615.1066773348,3399249.250964582,3257850.358629399,3187906.3195541953,3805119.510886581
2025-08-19,1536121.9287065458,1580817.0640806737,3520449.2129953364,3428302.4580513984,3285695.036715379,3215153.189565006,3837641.670039371
2025-08-20,1516595.07044739,1560722.0506790031,3475698.004444723,3384722.5996320513,3243927.9737851745,3174282.83973088,3788858.3778150436
2025-08-21,1484049.8367945596,1527229.878116759,3401111.5799827473,3379645.515732603,3174315.1971666627,3106164.6065173596,3707551.7168702087
2025-08-22,1481823.7620393678,1547325.294879183,3445863.686810004,3418986.690279669,3216083.0984737133,3147035.776728898,3756335.988305901
2025-08-25,1481823.7620393678,1560721.883728949,3475697.632650162,3448587.9377510836,3243927.6267829966,3174282.500178625,3788857.972521794
2025-08-26,1479604.4229357007,1558380.8009033555,3475697.79104715,3448588.0949126096,3243927.7746175956,3174282.6448393064,3788858.1451903502
2025-08-27,1511355.4788388552,1589438.1737982049,3550283.3175266176,3522591.8703077044,3313539.7131337826,3242400.057944042,3870163.827244457
2025-08-28,1505005.4716191962,1582760.0996984078,3535366.6913497974,3507791.590610733,3299617.772600513,3228777.012892599,3853903.213121335
2025-08-29,1498655.2375617316,1576081.787041453,3520449.5323145664,3492990.782211532,3285695.334741439,3215153.4811926307,3837642.0181292626
2025-09-01,1460553.7440523289,1536011.817328506,3515168.8580160947,3404185.7239958965,3202160.512099905,3133412.0997027145,3740074.619850884
2025-09-02,1458362.9134362503,1562725.1617275423,3570946.0287446165,3463389.165413129,3257850.4590232917,3187906.4177926932,3805119.628145116
2025-09-03,1437509.6884748677,1560381.073984951,3525164.6694017365,3418986.7402155246,3216083.1454460695,3147035.822692787,3756336.0431688963
2025-09-04,1456178.6454680478,1578278.3457388745,3570946.0287446165,3463389.165413129,3257850.4590232917,3187906.4177926932,3805119.628145116
2025-09-05,1462401.5860670847,1585023.0761501093,3586206.3713464,3478189.8666284564,3271772.7960594385,3201529.8508343413,3821380.705377549
2025-09-08,1487293.5279575882,1612002.1923398983,3647248.1819225093,3537393.098400856,3327462.5457795993,3256023.975954926,3886425.4833414224
2025-09-09,1487293.4836529095,1612002.144320299,3647248.0732753887,3537392.993026186,3327462.446658507,3256023.878961902,3886425.3675694987
2025-09-10,1485062.54342743,1645726.062859054,3723550.3892165585,3611397.0838747616,3397074.6819072347,3324141.582428514,3967731.396202686
2025-09-11,1485062.54342743,1643257.4737647653,3830373.6656138897,3715002.844115981,3494531.842347087,3419506.397705886,4081559.8726037014
2025-09-12,1485062.54342743,1640796.0708872266,3830373.1789757647,3715002.372135392,3494531.398376714,3419505.9632672835,4081559.3540530796
2025-09-15,1488745.9445972908,1647333.0365892036,3845633.4654556056,3729803.0189191694,3508453.6842116127,3433129.346206942,4097820.3714832356
2025-09-16,1500632.331100129,1660485.6078810706,3876337.620106398,3759582.364698895,3536465.741385765,3460540.0017800736,4130538.0268571554
2025-09-17,1506563.8802140623,1667049.00901005,3891659.6190393353,3774442.865157218,3550444.328811902,3474218.4775505112,4146864.803686833
2025-09-18,1512495.2151022772,1673612.1730931425,3906981.0645980765,3789302.828908971,3564422.411382921,3487896.459304759,4163190.9908534363
2025-09-19,1524357.9417913938,1671101.7548335027,3937624.1027287766,3783618.8746656077,3592378.7106482633,3515252.5540570132,4195843.521840615
2025-09-22,1522071.4048787067,1649121.0967759728,3891659.7320550433,3733851.4487961237,3550444.4319185503,3474218.578443523,4146864.924113825
2025-09-23,1579625.8833436002,1714046.9576045075,4044874.2889783564,3880853.0971243745,3690225.350079653,3610998.4864520472,4310126.903761109
2025-09-24,1615526.4716014094,1753002.5702773375,4136803.2500915015,3969054.3038772014,3774094.108036009,3693066.6338714124,4408084.3333920445
2025-09-25,1579626.0488711651,1714047.1372179352,4044874.712837068,3880853.503795454,3690225.7367750234,3610998.8648453066,4310127.355415403
2025-09-26,1567659.205183942,1701061.953681441,4014231.774619182,3851453.1483846777,3662269.5286622792,3583642.85928866,4277474.930893067
2025-09-30,1567659.088717323,1698510.360750919,4014231.4763885457,3851452.862247407,3662269.256580089,3583642.5930479066,4277474.613105221
2025-10-01,1565307.600084247,1715385.853630527,4008210.129173963,3895553.42160674,3704203.593703308,3624676.6258012303,4326453.279034735
2025-10-02,1604248.9383798256,1760697.8930863861,4107925.3970175013,3998454.7425944735,3802050.395363229,3720422.716941849,4440736.850435679
2025-10-03,1610146.988941642,1767171.1310914522,4123028.259868854,4013155.134582748,3816028.703176899,3734100.9191029267,4457063.300682262
2025-10-07,1675024.7821685413,1838375.9117896776,4289157.797575383,4174857.544857768,3969788.280937782,3884559.373506008,4636652.141456938
2025-10-08,1663228.8527353697,1825429.6242135384,4258952.511512429,4145457.1888051666,3941832.072214739,3857203.367352165,4603999.716221783
2025-10-09,1698616.4204783377,1822691.479777218,4349567.804932432,4233657.707244439,3935919.3241064167,3939270.8743197685,4701956.381402558
2025-10-13,1696068.49584762,1756768.7183108185,4198541.837590268,4086656.377616441,3793565.736769862,3802491.262850716,4538694.755707999
2025-10-14,1772721.8810043645,1838919.6827661702,4394876.3110295655,4277758.802949703,3970962.499788318,3980305.4061242794,4750935.643004974
2025-10-15,1748354.3841683455,1813642.243574124,4334465.179564864,4218957.546411328,3916378.406712917,3925592.88724051,4685630.187879965
2025-10-16,1784905.3301757798,1851558.0919409941,4425081.134879176,4307158.709106321,3998253.876002593,4007660.9936655974,4783587.568579686
2025-10-17,1772721.7431867847,1838919.5398021427,4394875.969356558,4277758.47038182,3970962.1910718484,4001649.502175099,4750935.273650673
2025-10-20,1778813.6186225214,1836161.1604924395,4409978.755264009,4292458.787476643,3984608.2170886234,4009386.90334752,4767261.640719595
2025-10-21,1776145.3981945876,1864805.0686513195,4485492.09011442,4365959.794111517,4052837.8098469903,4078040.7886788133,4848892.833197671
2025-10-22,1743628.5356859115,1833411.0627986973,4409978.80065796,4292458.831660906,3984608.2581040384,4009386.944617993,4767261.689791224
2025-10-23,1719743.1490361884,1808295.7752093028,4349567.96967247,4286020.143413414,3930024.436524716,3954463.6880638786,4701956.559489327
2025-10-27,1791399.1620595243,1883641.4834861811,4530800.091024667,4457917.560539239,4093775.5655020103,4119233.119877589,4897871.548684516
2025-10-28,1767513.8073828141,1858526.2295161467,4470389.3409052035,4398478.578815814,4039191.8169886707,4064309.9368438246,4832566.505800161
2025-10-29,1785427.9924730388,1855738.4401718725,4515697.831138116,4443058.23587262,4080130.014768069,4105502.712916374,4881545.750253086
2025-10-30,1782749.8504843293,1877747.7508555807,4576108.504464379,4502497.1420381395,4134713.6938954014,4160425.8261326468,4946850.710122692
2025-10-31,1782749.8504843293,1877747.56276628,4576108.046087024,4502496.691034251,4134713.2797314613,4160425.4093931867,4946850.214609017
2025-11-03,1774204.944173676,1871550.4434782101,4561005.54349348,4487637.127564828,4121067.509701163,4146694.781771898,4930524.153807221
2025-11-04,1785954.7603796131,1883944.9381521337,4554164.03517824,4517356.86857952,4148359.6136772344,4174156.6044367147,4963176.950090094
2025-11-05,1738955.8120314884,1834367.2932961672,4427675.7454789,4398478.705007623,4039191.9328725864,4064310.0534483767,4832566.644445898
2025-11-06,1727205.996846047,1831615.7423562228,4397758.727835041,4368758.966574153,4011899.8312668907,4036848.2331686756,4799913.850998988
2025-11-07,1715456.4091661982,1816431.2442619489,4367842.289458916,4339039.803588602,3984608.2581040384,4009386.944617993,4767261.689791224
2025-11-10,1712883.2245524488,1828872.5016840268,4397758.891297746,4368759.128958951,4011899.9803873952,4036848.383216501,4799914.029409618
2025-11-11,1733587.3127174403,1853755.0518513198,4457592.179914429,4428197.864078563,4066483.50244059,4091771.338381855,4865218.801352716
2025-11-12,1710317.7479305528,1828872.5016840268,4397758.891297746,4368759.128958951,4011899.9803873952,4036848.383216501,4799914.029409618
2025-11-13,1698682.982053785,1816431.2442619489,4367842.289458916,4339039.803588602,3984608.2581040384,4009386.944617993,4767261.689791224
2025-11-14,1657961.2278713835,1813706.597395556,4263133.993739255,4235021.976756805,3889087.057436272,3913271.7357733957,4652978.29453395
2025-11-17,1687048.0722485525,1842761.6559023194,4337925.3175352365,4309320.110573824,3957316.1982070394,3981925.166306359,4734608.946245398
2025-11-18,1684517.5001401796,1823698.8013097665,4293050.691835997,4264741.39775032,3916378.8675318817,3940733.2627302255,4685630.739212606
2025-11-19,1640970.0436128324,1779218.1167158138,4188341.606304843,4160722.7863152167,3820856.946350601,3844617.328891528,4571346.481919154
2025-11-20,1699576.3571626265,1842761.8817148067,4337925.849105721,4309320.638639019,3957316.6831375845,3981925.6542524938,4734609.526425597
2025-11-21,1635109.517359569,1772863.854172216,4173383.4502818706,4145863.267571007,3807211.2173921666,3830886.742597513,4555020.470256523
2025-11-24,1640970.059998307,1770204.5583909578,4188341.6481264257,4139644.4726696503,3820856.9845027626,3844617.3672809424,4571346.527565131
2025-11-25,1670273.3556182433,1799116.957858451,4263134.123908992,4207256.463656735,3889087.1761849304,3913271.8552605044,4652978.436607121
2025-11-26,1667767.945584816,1805429.3511322413,4278091.783582804,4222018.070614134,3902732.452343828,3927001.9859392033,4669303.906531706
2025-11-27,1688560.7890925014,1830680.3915353506,4337925.899167394,4281067.929760866,3957316.7288068514,3981925.7002057596,4734609.5810651835
2025-11-28,1676915.2855626594,1818054.7312100893,4308008.509342124,4251542.672506541,3930024.287674904,3954463.538288429,4701956.381402558
2025-12-01,1682738.1538637588,1824367.6877172957,4322967.503637115,4266305.596592001,3943670.781355456,3968194.8940600627,4718283.307993387
2025-12-02,1665270.2643640495,1821631.1361857199,4278092.358629568,4222018.638123658,3902732.976936049,3927002.5137936533,4669304.534163894
2025-12-03,1676915.3490758867,1831622.2050591593,4271675.220091623,4251542.833533874,3930024.436524716,3954463.6880638786,4701956.559489327
2025-12-04,1674399.9760522728,1837981.969695904,4280087.214001015,4266305.054525533,3943670.2802821873,3968194.38987082,4718282.708499725
2025-12-05,1671892.2318529724,1837982.0730423024,4280087.45466257,4266305.294412143,3943670.502027627,3968194.612995206,4718282.973800219
2025-12-08,1695032.6836127695,1863421.3535690554,4339327.61104667,4325354.693635975,3998254.3533489304,4023117.8994762553,4783588.139685993
2025-12-09,1729743.1563265757,1901580.0490754596,4428187.32100723,4413928.269545431,4080129.646950337,4105502.34281133,4881545.310188901
2025-12-10,1723958.2175705624,1898727.6790018464,4413377.727826597,4399166.3642189875,4066484.094986236,4091771.934612306,4865219.510285684
2025-12-11,1752922.1085204424,1927736.233760414,4487526.03950061,4473075.913502135,4134804.3133512624,4160517.0091146925,4946959.128976515
2025-12-12,1750292.7253576617,1883053.712421823,4383510.783416364,4369395.593314184,4038964.706912046,4064081.4144603866,4832294.78695165
2025-12-15,1718049.5225854497,1851137.386327441,4309213.6145789325,4295337.666197374,3970507.331628941,3995198.330115855,4750391.071095252
2025-12-16,1700276.7388911953,1831987.842660018,4264635.899875462,4250903.4946373915,3929433.446951101,3953869.0233622636,4701249.488236429
2025-12-17,1700276.689399572,1831987.7893345507,4264635.775740522,4250903.370902173,3929433.3325732267,3953868.908273119,4701249.3513925485
2025-12-18,1682503.7623326776,1829239.8076505489,4220057.701429645,4206468.840892742,3888359.1165532973,3912539.268116954,4652107.372109699
2025-12-19,1723973.925488765,1871519.4251802217,4324073.208155024,4310149.410914747,3984198.9539331323,4008975.095148006,4766771.990436347
2025-12-22,1721387.9646005319,1884382.002495612,4353791.6952885175,4339772.202584909,4011581.553544637,4036527.9762044502,4799533.057431909
2025-12-23,1730542.197752371,1897244.6322521283,4383510.303585203,4333262.544281032,4038964.2647958472,4064080.9695948437,4832294.257995356
2025-12-24,1754007.226162474,1922970.0374196724,4442947.8567076875,4385440.6095033325,4093729.9973760284,4119187.268381641,4897817.030105224
2025-12-26,1765739.719341172,1935832.7169516308,4472666.5800086055,4414774.668832811,4121112.814592083,4146740.368395831,4930578.35744704
2025-12-29,1777472.261284806,1932928.9678762034,4502385.426832429,4444108.850086376,4148495.745622082,4174293.5829317295,4963339.820958042
2025-12-30,1777472.163390044,1930033.8107035658,4502385.178862343,4444108.605325887,4148495.5171425645,4174293.3530313894,4963339.547600768
2025-12-31,1774805.9551449588,1936403.7212104336,4517244.913701054,4458776.00334852,4162187.269606066,4188070.249032258,4979720.622666956
2026-01-02,1812953.6782716298,1980991.8679665728,4621260.195710335,4561444.964687729,4258026.899932598,4284505.867722426,5094384.993271063
2026-01-05,1900395.1448292017,2076538.0676569918,4614328.305416769,4781450.275421425,4463397.903744816,4491153.991741422,5340094.798413567
2026-01-06,1917883.4976283887,2095647.3725965132,4649816.854972689,4825451.487240904,4504472.244224072,4532483.757130877,5389236.926601941
2026-01-07,1941201.2242624846,2092503.9015376184,4706349.568485756,4884119.575685646,4559237.850451756,4587589.92877944,5454759.547541259
2026-01-08,1935371.745974973,2083095.4142129854,4692216.277057739,4869452.436254553,4552398.9936760785,4573813.275670237,5438378.761279357
2026-01-09,1932468.6883560107,2089369.745723168,4706349.340881345,4884119.339484076,4559272.016587273,4587589.70691838,5454759.283742892
2026-01-12,1970136.0476303939,2133290.5374854933,4805281.849014347,4986788.763548881,4655112.80170356,4684025.760240675,5569424.171135506
2026-01-13,1993314.1705970375,2158388.129329918,4861814.703037193,5045456.997810791,4709878.9571024515,4739132.068853405,5634946.954928655
2026-01-14,1975930.6167836913,2139564.97703925,4819415.15620838,5001455.919341511,4668804.431313767,4697802.428718056,5585804.975670557
2026-01-15,1952752.4942689494,2136355.629573691,4762882.30328775,4942787.68622345,4614038.276982647,4690755.725074979,5520282.1931548985
2026-01-16,2010697.5870872617,2196454.1973514105,4904213.914926545,5089457.728689151,4750953.158418811,4822713.015785233,5684088.545984774
2026-01-19,2007681.5407066308,2183794.575187218,4875947.677802087,5060123.808617643,4723570.264672205,4794916.522391564,5651327.374171242
2026-01-20,2022106.6248293137,2202784.24954411,4918347.571837344,5104125.24740818,4764645.126816844,4836611.7918840675,5700469.755849016
2026-01-21,2027917.0799523175,2209113.8757223124,4932480.2775486,5118791.778998598,4778336.17374111,4850509.632590912,5716849.8632526975
2026-01-22,2051159.7353808146,2234433.289974168,4989013.1312003955,5177460.012875442,4833102.328780546,4906102.992476006,5782372.646615792
2026-01-23,2056970.3406497394,2231081.6400392065,5003146.202109914,5169693.822856129,4846793.729490325,4920001.192312049,5798753.17729205
2026-01-26,2051159.8302501808,2221447.1309883376,4989013.361950105,5147369.466349994,4833102.5523191355,4906103.219390991,5782372.914059628
2026-01-27,2048083.0905048056,2215154.0329040363,4974880.07469214,5132787.574899143,4819410.942021978,4892204.806801898,5765992.132630905
2026-01-28,2048083.0905048056,2252912.2974596764,5059679.070699902,5220278.172971398,4901559.899001122,4975594.566887083,5864275.977968828
2026-01-29,2048083.0905048056,2303256.8600408183,5172744.869977828,5336932.78996047,5011092.298180055,5086781.377103127,5995321.651295233
2026-01-30,2048083.0905048056,2252912.4434693977,5059679.398614279,5220278.511294094,4901560.216667902,4975594.889352,5864276.358028585
2026-02-02,2048083.0905048056,2249533.074804194,4946613.35868362,5103623.646013739,4792027.584356834,4864407.842482523,5733230.40578053
2026-02-03,2048083.0905048056,2323175.3827863387,4939193.438645594,5278605.533588386,4956326.147530762,5031188.021674486,5929798.87318455
2026-02-04,2048083.0905048056,2291087.1643040096,4863676.678103849,5205696.252223384,4887868.261195507,4961696.126374037,5847895.163628708
2026-02-05,2048083.0905048056,2265416.6618811223,4809181.578181568,5147368.991550999,4833102.106508465,4906102.766846659,5782372.380687219
2026-02-06,2048083.0905048056,2239746.377476666,4754686.941083736,5089042.226249434,4778336.416947927,4850509.8794712005,5716850.154227801
2026-02-09,2048083.0905048056,2348845.672280457,4986290.392930565,5336932.31045443,5011091.847949722,5086780.920072377,5995321.112635097
2026-02-10,2048083.0905048056,2345322.403772036,5027161.770816068,5380677.8126255805,5052166.5171721345,5128475.993728697,6044463.263498762
2026-02-11,2048083.0905048056,2386234.322061686,5122528.10943837,5482750.426495944,5148007.201203808,5225764.2849218575,6159128.029952719
2026-02-23,2048083.0905048056,2411619.6343963267,5177022.747621563,5541077.192959194,5202772.891855106,5281357.173404552,6224650.257717134
2026-02-24,2048083.0905048056,2430658.9572681943,5217894.45317626,5584823.04584163,5243847.890376516,5323052.581333702,6273792.80255746
2026-02-25,2130446.9466965436,2532200.75052,5435874.173527339,5818131.361421253,5462911.826407659,5545425.326414219,6535883.1175138345
2026-02-26,2135786.3652892928,2538547.061930788,5449497.797281492,5832713.014728509,5476603.213100813,5559323.512021925,6552263.63142046
2026-03-02,2071712.7273827472,2534739.241337892,5286012.74357471,5657731.496074657,5312304.996323633,5392543.684458792,6355695.578449021
2026-03-03,2103749.691626172,2570081.325298347,5367755.6411385685,5745222.652180856,5394454.477266579,5475933.976421891,6453980.05066255
2026-03-04,2023657.599532312,2472235.468914458,5163399.209924983,5526495.631761182,5189081.591647568,5267459.075588767,6208269.847282778
2026-03-05,2020622.1131330135,2530942.8063309058,5286012.70020307,5518205.88831354,5312304.952736266,5392543.640213069,6355695.526300653
2026-03-06,1955195.8921718078,2452666.2751617264,5122527.876740005,5339530.541047132,5148006.967348018,5225764.047533838,6159127.75016528
2026-03-09,1845996.0637797283,2315682.1819447554,4836429.093843984,5041311.922078501,4860485.149382663,4933899.41162039,5815133.7309185155
2026-03-10,1944795.9489576214,2312208.658671838,5095280.479563854,5311128.878257413,5120624.043549429,5197967.52363427,6126366.5423972495
2026-03-11,1960395.932607697,2327264.9087819913,5136151.755656521,5353731.560409579,5161698.610472694,5239662.493446287,6175508.570869179
2026-03-12,1975995.933514893,2345784.297689309,5177023.076962089,5396334.289689975,5202773.222833748,5281357.509382397,6224650.6537033385
2026-03-13,1973031.9396146208,2271706.845096372,5013538.019135604,5225923.609597216,5038475.001916372,5114577.677616534,6028082.595778529
2026-03-16,2007551.0632969763,2314918.604157478,5006017.7121069,5325329.636557566,5134315.43497585,5211865.714046737,6142747.061966805
2026-03-17,2014100.9946902695,2322471.367479666,5014828.340608523,5342704.309811873,5151066.896229039,5228870.19452157,6162788.68011432
2026-03-18,2040955.6978283755,2318987.6604284467,5081692.776270208,5413940.428841119,5219747.847535569,5298588.52403521,6244959.266864266
2026-03-19,2014101.0575821032,2285047.1396228326,5014828.497200348,5342704.476641875,5151067.057075016,5228870.357797014,6162788.872552078
2026-03-20,1997988.147527892,2266766.6472454662,4974709.616269077,5299962.571336633,5109858.260792719,5187039.131184453,6113486.250713562
2026-03-23,1994991.1653066,2181458.18081342,4787489.264838385,5100501.5109502915,4917551.667415292,4991827.87988866,5883408.691898442
2026-03-24,2058774.216227173,2254579.684080909,4947963.765335761,5271468.042043597,5082385.801518598,5159151.719438001,6080617.921794479
2026-03-25,2075467.144172435,2272860.23952821,4988082.784682078,5314210.09481364,5123594.739976281,5200983.090373408,6129920.71373307
2026-03-26,2058774.2579639303,2269450.9491689177,4947963.865643974,5271468.148910091,5082385.904551898,5159151.824027548,6080618.045064565
2026-03-27,2008696.0285264698,2210931.7604064005,4827608.140020595,5143243.410130591,4958760.457792342,5033659.100506779,5932711.30667186
2026-03-30,1980874.7463871264,2180309.4285933464,4760743.743310342,5072007.332599472,4890079.546495442,4963940.811607086,5850540.767789841
2026-03-31,1977903.4342675456,2174185.035468996,4747371.023885313,5057760.287465853,4876343.528497573,4949997.3205697145,5834106.856537575
2026-04-01,2047262.635005941,2253802.8900448354,4921218.000858789,5242973.604859534,5054913.431049591,5131264.397838003,6047749.699122736
2026-04-02,2075078.7094857479,2284425.2186021623,4988082.390460105,5314209.674816924,5123594.335044424,5200982.679325336,6129920.229268488
2026-04-07,2058389.1824742914,2280998.5807742593,4947964.039570377,5306238.360304698,5082386.083203385,5159152.005377441,6080618.258805014
2026-04-08,2152963.803099816,2382227.857104179,5175302.885836856,5541725.867300592,5315901.076278514,5396194.080711064,6359997.964980819
2026-04-09,2164090.2149953227,2394539.0944454335,5202048.598657907,5570365.236212784,5343373.393688256,5424081.348450374,6392866.124171919
2026-04-10,2160844.0796728297,2431472.850619539,5282285.833036065,5656283.44565536,5425790.444438221,5507743.251677131,6491470.719616435
2026-04-13,2168532.429163878,2443784.2917339704,5309031.98854689,5684923.288600748,5453263.216564353,5535630.981001006,6524339.422834835
2026-04-14,2201306.0128608383,2480717.8270343123,5389268.743084874,5770840.984229397,5535679.774438259,5619292.383907153,6622943.4285974335
2026-04-15,2255929.1793802693,2476996.750293761,5522997.95758373,5914038.525233272,5673042.029549902,5758729.400757264,6787285.023830207
2026-04-16,2272315.924281192,2491252.4195858683,5514713.460647355,5956997.249972073,5714250.190426649,5800559.982366913,6836586.885463077
2026-04-17,2245004.4745247727,2461309.5253953957,5440270.53752378,5885398.829456139,5705678.815141008,5730841.814736844,6754416.489510417
2026-04-20,2241636.9678129856,2431366.6045557065,5374087.236166996,5813800.345217512,5627824.967049448,5661123.585057512,6672246.020425993
2026-04-21,2260331.6188893737,2455321.015239531,5427034.040842454,5871079.309583542,5683271.657098074,5716898.341128546,6737982.598800196
2026-04-22,2254818.614940863,2449332.4273974835,5413797.372450155,5856759.603950411,5669410.018910031,5702954.686637988,6721548.494900684
2026-04-23,2304435.6889560395,2445658.4287563874,5532927.480367538,5985637.054594451,5794164.859351163,5828447.674374181,6869455.544699823
2026-04-24,2326487.767328961,2465363.8789014067,5585874.304188006,6042916.039671954,5849611.569448733,5819705.002862619,6935192.146843685
2026-04-27,2513929.6453316193,2663994.811722407,6035920.414280338,6529785.3656125525,6320906.623547554,6279171.768905973,7493950.915563168
2026-04-28,2510158.750863622,2623100.324608535,5943264.12661942,6429547.849264785,6223875.565781519,6182781.375103633,7378912.673821869
2026-04-29,2428248.5995559758,2541310.9816521993,5757950.715854352,6229071.912769231,6029812.575360734,5989999.718386837,7148835.153087265
2026-04-30,2461741.6940762564,2576363.5577885425,5837370.750361729,6314990.172697869,6112982.429782997,6072620.429783961,7247439.80647244
2026-05-04,2456159.6002699095,2572499.0124518597,5824134.288067836,6300670.690026319,6099121.0074243015,6058850.529809905,7231005.958456243
2026-05-05,2511981.0810505,2627024.0192020717,5956500.197917192,6443866.908948528,6237736.578683197,6196550.868324181,7395346.036393339
2026-05-06,2511981.0810505,2627024.0192020717,5956500.197917192,6443866.908948528,6237736.578683197,6196550.868324181,7395346.036393339
2026-05-07,2508213.109428924,2726267.237674406,6181523.740203627,6434201.108585105,6473384.615977944,6430642.9996122755,7674726.025690589
2026-05-08,2508213.109428924,2685402.485568224,6088867.220038943,6328264.742344066,6376353.314730468,6334252.363936122,7559687.495282162
2026-05-11,2508213.109428924,2644537.417766804,5996209.984068564,6231964.478547107,6279321.263880506,6237860.983606858,7444648.076158781
2026-05-12,2471285.0241805036,2640570.6116401535,5916790.481472446,6149422.419413437,6196151.966483712,6155240.825557348,7346044.0831727795
2026-05-13,2438113.389203357,2601224.8479883093,5837370.417753675,6066879.777095315,6112982.08147084,6072620.083771594,7247439.393519938
2026-05-14,2487870.916818696,2654311.1883450123,5956500.693256262,6190693.927571064,6237737.097409719,6196551.383625723,7395346.651385986
2026-05-15,2554214.0193017228,2725092.6899091667,6115340.419731394,6355778.79548016,6404076.4475416,6361792.4500757875,7592555.532873209
2026-05-18,2460227.733200322,2624818.6567736594,6106167.409101797,6121908.007928645,6168428.472600787,6127700.380729926,7313175.617501639
2026-05-19,2456537.3916005213,2618920.160544543,6083320.640031172,6108150.847521934,6154566.771339514,6113930.203694792,7296741.438823664
2026-05-20,2456537.3916005213,2614991.7803037264,6042217.958142196,6066880.397372805,6112982.706461827,6072620.704635973,7247440.134497786
2026-05-21,2456537.3916005213,2652520.791767374,6138126.1487719165,6163180.055165661,6210014.146702654,6169011.478387751,7362478.829694179
2026-05-22,2458333.019300846,2658441.3647776977,6151826.785586215,6176936.613683743,6223875.241501536,6182781.052964764,7378912.289361472
2026-05-25,2491183.755867731,2693966.1518049897,6234033.728075997,6259479.099137639,6307044.968458168,6265401.63773787,7477516.791625735
2026-05-26,2540460.0465328996,2747253.5332860993,6357344.606800853,6383293.294206607,6431800.029329131,6389332.982227412,7625424.102762438
2026-05-27,2529509.691363937,2735411.819038428,6329942.0182535695,6355778.8568846695,6404076.509412723,6361792.511538397,7592555.606226478
2026-05-28,2573310.603495975,2731308.7013098705,6439551.099843179,6465835.328378541,6514969.301574505,6471953.1152915675,7724028.065929376
2026-05-29,2569450.637590731,2715613.0621279664,6412149.628563415,6438322.012884459,6487246.912010738,6444413.767491849,7691160.909518767
2026-06-01,2582048.4024075726,2733020.838167248,6453253.151823436,6479593.307838847,6528831.82811337,6485724.112155258,7740463.223041322
2026-06-02,2620422.5778603894,2773638.7526347856,6549160.830571289,6575892.451660494,6625862.750477313,6582114.371449522,7855501.304252386
2026-06-03,2658796.95915878,2814256.884983694,6645069.02378417,6672192.112047055,6722894.1933315545,6678505.147797459,7970540.002547196
2026-06-04,2614940.641015233,2767836.286802868,6535459.954092322,6562135.652499507,6612001.413206877,6568344.556001916,7839067.557115268
2026-06-05,2625904.8178666327,2763684.5323726637,6562862.464733668,6552292.449020758,6639724.854304936,6595884.948392992,7871935.960205639
2026-06-08,2621965.9606398325,2569430.0906646783,6110722.95857459,6091743.534452985,6182290.018089849,6141470.403021359,7329609.611498939
2026-06-09,2706089.792965438,2655846.15110708,6316241.141946665,6296623.394537725,6390215.172316365,6348022.696263718,7576121.8592957435
2026-06-10,2682609.503384991,2632801.8172231056,6261436.171520934,6241988.644032735,6334768.341572832,6292941.962594424,7510385.114116241
2026-06-11,2636794.9880232564,2587837.9344263854,6154501.239953484,6135385.843938663,6226581.018322168,6185468.964436478,7382120.208713855
2026-06-12,2736852.0296594575,2686037.22907339,6388042.7893015165,6368202.031632248,6462857.740263488,6420185.629374476,7662245.554992845
2026-06-15,2778051.7828223705,2682008.1732297796,6484206.477824383,6464067.043314102,6560147.670716546,6516833.186613156,7777590.711442027
2026-06-16,2773884.705148137,2695012.467375696,6474480.1681076465,6505152.578480465,6601843.893236474,6558254.102774423,7827024.987810656
2026-06-17,2773884.705148137,2672317.536379094,6410342.501885092,6450372.131013837,6546249.199920179,6503026.482820002,7761112.939477901
2026-06-18,2816774.514129267,2717707.3690328263,6519223.414969965,6559932.955128223,6657438.514681259,6613481.651331877,7892936.950933868
2026-06-22,2887340.653008647,2785791.667110185,6682543.702972743,6724273.102921023,6824221.382266652,6779163.306836482,8090671.658576223
2026-06-23,2952026.6555587305,2848202.6357275937,6832254.83545069,6874919.112296387,6977106.564441349,6931039.038747962,8271929.525393293
2026-06-24,2863818.6382735292,2843930.3317740024,6628103.680010575,6669493.127151608,6768627.167658785,6723936.162429737,8024760.177791397
2026-06-25,2834415.9828497763,2810516.094267365,6560053.334219912,6601017.838371817,6699134.075588367,6654901.910248733,7942370.442906476
2026-06-26,2830164.3588755014,2752206.6064258832,6423952.58357437,6464067.20137919,6560147.831131083,6516833.34596853,7777590.901626559
2026-06-29,2790002.8777353736,2717221.11278163,6342292.597816437,6381897.286714403,6476756.558936787,6433992.6787476465,7678723.73939348
2026-06-30,2921719.7104579085,2845501.8975931876,6641714.042808649,6683188.4803811535,6782526.085938319,6737743.310751474,8041238.480283356
2026-07-01,2987578.1610952294,2909642.3233808735,6791424.843221795,6833834.155618124,6935410.929008055,6889618.705796991,8222495.945063806
2026-07-02,2933693.7345635435,2905277.859895802,6668933.643568663,6710578.0549800275,6810322.773813418,6765356.466295363,8074193.72340864
2026-07-03,2891783.986788082,2859484.8243743647,6573663.532840886,6614713.026399053,6713032.826210055,6668708.892019615,7958848.5466263695
2026-07-06,2887446.3108079,2918687.5031919805,6709764.444261181,6751663.825170395,6852019.234850702,6806777.619399134,8123628.282559069
2026-07-07,2900665.8536168537,2936448.1520979987,6750594.361957501,6741536.329432639,6893714.794171244,6848197.8767399,8173061.772650673
2026-07-08,2859728.907323931,2895006.212088087,6655323.57490832,6636438.719845493,6796424.1559076775,6751549.616364149,8057715.777034339
2026-07-09,2865577.286543685,2900926.7362778005,6668934.255276151,6650010.779142063,6810323.398489814,6765357.086847228,8074194.464013514
2026-07-13,2877273.3870554273,2896575.3461733838,6696154.08484494,6677153.370913102,6838120.320024702,6792970.474508126,8107149.984161555
2026-07-14,2818792.096749292,2833451.5614516456,6560053.10371044,6541438.583969419,6699133.840191827,6654901.676406438,7942370.163824657
2026-07-15,2814563.9086041683,2851087.2774052154,6600883.599897958,6582153.22132694,6740829.990268252,6696322.520602522,7991804.354305597
2026-07-16,2816142.8215267304,2856965.7092112172,6614493.440750209,6595724.443490101,6730718.745282849,6710129.139431877,8008282.024868686
2026-07-17,2752402.9824904245,2792301.8956271308,6604571.700589083,6446438.5439461395,6568524.633119277,6558253.833964117,7827024.666995855
2026-07-20,2665485.1778422142,2704124.1279721395,6386427.080019249,6242867.232040198,6361097.979202546,6351151.520385712,7579855.991002374
2026-07-21,2723430.491097636,2700067.941780181,6525262.411316871,6378581.697976721,6499382.67803239,6489219.99191228,7744635.42158438
2026-07-22,2827732.0221250737,2799275.8236747906,6775165.928987277,6622867.659765461,6748295.057572788,6737743.1624293,8041238.303266525
2026-07-23,2823490.4240918863,2736177.423402313,6622447.097893855,6473581.7798199365,6596181.922061717,6727636.547685656,7859980.969189383
2026-07-24,2823490.4240918863,2701760.044062929,6539145.747632804,6392152.952180703,6513210.951882125,6633062.463947972,7761113.131050236
2026-07-27,2823490.4240918863,2673078.9395612,6469728.064536914,6324295.702157554,6444068.585089321,6562647.788109884,7678723.395051826
2026-07-28,2746662.3692551698,2604244.143560793,6303125.273684202,6161437.958579009,6278126.554757786,6393652.209628681,7480987.611562876
2026-07-29,2734562.609783466,2600337.7773454515,6275358.373541947,6134295.227774842,6250469.780450252,6365486.514875593,7448031.922606008
2026-07-30,2668013.552043348,2533255.368498907,6122639.549241982,5985009.354470064,6098356.651705695,6210574.307670382,7266774.596591814
2026-07-31,2843461.094691403,2699841.2649471215,6525261.965687958,6378581.262365056,6499382.234170878,6618979.279931262,7744634.892680982
2026-08-03,2891860.6708780774,2745796.236245548,6636330.801564046,6487153.393120457,6610010.561808753,6731643.31199245,7876459.11465683
2026-08-04,2887522.8798717605,2682608.4352468145,6483611.839932585,6337867.385571244,6457897.2962773675,6576730.965483357,7695201.625648062
2026-08-05,2887522.8798717605,2740051.8237949545,6622447.097893855,6473581.7798199365,6596181.922061717,6717560.207374593,7859980.969189383
2026-08-06,2887522.8798717605,2735941.746059262,6650214.26472378,6463871.407150206,6623838.961999215,6745726.172645582,7892936.974669733
2026-08-07,2887522.8798717605,2726140.787117303,6636330.801564046,6440715.892834583,6610010.561808753,6731643.31199245,7876459.11465683
2026-08-10,2883197.8499499434,2726140.567000865,6636330.265727634,6440715.372792681,6610010.028097512,6731642.768460232,7876458.478688896
2026-08-11,2883197.9465557346,2726140.658344221,6636330.488087656,6440715.588598337,6610010.249575636,6731642.994013839,7876458.742601241
2026-08-12,2901293.4588951934,2743250.4485274088,6677981.391862532,6481138.7751324605,6651495.96240296,6773892.097655344,7925892.933041838
2026-08-13,2943515.856298034,2783172.8528805873,6775165.764340098,6575458.50557807,6748294.893578614,6872472.254458951,8041238.107851799
2026-08-14,2937484.100361177,2778998.0936012664,6761282.317361273,6561984.292149352,6734466.5095048845,6858389.410219121,8024760.2670435235
2026-08-17,2933077.8742106357,2746346.7959283344,6751140.393885231,6494612.862109277,6665324.216700992,6787974.809731435,7942370.619209969
2026-08-18,2934760.825743015,2752044.488165382,6755014.086490223,6508086.872508084,6679152.392408155,6802057.441770485,7958848.211729574
2026-08-19,2843619.2872758443,2666577.3637642013,6545231.275294951,6305972.59974168,6471725.531806443,6590813.658445119,7711679.289451189
2026-08-20,2873999.6996728242,2695066.311058273,6615158.647874972,6373343.801295083,6540867.590117876,6661228.020125381,7794068.657864573
2026-08-21,2886152.1429882203,2706462.1510022017,6643130.237607499,6400292.899196377,6568525.046947628,6689394.409959979,7827025.160111873
2026-08-24,2928684.683387529,2702402.4577756985,6741028.474155891,6494612.499416977,6665323.844475299,6787974.430656307,7942370.175667494
2026-08-25,2924291.656362448,2636774.3585736803,6587187.943230266,6346395.5561275305,6513211.008436031,6633062.521542543,7761113.198439618
2026-08-26,2944709.4380591903,2659167.4343819837,6643130.310273037,6400292.969205651,6568525.118797102,6689394.483131576,7827025.245727386
2026-08-27,3012902.6762998695,2720748.1241542767,6796971.148373147,6548510.208440925,6720638.258561152,6844306.701559053,8008282.584872359
2026-08-28,3025301.2126884167,2731944.401713041,6824941.68149986,6575458.288360266,6748294.670651225,6872472.027429409,8041237.842212516
2026-08-31,2969506.926123136,2681560.364516911,6699072.313394678,6454190.031665654,6623838.86932403,6745726.078265053,7892936.864238395
2026-09-01,2969506.8536375146,2677538.023970136,6699072.149870418,6454189.874118967,6623838.707636218,6745725.913601976,7892936.671571919
2026-09-02,2965052.5933570582,2695853.588573927,6755014.1622521235,6508086.945500535,6679152.4673192175,6802057.518060007,7958848.300993262
2026-09-03,2923833.9237057096,2662364.7538548154,6671101.017352966,6427241.2167194085,6596181.70288682,6717559.984166595,7859980.708021553
2026-09-04,2960611.839802557,2695853.7378708352,6755014.536346152,6417600.35489433,6679152.83721201,6802057.894759306,7958848.741755865
2026-09-07,2985130.3877808796,2718179.6700737323,6810956.739162823,6461056.649723424,6734466.785191308,6858389.690978532,8024760.595550236
2026-09-08,3021907.9398694546,2751668.3226335817,6894869.427624583,6540658.481675254,6817437.098312295,6942886.765255819,8123627.65074128
2026-09-09,3040296.7989856694,2747540.8201496312,6936825.96139469,6580459.577453175,6858922.442283408,6985135.49325368,8173061.4016544605
2026-09-10,3035736.3537871907,2704708.1619648878,6838927.66680886,6487590.623581637,6762123.587370085,6886555.41411573,8057716.317718353
2026-09-11,3035736.3537871907,2688114.897144811,6796971.148373147,6447789.542350333,6720638.258561152,6844306.701559053,8008282.584872359
2026-09-14,2975056.2311319457,2638334.815939971,6671100.868024507,6328385.610862567,6596181.555235383,6717559.83379818,7859980.532080759
2026-09-15,3000004.325417379,2660459.246751004,6661094.21672247,6381453.905586633,6651495.521284769,6773891.648420007,7925892.407407368
2026-09-16,2971303.0396070117,2635006.4163730973,6587485.756994624,6320402.016134959,6587860.121693733,6709085.275108291,7850064.74897372
2026-09-17,3008835.2885283637,2631053.906748538,6670696.103398766,6400238.673180874,6671075.196915128,6793831.615425448,7949223.461592335
2026-09-18,3077644.4115508418,2687192.749587221,6823248.405139694,6546605.877765052,6823636.168154351,6949199.906006903,8131014.434726464
2026-09-21,3073027.9449335155,2670807.4279433964,6781643.231937623,6506687.549242095,6782028.630543654,6906826.735848325,8081435.078417156
2026-09-22,3143724.087512272,2736348.7145186947,6948063.924745908,6666360.863333926,6948458.780986443,7076319.4164826395,8279752.503654386
2026-09-23,3106074.6972426637,2703578.0712310453,6864853.578341765,6586524.20628801,6865243.705765048,6991573.076165482,8180593.79103577
2026-09-24,3112349.595620932,2709039.8451123205,6878721.969409122,6599830.315795663,6879112.884968614,7005697.466218342,8197120.243138873
2026-09-29,3106074.6972426637,2704976.285344652,6864853.578341765,6586524.20628801,6865243.705765048,6991573.076165482,8180593.79103577
2026-09-30,3131174.290755736,2722750.5537390504,6920327.1426111935,6639748.64431862,6920720.422579312,7048070.63637692,8246699.599448181
2026-10-01,3126477.5293196025,2717294.1398037015,6906458.751543837,6626442.534810968,6906851.243375746,7033946.2463240605,8230173.147345078
2026-10-02,3140600.8300583675,2733663.381609748,6948063.924745908,6666360.863333926,6948458.780986443,7076319.4164826395,8279752.503654386
2026-10-05,3197018.809041452,2782771.1070278874,7072879.444352122,6786115.848902798,7073281.393818535,7203438.926958376,8428490.57258231
2026-10-06,3228362.1306987214,2810053.176704631,7142221.399688907,6852646.396441061,7142627.289836364,7274060.877222673,8511122.833097823
2026-10-07,3211001.06483276,2805838.0969395745,7103812.890627862,6842367.4268464,7104216.598032089,7234943.37897128,8465352.82399828
